{
  "ruleChain": {
    "name": "Device Activity",
    "type": "CORE",
    "firstRuleNodeId": null,
    "root": false,
    "debugMode": false,
    "configuration": null,
    "additionalInfo": {
      "description": ""
    }
  },
  "metadata": {
    "version": 2,
    "firstNodeIndex": null,
    "nodes": [
      {
        "type": "org.thingsboard.rule.engine.debug.TbMsgGeneratorNode",
        "name": "test",
        "debugMode": true,
        "singletonMode": false,
        "queueName": null,
        "configurationVersion": 2,
        "configuration": {
          "msgCount": 0,
          "periodInSeconds": 30,
          "scriptLang": "JS",
          "jsScript": "var msg = {\"username\":\"tenant@thingsboard.org\", \"password\":\"tenant\"};\nvar metadata = { data: 40 };\nvar msgType = \"POST_TELEMETRY_REQUEST\";\n\nreturn { msg: msg, metadata: metadata, msgType: msgType };",
          "tbelScript": "var msg = { temp: 42, humidity: 77 };\nvar metadata = { data: 40 };\nvar msgType = \"POST_TELEMETRY_REQUEST\";\n\nreturn { msg: msg, metadata: metadata, msgType: msgType };",
          "originatorId": null,
          "originatorType": "RULE_NODE"
        },
        "additionalInfo": {
          "description": "",
          "layoutX": 53,
          "layoutY": 148
        }
      },
      {
        "type": "org.thingsboard.rule.engine.rest.TbRestApiCallNode",
        "name": "get credential",
        "debugMode": true,
        "singletonMode": false,
        "queueName": null,
        "configurationVersion": 3,
        "configuration": {
          "restEndpointUrlPattern": "http://localhost:8080/api/auth/login",
          "requestMethod": "POST",
          "useSimpleClientHttpFactory": false,
          "parseToPlainText": false,
          "ignoreRequestBody": false,
          "enableProxy": false,
          "useSystemProxyProperties": false,
          "proxyScheme": null,
          "proxyHost": null,
          "proxyPort": 0,
          "proxyUser": null,
          "proxyPassword": null,
          "readTimeoutMs": 0,
          "maxParallelRequestsCount": 0,
          "headers": {
            "Content-Type": "application/json",
            "accept": "application/json"
          },
          "credentials": {
            "type": "anonymous"
          },
          "maxInMemoryBufferSizeInKb": 256
        },
        "additionalInfo": {
          "description": "",
          "layoutX": 797,
          "layoutY": 255
        }
      },
      {
        "type": "org.thingsboard.rule.engine.transform.TbTransformMsgNode",
        "name": "Access Token",
        "debugMode": true,
        "singletonMode": false,
        "queueName": null,
        "configurationVersion": 0,
        "configuration": {
          "scriptLang": "JS",
          "jsScript": "msg.token = \"Bearer \"+JSON.parse(metadata.token);\n\nreturn {msg: msg, metadata: metadata, msgType: msgType};",
          "tbelScript": "return {msg: msg, metadata: metadata, msgType: msgType};"
        },
        "additionalInfo": {
          "description": "",
          "layoutX": 282,
          "layoutY": 256
        }
      },
      {
        "type": "org.thingsboard.rule.engine.transform.TbChangeOriginatorNode",
        "name": "change",
        "debugMode": false,
        "singletonMode": false,
        "queueName": null,
        "configurationVersion": 0,
        "configuration": {
          "originatorSource": "ENTITY",
          "entityType": "DEVICE",
          "entityNamePattern": "credential",
          "relationsQuery": {
            "direction": "FROM",
            "maxLevel": 1,
            "filters": [
              {
                "relationType": "Contains",
                "entityTypes": [],
                "negate": false
              }
            ],
            "fetchLastLevelOnly": false
          }
        },
        "additionalInfo": {
          "description": "",
          "layoutX": 50,
          "layoutY": 252
        }
      },
      {
        "type": "org.thingsboard.rule.engine.metadata.TbGetTelemetryNode",
        "name": "get token",
        "debugMode": false,
        "singletonMode": false,
        "queueName": null,
        "configurationVersion": 1,
        "configuration": {
          "latestTsKeyNames": [
            "token"
          ],
          "aggregation": "NONE",
          "fetchMode": "LAST",
          "orderBy": "DESC",
          "limit": 1000,
          "useMetadataIntervalPatterns": false,
          "startIntervalPattern": "",
          "endIntervalPattern": "",
          "startInterval": 18,
          "startIntervalTimeUnit": "DAYS",
          "endInterval": 1,
          "endIntervalTimeUnit": "SECONDS"
        },
        "additionalInfo": {
          "description": "",
          "layoutX": 54,
          "layoutY": 371
        }
      },
      {
        "type": "org.thingsboard.rule.engine.rest.TbRestApiCallNode",
        "name": "get credential",
        "debugMode": true,
        "singletonMode": false,
        "queueName": null,
        "configurationVersion": 3,
        "configuration": {
          "restEndpointUrlPattern": "http://localhost:8080/api/tenant/deviceInfos?pageSize=1000&page=0",
          "requestMethod": "GET",
          "useSimpleClientHttpFactory": false,
          "parseToPlainText": false,
          "ignoreRequestBody": false,
          "enableProxy": false,
          "useSystemProxyProperties": false,
          "proxyScheme": null,
          "proxyHost": null,
          "proxyPort": 0,
          "proxyUser": null,
          "proxyPassword": null,
          "readTimeoutMs": 0,
          "maxParallelRequestsCount": 0,
          "headers": {
            "accept": "application/json",
            "X-Authorization": "$[token] "
          },
          "credentials": {
            "type": "anonymous"
          },
          "maxInMemoryBufferSizeInKb": 256
        },
        "additionalInfo": {
          "description": "",
          "layoutX": 506,
          "layoutY": 153
        }
      },
      {
        "type": "org.thingsboard.rule.engine.telemetry.TbMsgTimeseriesNode",
        "name": "save",
        "debugMode": false,
        "singletonMode": false,
        "queueName": null,
        "configurationVersion": 0,
        "configuration": {
          "defaultTTL": 0,
          "skipLatestPersistence": false,
          "useServerTs": false
        },
        "additionalInfo": {
          "description": "",
          "layoutX": 781,
          "layoutY": 371
        }
      },
      {
        "type": "org.thingsboard.rule.engine.transform.TbTransformMsgNode",
        "name": "take device information",
        "debugMode": true,
        "singletonMode": false,
        "queueName": null,
        "configurationVersion": 0,
        "configuration": {
          "scriptLang": "JS",
          "jsScript": "var comeout = {};\nvar metadata2 = {};\n\nfor(var i = 0;i<msg.data.length; i++){\n    comeout[msg.data[i].name] = msg.data[i].active;\n}\n\ndelete comeout.credential;\ncomeout.counter = 1;\n\nreturn {msg: comeout, metadata: metadata, msgType: msgType};",
          "tbelScript": "return {msg: msg, metadata: metadata, msgType: msgType};"
        },
        "additionalInfo": {
          "description": "",
          "layoutX": 806,
          "layoutY": 154
        }
      },
      {
        "type": "org.thingsboard.rule.engine.transform.TbTransformMsgNode",
        "name": "get new token",
        "debugMode": true,
        "singletonMode": false,
        "queueName": null,
        "configurationVersion": 0,
        "configuration": {
          "scriptLang": "JS",
          "jsScript": "delete msg.token;\nreturn {msg: msg, metadata: metadata, msgType: msgType};",
          "tbelScript": "return {msg: msg, metadata: metadata, msgType: msgType};"
        },
        "additionalInfo": {
          "description": "",
          "layoutX": 495,
          "layoutY": 372
        }
      },
      {
        "type": "org.thingsboard.rule.engine.telemetry.TbMsgTimeseriesNode",
        "name": "save",
        "debugMode": false,
        "singletonMode": false,
        "queueName": null,
        "configurationVersion": 0,
        "configuration": {
          "defaultTTL": 0,
          "skipLatestPersistence": false,
          "useServerTs": false
        },
        "additionalInfo": {
          "description": "",
          "layoutX": 1419,
          "layoutY": 445
        }
      },
      {
        "type": "org.thingsboard.rule.engine.metadata.TbGetTelemetryNode",
        "name": "get",
        "debugMode": false,
        "singletonMode": false,
        "queueName": null,
        "configurationVersion": 1,
        "configuration": {
          "latestTsKeyNames": [
            "timing"
          ],
          "aggregation": "NONE",
          "fetchMode": "LAST",
          "orderBy": "DESC",
          "limit": 1000,
          "useMetadataIntervalPatterns": false,
          "startIntervalPattern": "",
          "endIntervalPattern": "",
          "startInterval": 7,
          "startIntervalTimeUnit": "DAYS",
          "endInterval": 1,
          "endIntervalTimeUnit": "SECONDS"
        },
        "additionalInfo": {
          "description": "",
          "layoutX": 1124,
          "layoutY": 159
        }
      },
      {
        "type": "org.thingsboard.rule.engine.transform.TbTransformMsgNode",
        "name": "Calculate activity",
        "debugMode": true,
        "singletonMode": false,
        "queueName": null,
        "configurationVersion": 0,
        "configuration": {
          "scriptLang": "JS",
          "jsScript": "delete msg.counter;\ndelete msg.WantedDelta;\nvar timer = msg.periodInMs/3600000;\ndelete msg.periodInMs;\nvar needTime = JSON.parse(metadata.timing);\nvar ObjNew = {};\nvar ObjTime ={};\nvar startObj = {};\nfor(var strt in msg){\n    startObj[\"A_\"+strt] = 0;\n    startObj[\"I_\"+strt] = 0;\n}\n\n\n\n\n\n\n\n\n\nif(needTime == \"test\"){\n    ObjTime = startObj;\n}else{\n    ObjNew = JSON.parse(needTime);\n    for(var key2 in ObjNew){\n        startObj[key2] = ObjNew[key2];\n        var neededName = key2.split(\"_\")[1];\n        if(msg[neededName]){\n            startObj[\"A_\"+neededName] = startObj[\"A_\"+neededName] +timer;\n        }else{\n            startObj[\"I_\"+neededName] = startObj[\"I_\"+neededName]+timer;\n        }\n    }\n    ObjTime = startObj;\n}\n\n\n\nvar toStringVal = JSON.stringify(ObjTime);\nmsg.timing = toStringVal;\nreturn {msg:msg, metadata: metadata, msgType: msgType};",
          "tbelScript": "return {msg: msg, metadata: metadata, msgType: msgType};"
        },
        "additionalInfo": {
          "description": "",
          "layoutX": 1117,
          "layoutY": 345
        }
      },
      {
        "type": "org.thingsboard.rule.engine.metadata.CalculateDeltaNode",
        "name": "get time",
        "debugMode": true,
        "singletonMode": false,
        "queueName": null,
        "configurationVersion": 1,
        "configuration": {
          "inputValueKey": "counter",
          "outputValueKey": "WantedDelta",
          "useCache": true,
          "addPeriodBetweenMsgs": true,
          "periodValueKey": "periodInMs",
          "round": null,
          "tellFailureIfDeltaIsNegative": false,
          "excludeZeroDeltas": false
        },
        "additionalInfo": {
          "description": "",
          "layoutX": 1121,
          "layoutY": 255
        }
      },
      {
        "type": "org.thingsboard.rule.engine.transform.TbTransformMsgNode",
        "name": "set value",
        "debugMode": true,
        "singletonMode": false,
        "queueName": null,
        "configurationVersion": 0,
        "configuration": {
          "scriptLang": "JS",
          "jsScript": "var dummy = {\"timing\":\"test\"};\n\n\nreturn {msg: dummy, metadata: metadata, msgType: msgType};",
          "tbelScript": "var dummy = {\"timing\":\"test\"};\n\n\nreturn {msg: dummy, metadata: metadata, msgType: msgType};"
        },
        "additionalInfo": {
          "description": "",
          "layoutX": 1417,
          "layoutY": 152
        }
      },
      {
        "type": "org.thingsboard.rule.engine.telemetry.TbMsgTimeseriesNode",
        "name": "save",
        "debugMode": false,
        "singletonMode": false,
        "queueName": null,
        "configurationVersion": 0,
        "configuration": {
          "defaultTTL": 0,
          "skipLatestPersistence": false,
          "useServerTs": false
        },
        "additionalInfo": {
          "description": "",
          "layoutX": 1426,
          "layoutY": 251
        }
      },
      {
        "type": "org.thingsboard.rule.engine.transform.TbTransformMsgNode",
        "name": "Reset end of the day",
        "debugMode": true,
        "singletonMode": false,
        "queueName": null,
        "configurationVersion": 0,
        "configuration": {
          "scriptLang": "JS",
          "jsScript": "var timingNew = JSON.parse(msg.timing);\nvar lastTiming = {};\n\nfor (var key in timingNew){\n    lastTiming[key] = 0;\n}\n\n\nvar now = new Date();\n\nvar hours = now.getHours();\nvar minutes = now.getMinutes();\nvar seconds = now.getSeconds();\n\nvar valll = hours+\":\"+minutes+\":\"+seconds;\n\nif(hours == 0 && minutes >-1){\n    msg.timing = JSON.stringify(lastTiming);\n}\n\n\n\nreturn {msg: msg, metadata: metadata, msgType: msgType};",
          "tbelScript": "var dummy = {\"timing\":\"test\"};\n\n\nreturn {msg: dummy, metadata: metadata, msgType: msgType};"
        },
        "additionalInfo": {
          "description": "",
          "layoutX": 1417,
          "layoutY": 346
        }
      }
    ],
    "connections": [
      {
        "fromIndex": 0,
        "toIndex": 3,
        "type": "Success"
      },
      {
        "fromIndex": 1,
        "toIndex": 6,
        "type": "Success"
      },
      {
        "fromIndex": 2,
        "toIndex": 5,
        "type": "Success"
      },
      {
        "fromIndex": 2,
        "toIndex": 8,
        "type": "Failure"
      },
      {
        "fromIndex": 3,
        "toIndex": 4,
        "type": "Success"
      },
      {
        "fromIndex": 4,
        "toIndex": 2,
        "type": "Success"
      },
      {
        "fromIndex": 5,
        "toIndex": 7,
        "type": "Success"
      },
      {
        "fromIndex": 5,
        "toIndex": 8,
        "type": "Failure"
      },
      {
        "fromIndex": 7,
        "toIndex": 10,
        "type": "Success"
      },
      {
        "fromIndex": 8,
        "toIndex": 1,
        "type": "Success"
      },
      {
        "fromIndex": 10,
        "toIndex": 12,
        "type": "Success"
      },
      {
        "fromIndex": 11,
        "toIndex": 13,
        "type": "Failure"
      },
      {
        "fromIndex": 11,
        "toIndex": 15,
        "type": "Success"
      },
      {
        "fromIndex": 12,
        "toIndex": 11,
        "type": "Success"
      },
      {
        "fromIndex": 13,
        "toIndex": 14,
        "type": "Success"
      },
      {
        "fromIndex": 15,
        "toIndex": 9,
        "type": "Success"
      }
    ],
    "ruleChainConnections": null
  }
}