{
  "ruleChain": {
    "name": "DPM Rule Chain",
    "type": "CORE",
    "firstRuleNodeId": null,
    "root": false,
    "debugMode": true,
    "configuration": null,
    "additionalInfo": {
      "description": ""
    }
  },
  "metadata": {
    "version": 35,
    "firstNodeIndex": 2,
    "nodes": [
      {
        "type": "org.thingsboard.rule.engine.transform.TbTransformMsgNode",
        "name": "IEEE754 Hex to Float Converter",
        "debugMode": true,
        "singletonMode": false,
        "queueName": null,
        "configurationVersion": 0,
        "configuration": {
          "scriptLang": "JS",
          "jsScript": "function swap(val) {\r\n    return ((val & 0xFFFF) << 16) | ((val >> 16) & 0xFFFF);\r\n}\r\n\r\nfunction IEEE754converter(val) {\r\n    var intval = val;\r\n    var fval = 0.0;\r\n    var x;//exponent\r\n    var m;//mantissa\r\n    var s;//sign\r\n    s = (intval & 0x80000000)?-1:1;\r\n    x = ((intval >> 23) & 0xFF);\r\n    m = (intval & 0x7FFFFF);\r\n    switch(x) {\r\n        case 0:\r\n            //zero, do nothing, ignore negative zero and subnormals\r\n            break;\r\n        case 0xFF:\r\n            if (m) fval = NaN;\r\n            else if (s > 0) fval = Number.POSITIVE_INFINITY;\r\n            else fval = Number.NEGATIVE_INFINITY;\r\n            break;\r\n        default:\r\n            x -= 127;\r\n            m += 0x800000;\r\n            fval = s * (m / 8388608.0) * Math.pow(2, x);\r\n            break;\r\n    }\r\n    return fval.toFixed(2);\r\n}\r\n\r\nif ('pf1' in msg && msg.pf1 !== 4290772992) {\r\n    var pfx1 = IEEE754converter(msg.pf1);\r\n    msg[\"Power Factor 1\"] = parseFloat(pfx1);\r\n}\r\n\r\nif ('pf2' in msg && msg.pf2 !== 4290772992) {\r\n    var pfx2 = IEEE754converter(msg.pf2);\r\n    msg[\"Power Factor 2\"] = parseFloat(pfx2);\r\n}\r\n\r\nif ('pf3' in msg && msg.pf3 !== 4290772992) {\r\n    var pfx3 = IEEE754converter(msg.pf3);\r\n    msg[\"Power Factor 3\"] = parseFloat(pfx3);\r\n}\r\n\r\nif ('amp1' in msg) {\r\n    var i1 = IEEE754converter(msg.amp1);\r\n    msg[\"Raw Current 1 (A)\"] = parseFloat(i1);\r\n    msg[\"Current 1 (A)\"] = parseFloat(i1);\r\n}\r\n\r\nif ('amp2' in msg) {\r\n    var i2 = IEEE754converter(msg.amp2);\r\n    msg[\"Raw Current 2 (A)\"] = parseFloat(i2);\r\n    msg[\"Current 2 (A)\"] = parseFloat(i2);\r\n}\r\n\r\nif ('amp3' in msg) {\r\n    var i3 = IEEE754converter(msg.amp3);\r\n    msg[\"Raw Current 3 (A)\"] = parseFloat(i3);\r\n    msg[\"Current 3 (A)\"] = parseFloat(i3);\r\n}\r\n\r\nif ('volt1' in msg) {\r\n    var v1 = IEEE754converter(msg.volt1);\r\n    msg[\"Raw Voltage 1 (V)\"] = parseFloat(v1);\r\n    msg[\"Voltage 1 (V)\"] = parseFloat(v1);\r\n}\r\n\r\nif ('volt2' in msg) {\r\n    var v2 = IEEE754converter(msg.volt2);\r\n    msg[\"Raw Voltage 2 (V)\"] = parseFloat(v2);\r\n    msg[\"Voltage 2 (V)\"] = parseFloat(v2);\r\n}\r\n\r\nif ('volt3' in msg) {\r\n    var v3 = IEEE754converter(msg.volt3);\r\n    msg[\"Raw Voltage 3 (V)\"] = parseFloat(v3);\r\n    msg[\"Voltage 3 (V)\"] = parseFloat(v3);\r\n}\r\n\r\nif ('pwr1' in msg) {\r\n    var p1 = IEEE754converter(msg.pwr1);\r\n    msg[\"Raw Power 1 (kW)\"] = parseFloat(p1);\r\n    msg[\"Power 1 (kW)\"] = parseFloat(p1);\r\n}\r\n\r\nif ('pwr2' in msg) {\r\n    var p2 = IEEE754converter(msg.pwr2);\r\n    msg[\"Raw Power 2 (kW)\"] = parseFloat(p2);\r\n    msg[\"Power 2 (kW)\"] = parseFloat(p2);\r\n}\r\n\r\nif ('pwr3' in msg) {\r\n    var p3 = IEEE754converter(msg.pwr3);\r\n    msg[\"Raw Power 3 (kW)\"] = parseFloat(p3);\r\n    msg[\"Power 3 (kW)\"] = parseFloat(p3);\r\n}\r\n\r\nif ('energy1' in msg) {\r\n    var e1 = IEEE754converter(msg.energy1);\r\n    msg[\"Energy 1 (kWh)\"] = parseFloat(e1);\r\n}\r\n\r\nif ('energy2' in msg) {\r\n    var e2 = IEEE754converter(msg.energy2);\r\n    msg[\"Energy 2 (kWh)\"] = parseFloat(e2);\r\n}\r\nif ('energy3' in msg) {\r\n    var e3 = IEEE754converter(msg.energy3);\r\n    msg[\"Energy 3 (kWh)\"] = parseFloat(e3);\r\n}\r\n\r\n\r\nif ('md1' in msg && msg.md1 !== 4290772992) {\r\n    var m1 = IEEE754converter(msg.md1);\r\n    msg[\"Max Demand 1 (kW)\"] = parseFloat(m1);\r\n}\r\n\r\nif ('md2' in msg && msg.md2 !== 4290772992) {\r\n    var m2 = IEEE754converter(msg.md2);\r\n    msg[\"Max Demand 2 (kW)\"] = parseFloat(m2);\r\n}\r\n\r\nif ('md3' in msg && msg.md3 !== 4290772992) {\r\n    var m3 = IEEE754converter(msg.md3);\r\n    msg[\"Max Demand 3 (kW)\"] = parseFloat(m3);\r\n}\r\n\r\nif ('pd3' in msg && msg.pd3 !== 4290772992) {\r\n    var p3 = IEEE754converter(msg.pd3);\r\n    msg[\"Present Demand 3 (kW)\"] = parseFloat(p3);\r\n}\r\n\r\nif ('mdt1' in msg && msg.mdt1 !== 4294967295) {\r\n    msg[\"Max Demand Time 1\"] = msg.mdt1;\r\n}\r\n\r\nif ('mdt2' in msg && msg.mdt2 !== 4294967295) {\r\n    msg[\"Max Demand Time 2\"] = msg.mdt2;\r\n}\r\n\r\nreturn {msg: msg, metadata: metadata, msgType: msgType};",
          "tbelScript": null
        },
        "additionalInfo": {
          "description": "",
          "layoutX": 667,
          "layoutY": 192
        }
      },
      {
        "type": "org.thingsboard.rule.engine.rest.TbRestApiCallNode",
        "name": "Send to SCM",
        "debugMode": true,
        "singletonMode": false,
        "queueName": null,
        "configurationVersion": 3,
        "configuration": {
          "restEndpointUrlPattern": "https://scmboard.com/api/v1/${deviceName}/telemetry",
          "requestMethod": "POST",
          "useSimpleClientHttpFactory": false,
          "ignoreRequestBody": false,
          "enableProxy": false,
          "useSystemProxyProperties": false,
          "proxyScheme": null,
          "proxyHost": null,
          "proxyPort": 0,
          "proxyUser": null,
          "proxyPassword": null,
          "readTimeoutMs": 0,
          "maxParallelRequestsCount": 0,
          "headers": {
            "Content-Type": "application/json"
          },
          "credentials": {
            "type": "anonymous"
          },
          "maxInMemoryBufferSizeInKb": 256
        },
        "additionalInfo": {
          "description": "",
          "layoutX": 2168,
          "layoutY": 465
        }
      },
      {
        "type": "org.thingsboard.rule.engine.filter.TbMsgTypeSwitchNode",
        "name": "Message Type Switch",
        "debugMode": true,
        "singletonMode": false,
        "queueName": null,
        "configurationVersion": 0,
        "configuration": {
          "version": 0
        },
        "additionalInfo": {
          "description": "",
          "layoutX": 357,
          "layoutY": 150
        }
      },
      {
        "type": "org.thingsboard.rule.engine.telemetry.TbMsgAttributesNode",
        "name": "Save Attributes",
        "debugMode": true,
        "singletonMode": false,
        "queueName": null,
        "configurationVersion": 2,
        "configuration": {
          "scope": "CLIENT_SCOPE",
          "notifyDevice": false,
          "sendAttributesUpdatedNotification": false,
          "updateAttributesOnlyOnValueChange": false
        },
        "additionalInfo": {
          "description": "",
          "layoutX": 730,
          "layoutY": 39
        }
      },
      {
        "type": "org.thingsboard.rule.engine.action.TbCreateAlarmNode",
        "name": "Create Inactivity Alarm",
        "debugMode": true,
        "singletonMode": false,
        "queueName": null,
        "configurationVersion": 0,
        "configuration": {
          "scriptLang": "TBEL",
          "alarmDetailsBuildJs": "var details = {};\nif (metadata.prevAlarmDetails) {\n    details = JSON.parse(metadata.prevAlarmDetails);\n    //remove prevAlarmDetails from metadata\n    delete metadata.prevAlarmDetails;\n    //now metadata is the same as it comes IN this rule node\n}\n\n\nreturn details;",
          "alarmDetailsBuildTbel": "var details = {};\nif (metadata.prevAlarmDetails != null) {\n    details = JSON.parse(metadata.prevAlarmDetails);\n    //remove prevAlarmDetails from metadata\n    metadata.remove('prevAlarmDetails');\n    //now metadata is the same as it comes IN this rule node\n}\n\n\nreturn details;",
          "useMessageAlarmData": false,
          "overwriteAlarmDetails": false,
          "alarmType": "Inactivity Timeout",
          "severity": "CRITICAL",
          "propagate": false,
          "relationTypes": [],
          "propagateToOwner": false,
          "propagateToOwnerHierarchy": false,
          "propagateToTenant": false,
          "dynamicSeverity": false
        },
        "additionalInfo": {
          "description": "",
          "layoutX": 715,
          "layoutY": 594
        }
      },
      {
        "type": "org.thingsboard.rule.engine.mail.TbMsgToEmailNode",
        "name": "Inactivity Email",
        "debugMode": false,
        "singletonMode": false,
        "queueName": null,
        "configurationVersion": 0,
        "configuration": {
          "fromTemplate": "sqcmboard@gmail.com",
          "toTemplate": "sqcmboard@gmail.com",
          "ccTemplate": "",
          "bccTemplate": "roslee@mimos.my, pannir@mimos.my, pannirk@gmail.com",
          "subjectTemplate": "AEL TB: Device ${deviceName} is Inactive",
          "mailBodyType": "false",
          "bodyTemplate": "AEL: Device ${deviceName} is Inactive"
        },
        "additionalInfo": {
          "description": "",
          "layoutX": 1020,
          "layoutY": 593
        }
      },
      {
        "type": "org.thingsboard.rule.engine.mail.TbSendEmailNode",
        "name": "Send Gmail",
        "debugMode": false,
        "singletonMode": false,
        "queueName": null,
        "configurationVersion": 0,
        "configuration": {
          "useSystemSmtpSettings": true,
          "smtpHost": "localhost",
          "smtpPort": 25,
          "username": null,
          "password": null,
          "smtpProtocol": "smtp",
          "timeout": 10000,
          "enableTls": false,
          "tlsVersion": "TLSv1.2",
          "enableProxy": false,
          "proxyHost": null,
          "proxyPort": null,
          "proxyUser": null,
          "proxyPassword": null
        },
        "additionalInfo": {
          "description": "",
          "layoutX": 1380,
          "layoutY": 592
        }
      },
      {
        "type": "org.thingsboard.rule.engine.action.TbClearAlarmNode",
        "name": "Clear Inactivity Alarm",
        "debugMode": false,
        "singletonMode": false,
        "queueName": null,
        "configurationVersion": 0,
        "configuration": {
          "scriptLang": "TBEL",
          "alarmDetailsBuildJs": "var details = {};\nif (metadata.prevAlarmDetails) {\n    details = JSON.parse(metadata.prevAlarmDetails);\n    //remove prevAlarmDetails from metadata\n    delete metadata.prevAlarmDetails;\n    //now metadata is the same as it comes IN this rule node\n}\n\n\nreturn details;",
          "alarmDetailsBuildTbel": "var details = {};\nif (metadata.prevAlarmDetails != null) {\n    details = JSON.parse(metadata.prevAlarmDetails);\n    //remove prevAlarmDetails from metadata\n    metadata.remove('prevAlarmDetails');\n    //now metadata is the same as it comes IN this rule node\n}\n\n\nreturn details;",
          "alarmType": "Inactivity Timeout"
        },
        "additionalInfo": {
          "description": "",
          "layoutX": 628,
          "layoutY": 698
        }
      },
      {
        "type": "org.thingsboard.rule.engine.mail.TbMsgToEmailNode",
        "name": "Activity Email",
        "debugMode": false,
        "singletonMode": false,
        "queueName": null,
        "configurationVersion": 0,
        "configuration": {
          "fromTemplate": "sqcmboard@gmail.com",
          "toTemplate": "sqcmboard@gmail.com",
          "ccTemplate": "",
          "bccTemplate": "roslee@mimos.my, pannir@mimos.my, pannirk@gmail.com",
          "subjectTemplate": "AEL TB: Device ${deviceName} is Active",
          "mailBodyType": "false",
          "bodyTemplate": "AEL: Device ${deviceName} is Active"
        },
        "additionalInfo": {
          "description": "",
          "layoutX": 943,
          "layoutY": 701
        }
      },
      {
        "type": "org.thingsboard.rule.engine.flow.TbRuleChainInputNode",
        "name": "Trigger Power Factor",
        "debugMode": true,
        "singletonMode": false,
        "queueName": null,
        "configurationVersion": 1,
        "configuration": {
          "ruleChainId": "7f1c9e20-8f58-11ee-acfa-479c5176bfc9",
          "forwardMsgToDefaultRuleChain": false
        },
        "additionalInfo": {
          "description": "",
          "layoutX": 1864,
          "layoutY": 469
        }
      },
      {
        "type": "org.thingsboard.rule.engine.metadata.TbGetTelemetryNode",
        "name": "Get Previous Telemetry",
        "debugMode": true,
        "singletonMode": false,
        "queueName": null,
        "configurationVersion": 1,
        "configuration": {
          "latestTsKeyNames": [
            "Voltage 1 (V)",
            "Voltage 2 (V)",
            "Voltage 3 (V)",
            "Current 1 (A)",
            "Current 2 (A)",
            "Current 3 (A)",
            "Power 1 (kW)",
            "Power 2 (kW)",
            "Power 3 (kW)",
            "Power Factor 1",
            "Power Factor 2",
            "Power Factor 3",
            "Energy 1 (kWh)",
            "Energy 2 (kWh)",
            "Energy 3 (kWh)",
            "Max Demand 1 (kW)",
            "Max Demand 2 (kW)",
            "Max Demand 3 (kW)"
          ],
          "aggregation": "NONE",
          "fetchMode": "LAST",
          "orderBy": "DESC",
          "limit": 1000,
          "useMetadataIntervalPatterns": false,
          "startIntervalPattern": "",
          "endIntervalPattern": "",
          "startInterval": 30,
          "startIntervalTimeUnit": "MINUTES",
          "endInterval": 30,
          "endIntervalTimeUnit": "SECONDS"
        },
        "additionalInfo": {
          "description": "",
          "layoutX": 1674,
          "layoutY": 411
        }
      },
      {
        "type": "org.thingsboard.rule.engine.transform.TbTransformMsgNode",
        "name": "Filter Telemetry",
        "debugMode": true,
        "singletonMode": false,
        "queueName": null,
        "configurationVersion": 0,
        "configuration": {
          "scriptLang": "JS",
          "jsScript": "if (typeof msg[\"Energy 1 (kWh)\"] !== undefined) {\r\n    if(msg[\"Energy 1 (kWh)\"] <= 0 || msg[\"Energy 1 (kWh)\"] > 1e7 || msg.energy1 == 1939406849 || msg.energy1 == 1227104256) {\r\n        msg[\"Energy 1 (kWh)\"] = parseFloat(JSON.parse(metadata[\"Energy 1 (kWh)\"]));\r\n    }\r\n}\r\n\r\nif (typeof msg[\"Energy 2 (kWh)\"] !== undefined) {\r\n    if(msg[\"Energy 2 (kWh)\"] <= 0 || msg[\"Energy 2 (kWh)\"] > 1e7 || msg.energy2 == 1939406849 || msg.energy2 == 1227104256) {\r\n        msg[\"Energy 2 (kWh)\"] = parseFloat(JSON.parse(metadata[\"Energy 2 (kWh)\"]));\r\n    }\r\n}\r\n\r\nif (typeof msg[\"Energy 3 (kWh)\"] !== undefined) {\r\n    if(msg[\"Energy 3 (kWh)\"] <= 0 || msg[\"Energy 3 (kWh)\"] > 1e7 || msg.energy3i == 1939406849 || msg.energy3i == 1227104256) {\r\n        msg[\"Energy 3 (kWh)\"] = parseFloat(JSON.parse(metadata[\"Energy 3 (kWh)\"]));\r\n    }\r\n}\r\n\r\nif (typeof msg[\"Max Demand 1 (kW)\"] !== undefined) {\r\n    if(msg[\"Max Demand 1 (kW)\"] <= 0 || msg.md1 == 1939406849 || msg[\"Max Demand 1 (kW)\"] > 1e5) {\r\n        msg[\"Max Demand 1 (kW)\"] = parseFloat(JSON.parse(metadata[\"Max Demand 1 (kW)\"]));\r\n    }\r\n}\r\n\r\nif (typeof msg[\"Max Demand 2 (kW)\"] !== undefined) {\r\n    if(msg[\"Max Demand 2 (kW)\"] <= 0 || msg.md2 == 1939406849 || msg[\"Max Demand 2 (kW)\"] > 1e5) {\r\n        msg[\"Max Demand 2 (kW)\"] = parseFloat(JSON.parse(metadata[\"Max Demand 2 (kW)\"]));\r\n    }\r\n}\r\n\r\nif (typeof msg[\"Max Demand 3 (kW)\"] !== undefined) {\r\n    if(msg[\"Max Demand 3 (kW)\"] <= 0 || msg.md3 == 1939406849 || msg[\"Max Demand 3 (kW)\"] > 1e5) {\r\n        msg[\"Max Demand 3 (kW)\"] = parseFloat(JSON.parse(metadata[\"Max Demand 3 (kW)\"]));\r\n    }\r\n}\r\n\r\nif (typeof msg[\"Voltage 1 (V)\"] !== undefined) {\r\n    if(msg[\"Voltage 1 (V)\"] <= 0 || msg[\"Voltage 1 (V)\"] > 500) {\r\n        msg[\"Voltage 1 (V)\"] = parseFloat(JSON.parse(metadata[\"Voltage 1 (V)\"]));\r\n    }\r\n}\r\n\r\nif (typeof msg[\"Voltage 2 (V)\"] !== undefined) {\r\n    if(msg[\"Voltage 2 (V)\"] <= 0 || msg[\"Voltage 2 (V)\"] > 500) {\r\n        msg[\"Voltage 2 (V)\"] = parseFloat(JSON.parse(metadata[\"Voltage 2 (V)\"]));\r\n    }\r\n}\r\n\r\nif (typeof msg[\"Voltage 3 (V)\"] !== undefined) {\r\n    if(msg[\"Voltage 3 (V)\"] <= 0 || msg[\"Voltage 3 (V)\"] > 500) {\r\n        msg[\"Voltage 3 (V)\"] = parseFloat(JSON.parse(metadata[\"Voltage 3 (V)\"]));\r\n    }\r\n}\r\n\r\n/*\r\nif (typeof msg[\"Power Factor 1\"] !== undefined) {\r\n    if(msg[\"Power Factor 1\"] > 1) {\r\n        msg[\"Power Factor 1\"] = parseFloat(JSON.parse(metadata[\"Power Factor 1\"]));\r\n    }\r\n}\r\n\r\nif (typeof msg[\"Power Factor 2\"] !== undefined) {\r\n    if(msg[\"Power Factor 2\"] > 1) {\r\n        msg[\"Power Factor 2\"] = parseFloat(JSON.parse(metadata[\"Power Factor 2\"]));\r\n    }\r\n}\r\n*/\r\nif(typeof msg[\"Current 1 (A)\"] !== undefined && typeof msg[\"Power 1 (kW)\"] !== undefined && typeof msg[\"Power Factor 1\"] !== undefined) {\r\n    if((msg[\"Current 1 (A)\"] <= 0 || msg[\"Current 1 (A)\"] > 5000) && (msg[\"Power 1 (kW)\"] != 0 || msg[\"Power Factor 1\"] != 0)) {\r\n        msg[\"Current 1 (A)\"] = parseFloat(JSON.parse(metadata[\"Current 1 (A)\"]));\r\n    }\r\n\r\n    if((msg[\"Power 1 (kW)\"] <= 0 || msg[\"Power 1 (kW)\"] > 1e5 || msg.pwr1 == 1939406849 || msg.pwr1 == 1227104256) && (msg[\"Current 1 (A)\"] != 0 || msg[\"Power Factor 1\"] != 0)) {\r\n        msg[\"Power 1 (kW)\"] = parseFloat(JSON.parse(metadata[\"Power 1 (kW)\"]));\r\n    }\r\n\r\n    if(msg[\"Power Factor 1\"] <= 0 || msg[\"Power Factor 1\"] > 1 && (msg[\"Power 1 (kW)\"] != 0 || msg[\"Current 1 (A)\"] != 0)) {\r\n        msg[\"Power Factor 1\"] = parseFloat(JSON.parse(metadata[\"Power Factor 1\"]));\r\n    }\r\n}\r\n\r\nif(typeof msg[\"Current 2 (A)\"] !== undefined && typeof msg[\"Power 2 (kW)\"] !== undefined && typeof msg[\"Power Factor 2\"] !== undefined) {\r\n    if((msg[\"Current 2 (A)\"] <= 0 || msg[\"Current 2 (A)\"] > 5000) && (msg[\"Power 2 (kW)\"] != 0 || msg[\"Power Factor 2\"] != 0)) {\r\n        msg[\"Current 2 (A)\"] = parseFloat(JSON.parse(metadata[\"Current 2 (A)\"]));\r\n    }\r\n\r\n    if((msg[\"Power 2 (kW)\"] <= 0 || msg[\"Power 2 (kW)\"] > 1e5 || msg.pwr2 == 1939406849 || msg.pwr2 == 1227104256) && (msg[\"Current 2 (A)\"] != 0 || msg[\"Power Factor 2\"] != 0)) {\r\n        msg[\"Power 2 (kW)\"] = parseFloat(JSON.parse(metadata[\"Power 2 (kW)\"]));\r\n    }\r\n\r\n    if(msg[\"Power Factor 2\"] <= 0 || msg[\"Power Factor 2\"] > 1 && (msg[\"Power 2 (kW)\"] != 0 || msg[\"Current 2 (A)\"] != 0)) {\r\n        msg[\"Power Factor 2\"] = parseFloat(JSON.parse(metadata[\"Power Factor 2\"]));\r\n    }\r\n}\r\n\r\nif(typeof msg[\"Current 3 (A)\"] !== undefined && typeof msg[\"Power 3 (kW)\"] !== undefined && typeof msg[\"Power Factor 3\"] !== undefined) {\r\n    if((msg[\"Current 3 (A)\"] <= 0 || msg[\"Current 3 (A)\"] > 5000) && (msg[\"Power 3 (kW)\"] != 0 || msg[\"Power Factor 3\"] != 0)) {\r\n        msg[\"Current 3 (A)\"] = parseFloat(JSON.parse(metadata[\"Current 3 (A)\"]));\r\n    }\r\n\r\n    if((msg[\"Power 3 (kW)\"] <= 0 || msg[\"Power 3 (kW)\"] > 1e5 || msg.pwr3 == 1939406849 || msg.pwr3 == 1227104256) && (msg[\"Current 3 (A)\"] != 0 || msg[\"Power Factor 3\"] != 0)) {\r\n        msg[\"Power 3 (kW)\"] = parseFloat(JSON.parse(metadata[\"Power 3 (kW)\"]));\r\n    }\r\n\r\n    if(msg[\"Power Factor 3\"] <= 0 || msg[\"Power Factor 3\"] > 1 && (msg[\"Power 3 (kW)\"] != 0 || msg[\"Current 3 (A)\"] != 0)) {\r\n        msg[\"Power Factor 3\"] = parseFloat(JSON.parse(metadata[\"Power Factor 3\"]));\r\n    }\r\n}\r\n\r\nreturn {msg: msg, metadata: metadata, msgType: msgType};",
          "tbelScript": "return {msg: msg, metadata: metadata, msgType: msgType};"
        },
        "additionalInfo": {
          "description": "",
          "layoutX": 1680,
          "layoutY": 153
        }
      },
      {
        "type": "org.thingsboard.rule.engine.telemetry.TbMsgTimeseriesNode",
        "name": "Save Filtered Telemetry",
        "debugMode": true,
        "singletonMode": false,
        "queueName": null,
        "configurationVersion": 0,
        "configuration": {
          "defaultTTL": 0,
          "skipLatestPersistence": false,
          "useServerTs": false
        },
        "additionalInfo": {
          "description": "",
          "layoutX": 1992,
          "layoutY": 153
        }
      },
      {
        "type": "org.thingsboard.rule.engine.filter.TbJsFilterNode",
        "name": "Is Initial Attributes?",
        "debugMode": true,
        "singletonMode": false,
        "queueName": null,
        "configurationVersion": 0,
        "configuration": {
          "scriptLang": "JS",
          "jsScript": "if(typeof msg.Init !== undefined) {\n    return msg.Init > 0;\n}\n\nreturn false;",
          "tbelScript": "return msg.temperature > 20;"
        },
        "additionalInfo": {
          "description": "",
          "layoutX": 1041,
          "layoutY": 41
        }
      },
      {
        "type": "org.thingsboard.rule.engine.transform.TbTransformMsgNode",
        "name": "Set Timestamp",
        "debugMode": true,
        "singletonMode": false,
        "queueName": null,
        "configurationVersion": 0,
        "configuration": {
          "scriptLang": "JS",
          "jsScript": "var today = new Date();\nvar gmtTime = today.getTime();\nvar localOffset = (-1) * today.getTimezoneOffset() * 60000;\nvar localTime = Math.round(new Date(gmtTime+localOffset).getTime() / 1000);\n\nreturn {msg: {\"setTimestamp\": localTime}, metadata: metadata, msgType: msgType};",
          "tbelScript": "return {msg: msg, metadata: metadata, msgType: msgType};"
        },
        "additionalInfo": {
          "description": "",
          "layoutX": 1360,
          "layoutY": 42
        }
      },
      {
        "type": "org.thingsboard.rule.engine.telemetry.TbMsgAttributesNode",
        "name": "Save Shared Attributes",
        "debugMode": true,
        "singletonMode": false,
        "queueName": null,
        "configurationVersion": 2,
        "configuration": {
          "scope": "SHARED_SCOPE",
          "notifyDevice": true,
          "sendAttributesUpdatedNotification": false,
          "updateAttributesOnlyOnValueChange": false
        },
        "additionalInfo": {
          "description": "",
          "layoutX": 1674,
          "layoutY": 44
        }
      },
      {
        "type": "org.thingsboard.rule.engine.action.TbLogNode",
        "name": "Log RPC From Device",
        "debugMode": true,
        "singletonMode": false,
        "queueName": null,
        "configurationVersion": 0,
        "configuration": {
          "scriptLang": "JS",
          "jsScript": "return '\\nIncoming message:\\n' + JSON.stringify(msg) + '\\nIncoming metadata:\\n' + JSON.stringify(metadata);",
          "tbelScript": "return '\\nIncoming message:\\n' + JSON.stringify(msg) + '\\nIncoming metadata:\\n' + JSON.stringify(metadata);"
        },
        "additionalInfo": {
          "description": "",
          "layoutX": 857,
          "layoutY": 474
        }
      },
      {
        "type": "org.thingsboard.rule.engine.transform.TbTransformMsgNode",
        "name": "Device RPC Request",
        "debugMode": true,
        "singletonMode": false,
        "queueName": null,
        "configurationVersion": 0,
        "configuration": {
          "scriptLang": "JS",
          "jsScript": "if(typeof msg[\"method\"] !== 'undefined') {\n    if(msg[\"method\"] === \"getTime\") {\n        var today = new Date();\n        var gmtTime = today.getTime();\n        var localOffset = (-1)*today.getTimezoneOffset()*60000;\n        var localTime = Math.round(new Date(gmtTime+localOffset).getTime()/1000);\n        msg.method = \"setTime\";\n        msg.params = localTime;\n        msgType = \"RPC Message\";\n    }\n}\n\nreturn {msg: msg, metadata: metadata, msgType: msgType};",
          "tbelScript": "return {msg: msg, metadata: metadata, msgType: msgType};"
        },
        "additionalInfo": {
          "description": "",
          "layoutX": 1190,
          "layoutY": 471
        }
      },
      {
        "type": "org.thingsboard.rule.engine.filter.TbJsFilterNode",
        "name": "Is RPC Message?",
        "debugMode": true,
        "singletonMode": false,
        "queueName": null,
        "configurationVersion": 0,
        "configuration": {
          "scriptLang": "JS",
          "jsScript": "return msgType == \"RPC Message\";",
          "tbelScript": "return msg.temperature > 20;"
        },
        "additionalInfo": {
          "description": "",
          "layoutX": 1512,
          "layoutY": 474
        }
      },
      {
        "type": "org.thingsboard.rule.engine.rpc.TbSendRPCReplyNode",
        "name": "Device RPC Response",
        "debugMode": true,
        "singletonMode": false,
        "queueName": null,
        "configurationVersion": 0,
        "configuration": {
          "serviceIdMetaDataAttribute": "serviceId",
          "sessionIdMetaDataAttribute": "sessionId",
          "requestIdMetaDataAttribute": "requestId"
        },
        "additionalInfo": {
          "description": "",
          "layoutX": 1740,
          "layoutY": 561
        }
      },
      {
        "type": "org.thingsboard.rule.engine.metadata.TbGetTelemetryNode",
        "name": "Get Previous Energy Telemetry",
        "debugMode": true,
        "singletonMode": false,
        "queueName": null,
        "configurationVersion": 1,
        "configuration": {
          "latestTsKeyNames": [
            "Energy 1 (kWh)",
            "Energy 2 (kWh)",
            "deltaTCumm1",
            "deltaTCumm2",
            "Energy 3 (kWh)",
            "deltaTCumm3"
          ],
          "aggregation": "NONE",
          "fetchMode": "ALL",
          "orderBy": "DESC",
          "limit": 2,
          "useMetadataIntervalPatterns": false,
          "startIntervalPattern": "",
          "endIntervalPattern": "",
          "startInterval": 1,
          "startIntervalTimeUnit": "DAYS",
          "endInterval": 30,
          "endIntervalTimeUnit": "SECONDS"
        },
        "additionalInfo": {
          "description": "",
          "layoutX": 998,
          "layoutY": 316
        }
      },
      {
        "type": "org.thingsboard.rule.engine.transform.TbTransformMsgNode",
        "name": "Filter Energy Telemetry",
        "debugMode": true,
        "singletonMode": false,
        "queueName": null,
        "configurationVersion": 0,
        "configuration": {
          "scriptLang": "JS",
          "jsScript": "if (typeof msg[\"Energy 2 (kWh)\"] !== \"undefined\") {\r\n    var e2 = JSON.parse(metadata[\"Energy 2 (kWh)\"]);\r\n\tif (typeof metadata.deltaTCumm2 !== \"undefined\") {\r\n\t\tvar tc2 = JSON.parse(metadata[\"deltaTCumm2\"]);\r\n\t\tmsg.tc2 = tc2[0].value;\r\n\t}\r\n\telse {\r\n\t\tmsg.tc2=0;\r\n\t}\r\n\tvar tc2 = msg.tc2;\r\n    var ts2=e2[0].ts;\r\n    var en2=e2[0].value;\r\n    var deltaT = (metadata.ts-ts2)/(1000*60);\r\n\tvar deltaTR = deltaT+tc2;\r\n    var deltaTPrev = (e2[0].ts-e2[1].ts)/(1000*60);\r\n\tmsg.ts0_2=e2[0].ts/(1000*60);\r\n\tmsg.ts1_2=e2[1].ts/(1000*60);\r\n\tmsg.en0_2=e2[0].value;\r\n\tmsg.en1_2=e2[1].value;\r\n\tmsg.deltaTR2 = deltaTR;\r\n\tmsg.deltaTPrev2 = deltaTPrev;\r\n    var deltaE = msg[\"Energy 2 (kWh)\"]-en2;\r\n    var ratioE = deltaE/deltaTR;\r\n\tmsg.deltaE2 = deltaE;\r\n\tmsg.deltaT2 = deltaT;\r\n\tmsg.ratioE2 = ratioE;\r\n    if (ratioE > 20 || ratioE < 0) {\r\n        msg.en2Stray = msg[\"Energy 2 (kWh)\"];\r\n        msg[\"Energy 2 (kWh)\"] = en2;\r\n\t\tmsg.deltaTCumm2 = deltaT;\r\n    }\r\n\telse {\r\n\t\tmsg.deltaTCumm2 = 0;\r\n\t}\r\n}\r\n\r\nif (typeof msg[\"Energy 2 (kWh)\"] === \"undefined\") {\r\n        var e2 = JSON.parse(metadata[\"Energy 2 (kWh)\"]);\r\n        var en2=e2[0].value;\r\n        var ts2=e2[0].ts;\r\n        var deltaT = (metadata.ts-ts2)/(1000*60);\r\n        if (deltaT > 1.5) {\r\n            msg[\"Energy 2 (kWh)\"] = parseFloat(en2);\r\n\t\t\tmsg.deltaT2 = deltaT;\r\n\t\t\tmsg.deltaTCumm2 = deltaT;\r\n\t\t\tif (typeof metadata.deltaTCumm2 !== \"undefined\") {\r\n\t\t\t\tvar tc2 = JSON.parse(metadata[\"deltaTCumm2\"]);\r\n\t\t\t\tmsg.tc2 = tc2[0].value;\r\n\t\t\t\tmsg.deltaTCumm2 = msg.tc2+deltaT;\r\n\t\t\t}\r\n        }\r\n}\r\n\r\nif (typeof msg[\"Energy 3 (kWh)\"] !== \"undefined\") {\r\n    var e3 = JSON.parse(metadata[\"Energy 3 (kWh)\"]);\r\n\tif (typeof metadata.deltaTCumm3 !== \"undefined\") {\r\n\t\tvar tc3 = JSON.parse(metadata[\"deltaTCumm3\"]);\r\n\t\tmsg.tc3 = tc3[0].value;\r\n\t}\r\n\telse {\r\n\t\tmsg.tc3=0;\r\n\t}\r\n\tvar tc3 = msg.tc3;\r\n    var ts3=e3[0].ts;\r\n    var en3=e3[0].value;\r\n    var deltaT = (metadata.ts-ts3)/(1000*60);\r\n\tvar deltaTR = deltaT+tc3;\r\n    var deltaTPrev = (e3[0].ts-e3[1].ts)/(1000*60);\r\n\tmsg.ts0_2=e3[0].ts/(1000*60);\r\n\tmsg.ts1_2=e3[1].ts/(1000*60);\r\n\tmsg.en0_2=e3[0].value;\r\n\tmsg.en1_2=e3[1].value;\r\n\tmsg.deltaTR3 = deltaTR;\r\n\tmsg.deltaTPrev3 = deltaTPrev;\r\n    var deltaE = msg[\"Energy 3 (kWh)\"]-en3;\r\n    var ratioE = deltaE/deltaTR;\r\n\tmsg.deltaE3 = deltaE;\r\n\tmsg.deltaT3 = deltaT;\r\n\tmsg.ratioE3 = ratioE;\r\n    if (ratioE > 20 || ratioE < 0) {\r\n        msg.en3Stray = msg[\"Energy 3 (kWh)\"];\r\n        msg[\"Energy 3 (kWh)\"] = en3;\r\n\t\tmsg.deltaTCumm3 = deltaT;\r\n    }\r\n\telse {\r\n\t\tmsg.deltaTCumm3 = 0;\r\n\t}\r\n}\r\n\r\nif (typeof msg[\"Energy 3 (kWh)\"] === \"undefined\") {\r\n        var e3 = JSON.parse(metadata[\"Energy 3 (kWh)\"]);\r\n        var en3=e3[0].value;\r\n        var ts3=e3[0].ts;\r\n        var deltaT = (metadata.ts-ts3)/(1000*60);\r\n        if (deltaT > 1.5) {\r\n            msg[\"Energy 3 (kWh)\"] = parseFloat(en3);\r\n\t\t\tmsg.deltaT3 = deltaT;\r\n\t\t\tmsg.deltaTCumm3 = deltaT;\r\n\t\t\tif (typeof metadata.deltaTCumm3 !== \"undefined\") {\r\n\t\t\t\tvar tc3 = JSON.parse(metadata[\"deltaTCumm3\"]);\r\n\t\t\t\tmsg.tc3 = tc3[0].value;\r\n\t\t\t\tmsg.deltaTCumm3 = msg.tc3+deltaT;\r\n\t\t\t}\r\n        }\r\n}\r\n\r\nreturn {msg: msg, metadata: metadata, msgType: msgType};",
          "tbelScript": "return {msg: msg, metadata: metadata, msgType: msgType};"
        },
        "additionalInfo": {
          "description": "",
          "layoutX": 1318,
          "layoutY": 317
        }
      },
      {
        "type": "org.thingsboard.rule.engine.transform.TbTransformMsgNode",
        "name": "Inactivity Detection",
        "debugMode": true,
        "singletonMode": false,
        "queueName": null,
        "configurationVersion": 0,
        "configuration": {
          "scriptLang": "JS",
          "jsScript": "/* if (metadata.deviceName==\"CPT-PG-DPM\") {\r\n\tif (metadata[\"Energy 1 (kWh)\"]) {\r\n\t\tvar e1 = JSON.parse(metadata[\"Energy 1 (kWh)\"]);\r\n\t\tvar ts1=e1[0].ts;\r\n\t\tvar deltaT = (metadata.ts-ts1)/(1000*60);\r\n\t\tmsg.td1 = deltaT;\r\n\t\tif (deltaT > 30) {\r\n\t\t\tmsg.t1 = 0;\r\n\t\t}\r\n\t\telse {\r\n\t\t\tmsg.t1 = 1;\r\n\t\t}\r\n\t}\r\n\telse {\r\n\t\tmsg.t1 = 0;\r\n\t}\r\n}\r\n\r\n*/\r\n\r\nif (metadata.deviceName==\"CPT-PG-DPM\") {\r\n\tif (metadata[\"Energy 2 (kWh)\"]) {\r\n\t\tvar e2 = JSON.parse(metadata[\"Energy 2 (kWh)\"]);\r\n\t\tvar ts2=e2[0].ts;\r\n\t\tvar deltaT = (metadata.ts-ts2)/(1000*60);\r\n\t\tmsg.td2 = deltaT;\r\n\t\tif (deltaT > 30) {\r\n\t\t\tmsg.t2 = 0;\r\n\t\t}\r\n\t\telse {\r\n\t\t\tmsg.t2 = 1;\r\n\t\t}\r\n\t}\r\n\telse {\r\n\t\tmsg.t2 = 0;\r\n\t}\r\n}\r\n\r\nif (metadata.deviceName==\"CPT-PG-DPM\") {\r\n\tif (metadata[\"Energy 3 (kWh)\"]) {\r\n\t\tvar e3 = JSON.parse(metadata[\"Energy 3 (kWh)\"]);\r\n\t\tvar ts3=e3[0].ts;\r\n\t\tvar deltaT = (metadata.ts-ts3)/(1000*60);\r\n\t\tmsg.td3 = deltaT;\r\n\t\tif (deltaT > 30) {\r\n\t\t\tmsg.t3 = 0;\r\n\t\t}\r\n\t\telse {\r\n\t\t\tmsg.t3 = 1;\r\n\t\t}\r\n\t}\r\n\telse {\r\n\t\tmsg.t3 = 0;\r\n\t}\r\n}\r\n\r\nreturn {msg: msg, metadata: metadata, msgType: msgType};",
          "tbelScript": "return {msg: msg, metadata: metadata, msgType: msgType};"
        },
        "additionalInfo": {
          "description": "",
          "layoutX": 1624,
          "layoutY": 319
        }
      },
      {
        "type": "org.thingsboard.rule.engine.rest.TbRestApiCallNode",
        "name": "Send to cranes",
        "debugMode": true,
        "singletonMode": false,
        "queueName": null,
        "configurationVersion": 3,
        "configuration": {
          "restEndpointUrlPattern": "https://cranes.asia/api/v1/${deviceName}/telemetry",
          "requestMethod": "POST",
          "useSimpleClientHttpFactory": false,
          "parseToPlainText": null,
          "ignoreRequestBody": false,
          "enableProxy": false,
          "useSystemProxyProperties": false,
          "proxyScheme": null,
          "proxyHost": null,
          "proxyPort": 0,
          "proxyUser": null,
          "proxyPassword": null,
          "readTimeoutMs": 0,
          "maxParallelRequestsCount": 0,
          "headers": {
            "Content-Type": "application/json"
          },
          "credentials": {
            "type": "anonymous"
          },
          "maxInMemoryBufferSizeInKb": 256
        },
        "additionalInfo": {
          "description": "",
          "layoutX": 2218,
          "layoutY": 283
        }
      },
      {
        "type": "org.thingsboard.rule.engine.rest.TbRestApiCallNode",
        "name": "Send to cranes",
        "debugMode": true,
        "singletonMode": false,
        "queueName": null,
        "configurationVersion": 3,
        "configuration": {
          "restEndpointUrlPattern": "https://cranes.asia/api/v1/${deviceName}/telemetry",
          "requestMethod": "POST",
          "useSimpleClientHttpFactory": false,
          "parseToPlainText": null,
          "ignoreRequestBody": false,
          "enableProxy": false,
          "useSystemProxyProperties": false,
          "proxyScheme": null,
          "proxyHost": null,
          "proxyPort": 0,
          "proxyUser": null,
          "proxyPassword": null,
          "readTimeoutMs": 0,
          "maxParallelRequestsCount": 0,
          "headers": {
            "Content-Type": "application/json"
          },
          "credentials": {
            "type": "anonymous"
          },
          "maxInMemoryBufferSizeInKb": 256
        },
        "additionalInfo": {
          "description": "",
          "layoutX": 1462,
          "layoutY": 116
        }
      },
      {
        "type": "org.thingsboard.rule.engine.metadata.TbGetTelemetryNode",
        "name": "Call Past Value",
        "debugMode": true,
        "singletonMode": false,
        "queueName": null,
        "configurationVersion": 1,
        "configuration": {
          "latestTsKeyNames": [
            "Current 1 (A)",
            "Current 2 (A)",
            "Current 3 (A)",
            "Voltage 1 (V)",
            "Voltage 2 (V)",
            "Voltage 3 (V)",
            "Power 1 (kW)",
            "Power 2 (kW)",
            "Power 3 (kW)",
            "Counter Current 2",
            "Counter Current 3",
            "Counter Volt 1",
            "Counter Volt 2",
            "Counter Volt 3",
            "Counter Power 1",
            "Counter Power 2",
            "Counter Power 3",
            "Counter Current 1"
          ],
          "aggregation": "NONE",
          "fetchMode": "FIRST",
          "orderBy": "ASC",
          "limit": 1000,
          "useMetadataIntervalPatterns": false,
          "startIntervalPattern": "",
          "endIntervalPattern": "",
          "startInterval": 7,
          "startIntervalTimeUnit": "DAYS",
          "endInterval": 1,
          "endIntervalTimeUnit": "MINUTES"
        },
        "additionalInfo": {
          "description": "",
          "layoutX": 934,
          "layoutY": 195
        }
      },
      {
        "type": "org.thingsboard.rule.engine.transform.TbTransformMsgNode",
        "name": "Filter",
        "debugMode": true,
        "singletonMode": false,
        "queueName": null,
        "configurationVersion": 0,
        "configuration": {
          "scriptLang": "JS",
          "jsScript": "var alpha = 0.3;\nvar minVal = 0;\n\nvar config = {\n  Current: { max: 500, threshold: 20 },\n  Voltage: { max: 300, threshold: 20 },\n  Power: { max: 600, threshold: 20 }\n};\n\n\n// General signal processor\nfunction processSignal(raw, past, counter, labelRaw, labelFiltered, labelCounter, maxVal, threshold) {\n    // Clamp raw value\n    if (raw > maxVal) raw = maxVal;\n    if (raw < minVal) raw = minVal;\n\n    msg[labelRaw] = raw;\n\n    var delta = Math.abs(raw - past);\n\n    if (delta > threshold && counter < 5) {\n        if (raw > 0 && past === 0 && raw < maxVal) {\n            msg[labelFiltered] = raw;\n            msg[labelCounter] = 1;\n        } else {\n            msg[labelFiltered] = (alpha * raw) + ((1 - alpha) * past);\n            msg[labelCounter] = counter + 1;\n        }\n    } else if (msg[labelRaw] in msg) {\n        msg[labelFiltered] = raw;\n        msg[labelCounter] = 1;\n    }\n}\n\n// Define signal sets\nvar signals = [\n    { phase: \"1\", type: \"Current\", unit: \"(A)\" },\n    { phase: \"1\", type: \"Voltage\", unit: \"(V)\" },\n    { phase: \"1\", type: \"Power\",   unit: \"(kW)\" },\n    { phase: \"2\", type: \"Current\", unit: \"(A)\" },\n    { phase: \"2\", type: \"Voltage\", unit: \"(V)\" },\n    { phase: \"2\", type: \"Power\",   unit: \"(kW)\" },\n    { phase: \"3\", type: \"Current\", unit: \"(A)\" },\n    { phase: \"3\", type: \"Voltage\", unit: \"(V)\" },\n    { phase: \"3\", type: \"Power\",   unit: \"(kW)\" }\n];\n\nfunction safeParseFloat(val) {\n    try {\n        if (val === undefined || val === null) return 0;\n        return parseFloat(JSON.parse(val));\n    } catch (e) {\n        return 0;\n    }\n}\n\n// Process all signals using one loop\nfor (var i = 0; i < signals.length; i++) {\n    var sig = signals[i];\n    var rawKey = \"Raw \" + sig.type + \" \" + sig.phase + \" \" + sig.unit;\n    var filteredKey = sig.type + \" \" + sig.phase + \" \" + sig.unit;\n    var counterKey = \"Counter \" + sig.type + \" \" + sig.phase;\n\n    var raw = msg[rawKey];\n    var past = safeParseFloat(metadata[filteredKey]);\n    var counter = safeParseFloat(metadata[counterKey]);\n    var maxVal = config[sig.type].max;\n    var threshold = config[sig.type].threshold;\n\n    processSignal(raw, past, counter, rawKey, filteredKey, counterKey, maxVal, threshold);\n}\n\nreturn { msg: msg, metadata: metadata, msgType: msgType };\n",
          "tbelScript": "return {msg: msg, metadata: metadata, msgType: msgType};"
        },
        "additionalInfo": {
          "description": "",
          "layoutX": 1224,
          "layoutY": 191
        }
      },
      {
        "type": "org.thingsboard.rule.engine.flow.TbRuleChainInputNode",
        "name": "DPM Filter",
        "debugMode": true,
        "singletonMode": false,
        "queueName": null,
        "configurationVersion": 1,
        "configuration": {
          "forwardMsgToDefaultRuleChain": false,
          "ruleChainId": "162b4d60-50d8-11f0-929d-191799a894d8"
        },
        "additionalInfo": {
          "description": "",
          "layoutX": 875,
          "layoutY": 106
        }
      }
    ],
    "connections": [
      {
        "fromIndex": 0,
        "toIndex": 27,
        "type": "Success"
      },
      {
        "fromIndex": 2,
        "toIndex": 0,
        "type": "Post telemetry"
      },
      {
        "fromIndex": 2,
        "toIndex": 3,
        "type": "Post attributes"
      },
      {
        "fromIndex": 2,
        "toIndex": 4,
        "type": "Inactivity Event"
      },
      {
        "fromIndex": 2,
        "toIndex": 7,
        "type": "Activity Event"
      },
      {
        "fromIndex": 2,
        "toIndex": 16,
        "type": "RPC Request from Device"
      },
      {
        "fromIndex": 3,
        "toIndex": 13,
        "type": "Success"
      },
      {
        "fromIndex": 4,
        "toIndex": 5,
        "type": "Created"
      },
      {
        "fromIndex": 5,
        "toIndex": 6,
        "type": "Success"
      },
      {
        "fromIndex": 7,
        "toIndex": 8,
        "type": "Cleared"
      },
      {
        "fromIndex": 8,
        "toIndex": 6,
        "type": "Success"
      },
      {
        "fromIndex": 10,
        "toIndex": 11,
        "type": "Success"
      },
      {
        "fromIndex": 11,
        "toIndex": 12,
        "type": "Success"
      },
      {
        "fromIndex": 12,
        "toIndex": 9,
        "type": "Success"
      },
      {
        "fromIndex": 13,
        "toIndex": 14,
        "type": "True"
      },
      {
        "fromIndex": 14,
        "toIndex": 15,
        "type": "Success"
      },
      {
        "fromIndex": 16,
        "toIndex": 17,
        "type": "Success"
      },
      {
        "fromIndex": 17,
        "toIndex": 18,
        "type": "Success"
      },
      {
        "fromIndex": 18,
        "toIndex": 19,
        "type": "True"
      },
      {
        "fromIndex": 20,
        "toIndex": 21,
        "type": "Success"
      },
      {
        "fromIndex": 21,
        "toIndex": 22,
        "type": "Success"
      },
      {
        "fromIndex": 22,
        "toIndex": 10,
        "type": "Success"
      },
      {
        "fromIndex": 25,
        "toIndex": 26,
        "type": "Success"
      }
    ],
    "ruleChainConnections": null
  }
}