{
  "ruleChain": {
    "name": "DPM filter",
    "type": "CORE",
    "firstRuleNodeId": null,
    "root": false,
    "debugMode": false,
    "configuration": null,
    "additionalInfo": {
      "description": ""
    }
  },
  "metadata": {
    "version": 58,
    "firstNodeIndex": 6,
    "nodes": [
      {
        "type": "org.thingsboard.rule.engine.transform.TbTransformMsgNode",
        "name": "filter 2",
        "debugMode": true,
        "singletonMode": false,
        "queueName": null,
        "configurationVersion": 0,
        "configuration": {
          "scriptLang": "JS",
          "jsScript": "function filter1(NewVal, counter,pastVal,spike) {\n    var delta = NewVal - pastVal; \n    return (pastVal === 0 && NewVal > 50 ) ? counter + 1 : 1;\n}\n\nfunction filter2(NewVal, pastVal, spike,counter) {\n    var delta = NewVal - pastVal;\n    return (pastVal === 0 && NewVal > 50 && counter < 2) ? 0 : NewVal;\n}\n\nfunction safeParse(val) {\n    try {\n        return parseFloat(JSON.parse(val));\n    } catch (e) {\n        return 0;\n    }\n}\n\nvar config = {\n  Current: { spike: 50},\n  Power:   { spike: 50 }\n};\n\nvar signals = [\n    { phase: \"1\", label: \"Current\", unit: \"(A)\"},\n    { phase: \"1\", label: \"Power\", unit: \"(kW)\"},\n    { phase: \"2\", label: \"Current\", unit: \"(A)\" },\n    { phase: \"2\", label: \"Power\", unit: \"(kW)\" },\n    { phase: \"3\", label: \"Current\", unit: \"(A)\" },\n    { phase: \"3\", label: \"Power\", unit: \"(kW)\" }\n];\n\nfor (var i = 0; i < signals.length; i++) {\n    var s = signals[i];\n    var baseLabel = s.label + \" \" + s.phase + \" \" + s.unit;\n    var counterKey = \"up\" + s.label.charAt(0).toUpperCase() + s.phase;\n  \n\n    if (baseLabel in msg) {\n        var cfg = config[s.label]; // use label to get config (Current, Power, Voltage)\n        var newVal = msg[baseLabel];\n        var pastVal = safeParse(metadata[baseLabel]);\n        var counter = safeParse(metadata[counterKey]);\n\n        var updatedCounter = filter1(newVal, counter, pastVal, cfg.spike);\n        var finalVal = filter2(newVal, pastVal,cfg.spike,counter);\n     \n\n        msg[counterKey] = updatedCounter;\n        msg[baseLabel] = finalVal;\n    }\n}\n\nreturn { msg: msg, metadata: metadata, msgType: msgType };\n",
          "tbelScript": "return {msg: msg, metadata: metadata, msgType: msgType};"
        },
        "additionalInfo": {
          "description": "",
          "layoutX": 551,
          "layoutY": 97
        }
      },
      {
        "type": "org.thingsboard.rule.engine.telemetry.TbMsgTimeseriesNode",
        "name": "save",
        "debugMode": false,
        "singletonMode": false,
        "queueName": null,
        "configurationVersion": 0,
        "configuration": {
          "defaultTTL": 0,
          "skipLatestPersistence": false,
          "useServerTs": false
        },
        "additionalInfo": {
          "description": "",
          "layoutX": 817,
          "layoutY": 142
        }
      },
      {
        "type": "org.thingsboard.rule.engine.metadata.TbGetTelemetryNode",
        "name": "Call Past Value",
        "debugMode": true,
        "singletonMode": false,
        "queueName": null,
        "configurationVersion": 1,
        "configuration": {
          "latestTsKeyNames": [
            "Current 1 (A)",
            "Current 2 (A)",
            "Current 3 (A)",
            "Voltage 1 (V)",
            "Voltage 2 (V)",
            "Voltage 3 (V)",
            "Power 1 (kW)",
            "Power 2 (kW)",
            "Power 3 (kW)",
            "Counter Current 2",
            "Counter Current 3",
            "Counter Volt 1",
            "Counter Volt 2",
            "Counter Volt 3",
            "Counter Power 1",
            "Counter Power 2",
            "Counter Power 3",
            "Counter Current 1"
          ],
          "aggregation": "NONE",
          "fetchMode": "LAST",
          "orderBy": "ASC",
          "limit": 1000,
          "useMetadataIntervalPatterns": false,
          "startIntervalPattern": "",
          "endIntervalPattern": "",
          "startInterval": 7,
          "startIntervalTimeUnit": "DAYS",
          "endInterval": 1,
          "endIntervalTimeUnit": "MINUTES"
        },
        "additionalInfo": {
          "description": "",
          "layoutX": 298,
          "layoutY": 143
        }
      },
      {
        "type": "org.thingsboard.rule.engine.rest.TbRestApiCallNode",
        "name": "Send to cranes",
        "debugMode": true,
        "singletonMode": false,
        "queueName": null,
        "configurationVersion": 3,
        "configuration": {
          "restEndpointUrlPattern": "https://cranes.asia/api/v1/${deviceName}/telemetry",
          "requestMethod": "POST",
          "useSimpleClientHttpFactory": false,
          "parseToPlainText": null,
          "ignoreRequestBody": false,
          "enableProxy": false,
          "useSystemProxyProperties": false,
          "proxyScheme": null,
          "proxyHost": null,
          "proxyPort": 0,
          "proxyUser": null,
          "proxyPassword": null,
          "readTimeoutMs": 0,
          "maxParallelRequestsCount": 0,
          "headers": {
            "Content-Type": "application/json"
          },
          "credentials": {
            "type": "anonymous"
          },
          "maxInMemoryBufferSizeInKb": 256
        },
        "additionalInfo": {
          "description": "",
          "layoutX": 653,
          "layoutY": 378
        }
      },
      {
        "type": "org.thingsboard.rule.engine.metadata.TbGetTelemetryNode",
        "name": "Call Past Value",
        "debugMode": true,
        "singletonMode": false,
        "queueName": null,
        "configurationVersion": 1,
        "configuration": {
          "latestTsKeyNames": [
            "Current 1 (A)",
            "Current 2 (A)",
            "Current 3 (A)",
            "Voltage 1 (V)",
            "Voltage 2 (V)",
            "Voltage 3 (V)",
            "Power 1 (kW)",
            "Power 2 (kW)",
            "Power 3 (kW)",
            "cc1",
            "cc2",
            "cc3",
            "cv1",
            "cv2",
            "cv3",
            "cp1",
            "cp2",
            "cp3",
            "f1c1",
            "f1p1",
            "f1v1",
            "f1c2",
            "f1p2",
            "f1v2",
            "f1c3",
            "f1p3",
            "f1v3",
            "upC1",
            "upC2",
            "upC3",
            "upP1",
            "upP2",
            "upP3"
          ],
          "aggregation": "NONE",
          "fetchMode": "LAST",
          "orderBy": "ASC",
          "limit": 1000,
          "useMetadataIntervalPatterns": false,
          "startIntervalPattern": "",
          "endIntervalPattern": "",
          "startInterval": 2,
          "startIntervalTimeUnit": "HOURS",
          "endInterval": 1,
          "endIntervalTimeUnit": "SECONDS"
        },
        "additionalInfo": {
          "description": "",
          "layoutX": 256,
          "layoutY": 372
        }
      },
      {
        "type": "org.thingsboard.rule.engine.transform.TbTransformMsgNode",
        "name": "test1",
        "debugMode": true,
        "singletonMode": false,
        "queueName": null,
        "configurationVersion": 0,
        "configuration": {
          "scriptLang": "JS",
          "jsScript": "var config = {\n  Current: { max: 350, min: 0, spikeDrop: -100 },\n  Voltage: { max: 350, min: 200, spikeDrop: -100 },\n  Power:   { max: 350, min: 0, spikeDrop: -100 }\n};\n\nfunction filter1(NewVal, Counter, minValue, maxValue,pastVal,spikeDrop) {\n    var delta = NewVal - pastVal; \n    return (NewVal > maxValue || NewVal < minValue || NewVal === 0 || delta < spikeDrop ) ? Counter + 1 : 1;\n}\n\nfunction filter2(NewVal, PastVal, minValue, maxValue,spikeDrop) {\n    var delta = NewVal - PastVal;\n    return (NewVal > maxValue || NewVal < minValue || delta < spikeDrop) ? PastVal : NewVal;\n}\n\nfunction filter3(NewVal, filVal, oldFilVal, counter) {\n    return (NewVal === 0 && counter < 3) ? oldFilVal : filVal;\n}\n\nfunction filter4(newVal,finalVal,counter,spikeDrop,pastVal,minValue){\n    var delta = newVal - pastVal;\n    return (delta < spikeDrop && counter > 2 && newVal >= minValue) ? newVal:finalVal;\n}\n\nfunction safeParse(val) {\n    try {\n        return parseFloat(JSON.parse(val));\n    } catch (e) {\n        return 0;\n    }\n}\n\nvar signals = [\n    { phase: \"1\", label: \"Current\", unit: \"(A)\" },\n    { phase: \"1\", label: \"Power\", unit: \"(kW)\" },\n    { phase: \"1\", label: \"Voltage\", unit: \"(V)\" },\n    { phase: \"2\", label: \"Current\", unit: \"(A)\" },\n    { phase: \"2\", label: \"Power\", unit: \"(kW)\" },\n    { phase: \"2\", label: \"Voltage\", unit: \"(V)\" },\n    { phase: \"3\", label: \"Current\", unit: \"(A)\" },\n    { phase: \"3\", label: \"Power\", unit: \"(kW)\" },\n    { phase: \"3\", label: \"Voltage\", unit: \"(V)\" }\n];\n\nfor (var i = 0; i < signals.length; i++) {\n    var s = signals[i];\n    var baseLabel = s.label + \" \" + s.phase + \" \" + s.unit;\n    var rawKey = \"Raw \" + baseLabel;\n    var counterKey = \"c\" + s.label.charAt(0).toLowerCase() + s.phase;\n    var filterKey = \"f1\" + s.label.charAt(0).toLowerCase() + s.phase;\n\n    if (rawKey in msg) {\n        var cfg = config[s.label]; // use label to get config (Current, Power, Voltage)\n        var newVal = msg[rawKey];\n        var pastVal = safeParse(metadata[baseLabel]);\n        var counter = safeParse(metadata[counterKey]);\n        var oldFilVal = safeParse(metadata[filterKey]);\n\n        var updatedCounter = filter1(newVal, counter, cfg.min, cfg.max,pastVal,cfg.spikeDrop);\n        var filteredVal = filter2(newVal, pastVal, cfg.min, cfg.max,cfg.spikeDrop);\n        var finalVal = filter3(newVal, filteredVal, oldFilVal, counter);\n        var finalVal2 = filter4(newVal,finalVal,counter,cfg.spikeDrop,pastVal,cfg.min);\n\n        msg[counterKey] = updatedCounter;\n        msg[filterKey] = filteredVal;\n        msg[baseLabel] = finalVal2;\n    }\n}\n\nreturn { msg: msg, metadata: metadata, msgType: msgType };\n",
          "tbelScript": "return {msg: msg, metadata: metadata, msgType: msgType};"
        },
        "additionalInfo": {
          "description": "",
          "layoutX": 444,
          "layoutY": 237
        }
      },
      {
        "type": "org.thingsboard.rule.engine.filter.TbJsFilterNode",
        "name": "test",
        "debugMode": true,
        "singletonMode": false,
        "queueName": null,
        "configurationVersion": 0,
        "configuration": {
          "scriptLang": "TBEL",
          "jsScript": "return msg.temperature > 20;",
          "tbelScript": "if(metadata.deviceName == \"Mimos_ad_DPM\"){\n    return true;\n}else{\n    return false;\n}"
        },
        "additionalInfo": {
          "description": "",
          "layoutX": 21,
          "layoutY": 278
        }
      }
    ],
    "connections": [
      {
        "fromIndex": 0,
        "toIndex": 1,
        "type": "Success"
      },
      {
        "fromIndex": 1,
        "toIndex": 3,
        "type": "Success"
      },
      {
        "fromIndex": 4,
        "toIndex": 5,
        "type": "Success"
      },
      {
        "fromIndex": 5,
        "toIndex": 0,
        "type": "Success"
      },
      {
        "fromIndex": 6,
        "toIndex": 2,
        "type": "True"
      },
      {
        "fromIndex": 6,
        "toIndex": 4,
        "type": "True"
      }
    ],
    "ruleChainConnections": null
  }
}