{
  "ruleChain": {
    "name": "RHT rule chain",
    "type": "CORE",
    "firstRuleNodeId": null,
    "root": false,
    "debugMode": false,
    "configuration": null,
    "additionalInfo": {
      "description": ""
    }
  },
  "metadata": {
    "version": 8,
    "firstNodeIndex": 6,
    "nodes": [
      {
        "type": "org.thingsboard.rule.engine.telemetry.TbMsgTimeseriesNode",
        "name": "Save Timeseries",
        "debugMode": true,
        "singletonMode": false,
        "queueName": null,
        "configurationVersion": 0,
        "configuration": {
          "defaultTTL": 0
        },
        "additionalInfo": {
          "description": null,
          "layoutX": 807,
          "layoutY": 223
        }
      },
      {
        "type": "org.thingsboard.rule.engine.telemetry.TbMsgAttributesNode",
        "name": "Save Client Attributes",
        "debugMode": false,
        "singletonMode": false,
        "queueName": null,
        "configurationVersion": 2,
        "configuration": {
          "scope": "CLIENT_SCOPE",
          "notifyDevice": false,
          "sendAttributesUpdatedNotification": false,
          "updateAttributesOnlyOnValueChange": true
        },
        "additionalInfo": {
          "layoutX": 717,
          "layoutY": 123
        }
      },
      {
        "type": "org.thingsboard.rule.engine.filter.TbMsgTypeSwitchNode",
        "name": "Message Type Switch",
        "debugMode": false,
        "singletonMode": false,
        "queueName": null,
        "configurationVersion": 0,
        "configuration": {
          "version": 0
        },
        "additionalInfo": {
          "layoutX": 239,
          "layoutY": 220
        }
      },
      {
        "type": "org.thingsboard.rule.engine.action.TbLogNode",
        "name": "Log RPC from Device",
        "debugMode": false,
        "singletonMode": false,
        "queueName": null,
        "configurationVersion": 0,
        "configuration": {
          "scriptLang": "TBEL",
          "jsScript": "return '\\nIncoming message:\\n' + JSON.stringify(msg) + '\\nIncoming metadata:\\n' + JSON.stringify(metadata);",
          "tbelScript": "return '\\nIncoming message:\\n' + JSON.stringify(msg) + '\\nIncoming metadata:\\n' + JSON.stringify(metadata);"
        },
        "additionalInfo": {
          "layoutX": 717,
          "layoutY": 337
        }
      },
      {
        "type": "org.thingsboard.rule.engine.action.TbLogNode",
        "name": "Log Other",
        "debugMode": false,
        "singletonMode": false,
        "queueName": null,
        "configurationVersion": 0,
        "configuration": {
          "scriptLang": "TBEL",
          "jsScript": "return '\\nIncoming message:\\n' + JSON.stringify(msg) + '\\nIncoming metadata:\\n' + JSON.stringify(metadata);",
          "tbelScript": "return '\\nIncoming message:\\n' + JSON.stringify(msg) + '\\nIncoming metadata:\\n' + JSON.stringify(metadata);"
        },
        "additionalInfo": {
          "layoutX": 717,
          "layoutY": 450
        }
      },
      {
        "type": "org.thingsboard.rule.engine.rpc.TbSendRPCRequestNode",
        "name": "RPC Call Request",
        "debugMode": false,
        "singletonMode": false,
        "queueName": null,
        "configurationVersion": 0,
        "configuration": {
          "timeoutInSeconds": 60
        },
        "additionalInfo": {
          "layoutX": 717,
          "layoutY": 539
        }
      },
      {
        "type": "org.thingsboard.rule.engine.profile.TbDeviceProfileNode",
        "name": "Device Profile Node",
        "debugMode": true,
        "singletonMode": false,
        "queueName": null,
        "configurationVersion": 1,
        "configuration": {
          "persistAlarmRulesState": false,
          "fetchAlarmRulesStateOnStart": false
        },
        "additionalInfo": {
          "description": "Process incoming messages from devices with the alarm rules defined in the device profile. Dispatch all incoming messages with \"Success\" relation type.",
          "layoutX": 96,
          "layoutY": 311
        }
      },
      {
        "type": "org.thingsboard.rule.engine.rest.TbRestApiCallNode",
        "name": "Send to cranes",
        "debugMode": true,
        "singletonMode": false,
        "queueName": null,
        "configurationVersion": 3,
        "configuration": {
          "restEndpointUrlPattern": "https://cranes.asia/api/v1/${deviceName}/telemetry",
          "requestMethod": "POST",
          "useSimpleClientHttpFactory": false,
          "parseToPlainText": null,
          "ignoreRequestBody": false,
          "enableProxy": false,
          "useSystemProxyProperties": false,
          "proxyScheme": null,
          "proxyHost": null,
          "proxyPort": 0,
          "proxyUser": null,
          "proxyPassword": null,
          "readTimeoutMs": 0,
          "maxParallelRequestsCount": 0,
          "headers": {
            "Content-Type": "application/json"
          },
          "credentials": {
            "type": "anonymous"
          },
          "maxInMemoryBufferSizeInKb": 5000
        },
        "additionalInfo": {
          "description": "",
          "layoutX": 1090,
          "layoutY": 227
        }
      },
      {
        "type": "org.thingsboard.rule.engine.transform.TbTransformMsgNode",
        "name": "calibrate",
        "debugMode": true,
        "singletonMode": false,
        "queueName": null,
        "configurationVersion": 0,
        "configuration": {
          "scriptLang": "JS",
          "jsScript": "var tempnum = metadata.deviceName.split(\"_\")[2];\nvar sensnum = parseInt(tempnum.split(/\\D/).join(''));\nvar temcorr,humcorr;\nswitch (sensnum) {\n    case 1:\n        // code\n        humcorr = -8.54495;\n        temcorr = -4.95;\n        msg[\"Corrected Humidity (%RH)\"] = msg[\"Corrected Humidity (%RH)\"] + humcorr;\n        msg[\"Corrected Temp (C)\"] = msg[\"Corrected Temp (C)\"] +temcorr;\n        break;\n        \n    case 2:\n        // code\n        humcorr = -9.5;\n        temcorr = -0.405;\n        msg[\"Corrected Humidity (%RH)\"] = msg[\"Corrected Humidity (%RH)\"] + humcorr;\n        msg[\"Corrected Temp (C)\"] = msg[\"Corrected Temp (C)\"] +temcorr;\n        break;\n    case 3:\n        // code\n        humcorr = -13.34;\n        temcorr = 1.465;\n        msg[\"Corrected Humidity (%RH)\"] = msg[\"Corrected Humidity (%RH)\"] + humcorr;\n        msg[\"Corrected Temp (C)\"] = msg[\"Corrected Temp (C)\"] +temcorr;\n        break;\n    case 4:\n        // code\n        humcorr = -15.59;\n        temcorr = -1.92;\n        msg[\"Corrected Humidity (%RH)\"] = msg[\"Corrected Humidity (%RH)\"] + humcorr;\n        msg[\"Corrected Temp (C)\"] = msg[\"Corrected Temp (C)\"] +temcorr;\n        break;\n    \n    case 5:\n        // code\n        humcorr = 3.02;\n        temcorr = -5.29;\n        msg[\"Corrected Humidity (%RH)\"] = msg[\"Corrected Humidity (%RH)\"] + humcorr;\n        msg[\"Corrected Temp (C)\"] = msg[\"Corrected Temp (C)\"] +temcorr;\n        break;\n    \n    case 6:\n        // code\n        humcorr = -8.33;\n        temcorr = -2;\n        msg[\"Corrected Humidity (%RH)\"] = msg[\"Corrected Humidity (%RH)\"] + humcorr;\n        msg[\"Corrected Temp (C)\"] = msg[\"Corrected Temp (C)\"] +temcorr;\n        break;\n    \n    case 7:\n        // code\n        humcorr = -26.87;\n        temcorr = 6.515;\n        msg[\"Corrected Humidity (%RH)\"] = msg[\"Corrected Humidity (%RH)\"] + humcorr;\n        msg[\"Corrected Temp (C)\"] = msg[\"Corrected Temp (C)\"] +temcorr;\n        break;\n    \n    case 8:\n        // code\n        humcorr = -14.935;\n        temcorr = 1.715;\n        msg[\"Corrected Humidity (%RH)\"] = msg[\"Corrected Humidity (%RH)\"] + humcorr;\n        msg[\"Corrected Temp (C)\"] = msg[\"Corrected Temp (C)\"] +temcorr;\n        break;\n    \n    case 9:\n        // code\n        humcorr = -10.48;\n        temcorr = -0.98;\n        msg[\"Corrected Humidity (%RH)\"] = msg[\"Corrected Humidity (%RH)\"] + humcorr;\n        msg[\"Corrected Temp (C)\"] = msg[\"Corrected Temp (C)\"] +temcorr;\n        break;\n    \n    case 10:\n        // code\n        humcorr = -10.285;\n        temcorr = -2.55;\n        msg[\"Corrected Humidity (%RH)\"] = msg[\"Corrected Humidity (%RH)\"] + humcorr;\n        msg[\"Corrected Temp (C)\"] = msg[\"Corrected Temp (C)\"] +temcorr;\n        break;\n    \n    case 11:\n        // code\n        humcorr = -13.11;\n        temcorr = -1.595;\n        msg[\"Corrected Humidity (%RH)\"] = msg[\"Corrected Humidity (%RH)\"] + humcorr;\n        msg[\"Corrected Temp (C)\"] = msg[\"Corrected Temp (C)\"] +temcorr;\n        break;\n    \n    case 12:\n        // code\n        humcorr = -13.55;\n        temcorr = -2.44;\n        msg[\"Corrected Humidity (%RH)\"] = msg[\"Corrected Humidity (%RH)\"] + humcorr;\n        msg[\"Corrected Temp (C)\"] = msg[\"Corrected Temp (C)\"] +temcorr;\n        break;\n    \n    case 13:\n        // code\n        humcorr = -15.8399;\n        temcorr = -0.8;\n        msg[\"Corrected Humidity (%RH)\"] = msg[\"Corrected Humidity (%RH)\"] + humcorr;\n        msg[\"Corrected Temp (C)\"] = msg[\"Corrected Temp (C)\"] +temcorr;\n        break;\n    \n    case 14:\n        // code\n        humcorr = -15.8;\n        temcorr = -3.805;\n        msg[\"Corrected Humidity (%RH)\"] = msg[\"Corrected Humidity (%RH)\"] + humcorr;\n        msg[\"Corrected Temp (C)\"] = msg[\"Corrected Temp (C)\"] +temcorr;\n        break;\n    \n    case 15:\n        // code\n        humcorr = -12.1;\n        temcorr = -2.225;\n        msg[\"Corrected Humidity (%RH)\"] = msg[\"Corrected Humidity (%RH)\"] + humcorr;\n        msg[\"Corrected Temp (C)\"] = msg[\"Corrected Temp (C)\"] +temcorr;\n        break;\n    \n    case 16:\n        // code\n        humcorr = -16.125;\n        temcorr = -1.22;\n        msg[\"Corrected Humidity (%RH)\"] = msg[\"Corrected Humidity (%RH)\"] + humcorr;\n        msg[\"Corrected Temp (C)\"] = msg[\"Corrected Temp (C)\"] +temcorr;\n        break;\n    \n    case 17:\n        // code\n        humcorr = -14.02;\n        temcorr = 1.78;\n        msg[\"Corrected Humidity (%RH)\"] = msg[\"Corrected Humidity (%RH)\"] + humcorr;\n        msg[\"Corrected Temp (C)\"] = msg[\"Corrected Temp (C)\"] +temcorr;\n        break;\n        \n    default:\n        // code\n        msg.hhdsgf = \"test3\"\n}\n\nreturn {msg: msg, metadata: metadata, msgType: msgType};",
          "tbelScript": "return {msg: msg, metadata: metadata, msgType: msgType};"
        },
        "additionalInfo": {
          "description": "",
          "layoutX": 558,
          "layoutY": 225
        }
      }
    ],
    "connections": [
      {
        "fromIndex": 0,
        "toIndex": 7,
        "type": "Success"
      },
      {
        "fromIndex": 2,
        "toIndex": 1,
        "type": "Post attributes"
      },
      {
        "fromIndex": 2,
        "toIndex": 3,
        "type": "RPC Request from Device"
      },
      {
        "fromIndex": 2,
        "toIndex": 4,
        "type": "Other"
      },
      {
        "fromIndex": 2,
        "toIndex": 5,
        "type": "RPC Request to Device"
      },
      {
        "fromIndex": 2,
        "toIndex": 8,
        "type": "Post telemetry"
      },
      {
        "fromIndex": 6,
        "toIndex": 2,
        "type": "Success"
      },
      {
        "fromIndex": 8,
        "toIndex": 0,
        "type": "Success"
      }
    ],
    "ruleChainConnections": null
  }
}