{
  "ruleChain": {
    "name": "Device Activity",
    "type": "CORE",
    "firstRuleNodeId": null,
    "root": false,
    "debugMode": false,
    "configuration": null,
    "additionalInfo": {
      "description": ""
    }
  },
  "metadata": {
    "version": 22,
    "firstNodeIndex": null,
    "nodes": [
      {
        "type": "org.thingsboard.rule.engine.debug.TbMsgGeneratorNode",
        "name": "test",
        "debugSettings": {
          "failuresEnabled": false,
          "allEnabled": false,
          "allEnabledUntil": 0
        },
        "singletonMode": false,
        "queueName": null,
        "configurationVersion": 2,
        "configuration": {
          "msgCount": 0,
          "periodInSeconds": 30,
          "scriptLang": "JS",
          "jsScript": "var msg = {\"username\":\"tenant@thingsboard.org\", \"password\":\"tenant\"};\nvar metadata = { data: 40 };\nvar msgType = \"POST_TELEMETRY_REQUEST\";\n\nreturn { msg: msg, metadata: metadata, msgType: msgType };",
          "tbelScript": "var msg = { temp: 42, humidity: 77 };\nvar metadata = { data: 40 };\nvar msgType = \"POST_TELEMETRY_REQUEST\";\n\nreturn { msg: msg, metadata: metadata, msgType: msgType };",
          "originatorId": null,
          "originatorType": "RULE_NODE"
        },
        "additionalInfo": {
          "description": "",
          "layoutX": 58,
          "layoutY": 176
        }
      },
      {
        "type": "org.thingsboard.rule.engine.rest.TbRestApiCallNode",
        "name": "get credential",
        "debugSettings": {
          "failuresEnabled": false,
          "allEnabled": false,
          "allEnabledUntil": 1748935497910
        },
        "singletonMode": false,
        "queueName": null,
        "configurationVersion": 3,
        "configuration": {
          "restEndpointUrlPattern": "http://localhost:8080/api/auth/login",
          "requestMethod": "POST",
          "useSimpleClientHttpFactory": false,
          "parseToPlainText": false,
          "ignoreRequestBody": false,
          "enableProxy": false,
          "useSystemProxyProperties": false,
          "proxyScheme": null,
          "proxyHost": null,
          "proxyPort": 0,
          "proxyUser": null,
          "proxyPassword": null,
          "readTimeoutMs": 0,
          "maxParallelRequestsCount": 0,
          "headers": {
            "Content-Type": "application/json",
            "accept": "application/json"
          },
          "credentials": {
            "type": "anonymous"
          },
          "maxInMemoryBufferSizeInKb": null
        },
        "additionalInfo": {
          "description": "",
          "layoutX": 595,
          "layoutY": 305
        }
      },
      {
        "type": "org.thingsboard.rule.engine.transform.TbTransformMsgNode",
        "name": "Access Token",
        "debugSettings": {
          "failuresEnabled": false,
          "allEnabled": false,
          "allEnabledUntil": 1748935472179
        },
        "singletonMode": false,
        "queueName": null,
        "configurationVersion": 0,
        "configuration": {
          "scriptLang": "JS",
          "jsScript": "msg.token = \"Bearer \"+msg.token;\n\nreturn {msg: msg, metadata: metadata, msgType: msgType};",
          "tbelScript": "return {msg: msg, metadata: metadata, msgType: msgType};"
        },
        "additionalInfo": {
          "description": "",
          "layoutX": 299,
          "layoutY": 36
        }
      },
      {
        "type": "org.thingsboard.rule.engine.transform.TbChangeOriginatorNode",
        "name": "change",
        "debugSettings": {
          "failuresEnabled": false,
          "allEnabled": false,
          "allEnabledUntil": 1748935472179
        },
        "singletonMode": false,
        "queueName": null,
        "configurationVersion": 0,
        "configuration": {
          "originatorSource": "ENTITY",
          "entityType": "DEVICE",
          "entityNamePattern": "Activity State",
          "relationsQuery": {
            "direction": "FROM",
            "maxLevel": 1,
            "filters": [
              {
                "relationType": "Contains",
                "entityTypes": [],
                "negate": false
              }
            ],
            "fetchLastLevelOnly": false
          }
        },
        "additionalInfo": {
          "description": "",
          "layoutX": 113,
          "layoutY": 567
        }
      },
      {
        "type": "org.thingsboard.rule.engine.rest.TbRestApiCallNode",
        "name": "get credential",
        "debugSettings": {
          "failuresEnabled": false,
          "allEnabled": false,
          "allEnabledUntil": 1748935472179
        },
        "singletonMode": false,
        "queueName": null,
        "configurationVersion": 3,
        "configuration": {
          "restEndpointUrlPattern": "http://localhost:8080/api/tenant/deviceInfos?pageSize=1000&page=0",
          "requestMethod": "GET",
          "useSimpleClientHttpFactory": false,
          "parseToPlainText": false,
          "ignoreRequestBody": false,
          "enableProxy": false,
          "useSystemProxyProperties": false,
          "proxyScheme": null,
          "proxyHost": null,
          "proxyPort": 0,
          "proxyUser": null,
          "proxyPassword": null,
          "readTimeoutMs": 0,
          "maxParallelRequestsCount": 0,
          "headers": {
            "accept": "application/json",
            "X-Authorization": "$[token] "
          },
          "credentials": {
            "type": "anonymous"
          },
          "maxInMemoryBufferSizeInKb": null
        },
        "additionalInfo": {
          "description": "",
          "layoutX": 571,
          "layoutY": 30
        }
      },
      {
        "type": "org.thingsboard.rule.engine.transform.TbTransformMsgNode",
        "name": "take device information",
        "debugSettings": {
          "failuresEnabled": false,
          "allEnabled": false,
          "allEnabledUntil": 1748935353489
        },
        "singletonMode": false,
        "queueName": null,
        "configurationVersion": 0,
        "configuration": {
          "scriptLang": "JS",
          "jsScript": "var comeout = {};\nvar metadata2 = {};\n\nfor(var i = 0;i<msg.data.length; i++){\n    comeout[msg.data[i].name] = msg.data[i].active;\n}\n\ndelete comeout.credential;\ndelete comeout[\"Activity State\"];\n\nreturn {msg: comeout, metadata: metadata, msgType: msgType};",
          "tbelScript": "return {msg: msg, metadata: metadata, msgType: msgType};"
        },
        "additionalInfo": {
          "description": "",
          "layoutX": 814,
          "layoutY": 154
        }
      },
      {
        "type": "org.thingsboard.rule.engine.transform.TbTransformMsgNode",
        "name": "get new token",
        "debugSettings": {
          "failuresEnabled": false,
          "allEnabled": false,
          "allEnabledUntil": 1748935472179
        },
        "singletonMode": false,
        "queueName": null,
        "configurationVersion": 0,
        "configuration": {
          "scriptLang": "JS",
          "jsScript": "delete msg.token;\nreturn {msg: msg, metadata: metadata, msgType: msgType};",
          "tbelScript": "return {msg: msg, metadata: metadata, msgType: msgType};"
        },
        "additionalInfo": {
          "description": "",
          "layoutX": 381,
          "layoutY": 288
        }
      },
      {
        "type": "org.thingsboard.rule.engine.telemetry.TbMsgTimeseriesNode",
        "name": "save",
        "debugSettings": {
          "failuresEnabled": false,
          "allEnabled": false,
          "allEnabledUntil": 1748935353489
        },
        "singletonMode": false,
        "queueName": null,
        "configurationVersion": 0,
        "configuration": {
          "defaultTTL": 0,
          "skipLatestPersistence": false,
          "useServerTs": false
        },
        "additionalInfo": {
          "description": "",
          "layoutX": 1153,
          "layoutY": 365
        }
      },
      {
        "type": "org.thingsboard.rule.engine.transform.TbTransformMsgNode",
        "name": "testtest",
        "debugSettings": {
          "failuresEnabled": false,
          "allEnabled": false,
          "allEnabledUntil": 1748935353489
        },
        "singletonMode": false,
        "queueName": null,
        "configurationVersion": 0,
        "configuration": {
          "scriptLang": "JS",
          "jsScript": "var updatedCounts = {};\r\nvar today = new Date().toDateString(); \r\n\r\nvar counts = metadata.counts ? JSON.parse(metadata.counts) : {};\r\nvar lastReset = metadata.lastResetDate || null;\r\n\r\nif (lastReset !== today) {\r\n    counts = {}; \r\n    lastReset = today;\r\n}\r\n\r\nfor (var i = 0; i < msg.data.length; i++) {\r\n    var key = msg.data[i].name;\r\n    var value = msg.data[i].active;\r\n\r\n    if (value === false) {\r\n        counts[key] = (counts[key] || 0) + 1;\r\n    } else {\r\n        counts[key] = counts[key] || 0;\r\n    }\r\n\r\n    updatedCounts[key + \"_count\"] = counts[key];\r\n}\r\n\r\ndelete updatedCounts.credential_count;\r\ndelete updatedCounts.lastResetDate;\r\ndelete updatedCounts[\"Activity State_count\"];\r\n\r\nreturn {\r\n    msg: updatedCounts,\r\n    metadata: metadata,\r\n    msgType: \"POST_ATTRIBUTES_REQUEST\"\r\n};",
          "tbelScript": "return {msg: msg, metadata: metadata, msgType: msgType};"
        },
        "additionalInfo": {
          "description": "",
          "layoutX": 925,
          "layoutY": 37
        }
      },
      {
        "type": "org.thingsboard.rule.engine.telemetry.TbMsgAttributesNode",
        "name": "test2",
        "debugSettings": {
          "failuresEnabled": false,
          "allEnabled": false,
          "allEnabledUntil": 1748935353489
        },
        "singletonMode": false,
        "queueName": null,
        "configurationVersion": 2,
        "configuration": {
          "scope": "SHARED_SCOPE",
          "notifyDevice": false,
          "sendAttributesUpdatedNotification": false,
          "updateAttributesOnlyOnValueChange": false
        },
        "additionalInfo": {
          "description": "",
          "layoutX": 1196,
          "layoutY": 40
        }
      },
      {
        "type": "org.thingsboard.rule.engine.rest.TbRestApiCallNode",
        "name": "Cranes",
        "debugSettings": {
          "failuresEnabled": false,
          "allEnabled": false,
          "allEnabledUntil": 1748935353489
        },
        "singletonMode": false,
        "queueName": null,
        "configurationVersion": 3,
        "configuration": {
          "restEndpointUrlPattern": "https://cranes.asia/api/v1/54uXr5rmMQUuh666BAMu/telemetry",
          "requestMethod": "POST",
          "useSimpleClientHttpFactory": false,
          "parseToPlainText": false,
          "ignoreRequestBody": false,
          "enableProxy": false,
          "useSystemProxyProperties": false,
          "proxyScheme": null,
          "proxyHost": null,
          "proxyPort": 0,
          "proxyUser": null,
          "proxyPassword": null,
          "readTimeoutMs": 0,
          "maxParallelRequestsCount": 0,
          "headers": {
            "Content-Type": "application/json"
          },
          "credentials": {
            "type": "anonymous"
          },
          "maxInMemoryBufferSizeInKb": 256
        },
        "additionalInfo": {
          "description": "",
          "layoutX": 1192,
          "layoutY": 227
        }
      },
      {
        "type": "org.thingsboard.rule.engine.rest.TbRestApiCallNode",
        "name": "get credential",
        "debugSettings": {
          "failuresEnabled": false,
          "allEnabled": false,
          "allEnabledUntil": 1748935750426
        },
        "singletonMode": false,
        "queueName": null,
        "configurationVersion": 3,
        "configuration": {
          "restEndpointUrlPattern": "http://localhost:8080/api/auth/login",
          "requestMethod": "POST",
          "useSimpleClientHttpFactory": false,
          "parseToPlainText": false,
          "ignoreRequestBody": false,
          "enableProxy": false,
          "useSystemProxyProperties": false,
          "proxyScheme": null,
          "proxyHost": null,
          "proxyPort": 0,
          "proxyUser": null,
          "proxyPassword": null,
          "readTimeoutMs": 0,
          "maxParallelRequestsCount": 0,
          "headers": {
            "Content-Type": "application/json",
            "accept": "application/json"
          },
          "credentials": {
            "type": "anonymous"
          },
          "maxInMemoryBufferSizeInKb": null
        },
        "additionalInfo": {
          "description": "",
          "layoutX": 52,
          "layoutY": 369
        }
      }
    ],
    "connections": [
      {
        "fromIndex": 0,
        "toIndex": 11,
        "type": "Success"
      },
      {
        "fromIndex": 2,
        "toIndex": 4,
        "type": "Success"
      },
      {
        "fromIndex": 2,
        "toIndex": 6,
        "type": "Failure"
      },
      {
        "fromIndex": 3,
        "toIndex": 2,
        "type": "Success"
      },
      {
        "fromIndex": 4,
        "toIndex": 5,
        "type": "Success"
      },
      {
        "fromIndex": 4,
        "toIndex": 6,
        "type": "Failure"
      },
      {
        "fromIndex": 4,
        "toIndex": 8,
        "type": "Success"
      },
      {
        "fromIndex": 5,
        "toIndex": 7,
        "type": "Success"
      },
      {
        "fromIndex": 6,
        "toIndex": 1,
        "type": "Success"
      },
      {
        "fromIndex": 7,
        "toIndex": 10,
        "type": "Success"
      },
      {
        "fromIndex": 8,
        "toIndex": 9,
        "type": "Success"
      },
      {
        "fromIndex": 9,
        "toIndex": 10,
        "type": "Success"
      },
      {
        "fromIndex": 11,
        "toIndex": 3,
        "type": "Success"
      }
    ],
    "ruleChainConnections": null
  }
}