{
  "ruleChain": {
    "name": "DPM filter",
    "type": "CORE",
    "firstRuleNodeId": null,
    "root": false,
    "debugMode": false,
    "configuration": null,
    "additionalInfo": {
      "description": ""
    }
  },
  "metadata": {
    "version": 66,
    "firstNodeIndex": 1,
    "nodes": [
      {
        "type": "org.thingsboard.rule.engine.transform.TbTransformMsgNode",
        "name": "DPM 6",
        "debugSettings": {
          "failuresEnabled": false,
          "allEnabled": false,
          "allEnabledUntil": 1754553385385
        },
        "singletonMode": false,
        "queueName": null,
        "configurationVersion": 0,
        "configuration": {
          "scriptLang": "JS",
          "jsScript": "var config = {\n  Current: { max: 2000, min: 0, spikeDrop: -100 },\n  Voltage: { max: 350, min: 200, spikeDrop: -100 },\n  Power:   { max: 1500, min: 0, spikeDrop: -100 }\n};\n\nfunction filter1(NewVal, Counter, minValue, maxValue,pastVal,spikeDrop) {\n    var delta = NewVal - pastVal; \n    return (NewVal > maxValue || NewVal < minValue || NewVal === 0 || delta < spikeDrop ) ? Counter + 1 : 1;\n}\n\nfunction filter2(NewVal, PastVal, minValue, maxValue,spikeDrop) {\n    var delta = NewVal - PastVal;\n    return (NewVal > maxValue || NewVal < minValue || delta < spikeDrop) ? PastVal : NewVal;\n}\n\nfunction filter3(NewVal, filVal, oldFilVal, counter) {\n    return (NewVal === 0 && counter < 3) ? oldFilVal : filVal;\n}\n\nfunction filter4(newVal,finalVal,counter,spikeDrop,pastVal,minValue){\n    var delta = newVal - pastVal;\n    return (delta < spikeDrop && counter > 2 && newVal >= minValue) ? newVal:finalVal;\n}\n\nfunction safeParse(val) {\n    try {\n        return parseFloat(JSON.parse(val));\n    } catch (e) {\n        return 0;\n    }\n}\n\nvar signals = [\n    { phase: \"6\", label: \"Current\", unit: \"(A)\" },\n    { phase: \"6\", label: \"Power\", unit: \"(kW)\" },\n    { phase: \"6\", label: \"Voltage\", unit: \"(V)\" }\n];\n\nfor (var i = 0; i < signals.length; i++) {\n    var s = signals[i];\n    var baseLabel = s.label + \" \" + s.phase + \" \" + s.unit;\n    var rawKey = \"Raw \" + baseLabel;\n    var counterKey = \"c\" + s.label.charAt(0).toLowerCase() + s.phase;\n    var filterKey = \"f1\" + s.label.charAt(0).toLowerCase() + s.phase;\n\n    if (rawKey in msg) {\n        var cfg = config[s.label]; // use label to get config (Current, Power, Voltage)\n        var newVal = msg[rawKey];\n        var pastVal = safeParse(metadata[baseLabel]);\n        var counter = safeParse(metadata[counterKey]);\n        var oldFilVal = safeParse(metadata[filterKey]);\n\n        var updatedCounter = filter1(newVal, counter, cfg.min, cfg.max,pastVal,cfg.spikeDrop);\n        var filteredVal = filter2(newVal, pastVal, cfg.min, cfg.max,cfg.spikeDrop);\n        var finalVal = filter3(newVal, filteredVal, oldFilVal, counter);\n        var finalVal2 = filter4(newVal,finalVal,counter,cfg.spikeDrop,pastVal,cfg.min);\n\n        msg[counterKey] = updatedCounter;\n        msg[filterKey] = filteredVal;\n        msg[baseLabel] = finalVal2;\n    }\n}\n\nreturn { msg: msg, metadata: metadata, msgType: msgType };\n",
          "tbelScript": "return {msg: msg, metadata: metadata, msgType: msgType};"
        },
        "additionalInfo": {
          "description": "",
          "layoutX": 858,
          "layoutY": 141
        }
      },
      {
        "type": "org.thingsboard.rule.engine.filter.TbJsFilterNode",
        "name": "dpm 6",
        "debugSettings": {
          "failuresEnabled": false,
          "allEnabled": false,
          "allEnabledUntil": 1751523221740
        },
        "singletonMode": false,
        "queueName": null,
        "configurationVersion": 0,
        "configuration": {
          "scriptLang": "JS",
          "jsScript": "if(metadata.deviceName == 'DPM_Chiller_6'){\n    return true;\n}else{\n    return false;\n}",
          "tbelScript": "return msg.temperature > 20;"
        },
        "additionalInfo": {
          "description": "",
          "layoutX": 331,
          "layoutY": 154
        }
      },
      {
        "type": "org.thingsboard.rule.engine.filter.TbJsFilterNode",
        "name": "DPM 7,8,13",
        "debugSettings": {
          "failuresEnabled": false,
          "allEnabled": false,
          "allEnabledUntil": 0
        },
        "singletonMode": false,
        "queueName": null,
        "configurationVersion": 0,
        "configuration": {
          "scriptLang": "JS",
          "jsScript": "if(metadata.deviceName == 'DPM_Chiller_7,8,13'){\n    return true;\n}else{\n    return false;\n}",
          "tbelScript": "return msg.temperature > 20;"
        },
        "additionalInfo": {
          "description": "",
          "layoutX": 313,
          "layoutY": 317
        }
      },
      {
        "type": "org.thingsboard.rule.engine.transform.TbTransformMsgNode",
        "name": "DPM 7,8,13",
        "debugSettings": {
          "failuresEnabled": false,
          "allEnabled": false,
          "allEnabledUntil": 1757392783907
        },
        "singletonMode": false,
        "queueName": null,
        "configurationVersion": 0,
        "configuration": {
          "scriptLang": "JS",
          "jsScript": "var config = {\n  Current: { max: 2000, min: 0, spikeDrop: -100 },\n  Voltage: { max: 350, min: 200, spikeDrop: -100 },\n  Power:   { max: 1500, min: 0, spikeDrop: -100 }\n};\n\nfunction filter1(NewVal, Counter, minValue, maxValue,pastVal,spikeDrop) {\n    var delta = NewVal - pastVal; \n    return (NewVal > maxValue || NewVal < minValue || NewVal === 0 || delta < spikeDrop ) ? Counter + 1 : 1;\n}\n\nfunction filter2(NewVal, PastVal, minValue, maxValue,spikeDrop) {\n    var delta = NewVal - PastVal;\n    return (NewVal > maxValue || NewVal < minValue || delta < spikeDrop) ? PastVal : NewVal;\n}\n\nfunction filter3(NewVal, filVal, oldFilVal, counter) {\n    return (NewVal === 0 && counter < 3) ? oldFilVal : filVal;\n}\n\nfunction filter4(newVal,finalVal,counter,spikeDrop,pastVal,minValue){\n    var delta = newVal - pastVal;\n    return (delta < spikeDrop && counter > 2 && newVal >= minValue) ? newVal:finalVal;\n}\n\nfunction safeParse(val) {\n    try {\n        return parseFloat(JSON.parse(val));\n    } catch (e) {\n        return 0;\n    }\n}\n\nvar signals = [\n    { phase: \"7\", label: \"Current\", unit: \"(A)\" },\n    { phase: \"7\", label: \"Power\", unit: \"(kW)\" },\n    { phase: \"7\", label: \"Voltage\", unit: \"(V)\" },\n    { phase: \"8\", label: \"Current\", unit: \"(A)\" },\n    { phase: \"8\", label: \"Power\", unit: \"(kW)\" },\n    { phase: \"8\", label: \"Voltage\", unit: \"(V)\" },\n    { phase: \"13\", label: \"Current\", unit: \"(A)\" },\n    { phase: \"13\", label: \"Power\", unit: \"(kW)\" },\n    { phase: \"13\", label: \"Voltage\", unit: \"(V)\" }\n];\n\nfor (var i = 0; i < signals.length; i++) {\n    var s = signals[i];\n    var baseLabel = s.label + \" \" + s.phase + \" \" + s.unit;\n    var rawKey = \"Raw \" + baseLabel;\n    var counterKey = \"c\" + s.label.charAt(0).toLowerCase() + s.phase;\n    var filterKey = \"f1\" + s.label.charAt(0).toLowerCase() + s.phase;\n\n    if (rawKey in msg) {\n        var cfg = config[s.label]; // use label to get config (Current, Power, Voltage)\n        var newVal = msg[rawKey];\n        var pastVal = safeParse(metadata[baseLabel]);\n        var counter = safeParse(metadata[counterKey]);\n        var oldFilVal = safeParse(metadata[filterKey]);\n\n        var updatedCounter = filter1(newVal, counter, cfg.min, cfg.max,pastVal,cfg.spikeDrop);\n        var filteredVal = filter2(newVal, pastVal, cfg.min, cfg.max,cfg.spikeDrop);\n        var finalVal = filter3(newVal, filteredVal, oldFilVal, counter);\n        var finalVal2 = filter4(newVal,finalVal,counter,cfg.spikeDrop,pastVal,cfg.min);\n\n        msg[counterKey] = updatedCounter;\n        msg[filterKey] = filteredVal;\n        msg[baseLabel] = finalVal2;\n    }\n}\n\nreturn { msg: msg, metadata: metadata, msgType: msgType };\n",
          "tbelScript": "return {msg: msg, metadata: metadata, msgType: msgType};"
        },
        "additionalInfo": {
          "description": "",
          "layoutX": 854,
          "layoutY": 318
        }
      },
      {
        "type": "org.thingsboard.rule.engine.transform.TbTransformMsgNode",
        "name": "DPM 14,15,16",
        "debugSettings": {
          "failuresEnabled": false,
          "allEnabled": false,
          "allEnabledUntil": 1754553407047
        },
        "singletonMode": false,
        "queueName": null,
        "configurationVersion": 0,
        "configuration": {
          "scriptLang": "JS",
          "jsScript": "var config = {\n  Current: { max: 2000, min: 0, spikeDrop: -100 },\n  Voltage: { max: 350, min: 200, spikeDrop: -100 },\n  Power:   { max: 1500, min: 0, spikeDrop: -100 }\n};\n\nfunction filter1(NewVal, Counter, minValue, maxValue,pastVal,spikeDrop) {\n    var delta = NewVal - pastVal; \n    return (NewVal > maxValue || NewVal < minValue || NewVal === 0 || delta < spikeDrop ) ? Counter + 1 : 1;\n}\n\nfunction filter2(NewVal, PastVal, minValue, maxValue,spikeDrop) {\n    var delta = NewVal - PastVal;\n    return (NewVal > maxValue || NewVal < minValue || delta < spikeDrop) ? PastVal : NewVal;\n}\n\nfunction filter3(NewVal, filVal, oldFilVal, counter) {\n    return (NewVal === 0 && counter < 3) ? oldFilVal : filVal;\n}\n\nfunction filter4(newVal,finalVal,counter,spikeDrop,pastVal,minValue){\n    var delta = newVal - pastVal;\n    return (delta < spikeDrop && counter > 2 && newVal >= minValue) ? newVal:finalVal;\n}\n\nfunction safeParse(val) {\n    try {\n        return parseFloat(JSON.parse(val));\n    } catch (e) {\n        return 0;\n    }\n}\n\nvar signals = [\n    { phase: \"14\", label: \"Current\", unit: \"(A)\" },\n    { phase: \"14\", label: \"Power\", unit: \"(kW)\" },\n    { phase: \"14\", label: \"Voltage\", unit: \"(V)\" },\n    { phase: \"15\", label: \"Current\", unit: \"(A)\" },\n    { phase: \"15\", label: \"Power\", unit: \"(kW)\" },\n    { phase: \"15\", label: \"Voltage\", unit: \"(V)\" },\n    { phase: \"16\", label: \"Current\", unit: \"(A)\" },\n    { phase: \"16\", label: \"Power\", unit: \"(kW)\" },\n    { phase: \"16\", label: \"Voltage\", unit: \"(V)\" }\n];\n\nfor (var i = 0; i < signals.length; i++) {\n    var s = signals[i];\n    var baseLabel = s.label + \" \" + s.phase + \" \" + s.unit;\n    var rawKey = \"Raw \" + baseLabel;\n    var counterKey = \"c\" + s.label.charAt(0).toLowerCase() + s.phase;\n    var filterKey = \"f1\" + s.label.charAt(0).toLowerCase() + s.phase;\n\n    if (rawKey in msg) {\n        var cfg = config[s.label]; // use label to get config (Current, Power, Voltage)\n        var newVal = msg[rawKey];\n        var pastVal = safeParse(metadata[baseLabel]);\n        var counter = safeParse(metadata[counterKey]);\n        var oldFilVal = safeParse(metadata[filterKey]);\n\n        var updatedCounter = filter1(newVal, counter, cfg.min, cfg.max,pastVal,cfg.spikeDrop);\n        var filteredVal = filter2(newVal, pastVal, cfg.min, cfg.max,cfg.spikeDrop);\n        var finalVal = filter3(newVal, filteredVal, oldFilVal, counter);\n        var finalVal2 = filter4(newVal,finalVal,counter,cfg.spikeDrop,pastVal,cfg.min);\n\n        msg[counterKey] = updatedCounter;\n        msg[filterKey] = filteredVal;\n        msg[baseLabel] = finalVal2;\n    }\n}\n\nreturn { msg: msg, metadata: metadata, msgType: msgType };\n",
          "tbelScript": "return {msg: msg, metadata: metadata, msgType: msgType};"
        },
        "additionalInfo": {
          "description": "",
          "layoutX": 870,
          "layoutY": 478
        }
      },
      {
        "type": "org.thingsboard.rule.engine.metadata.TbGetTelemetryNode",
        "name": "get params",
        "debugSettings": {
          "failuresEnabled": false,
          "allEnabled": false,
          "allEnabledUntil": 1751523221740
        },
        "singletonMode": false,
        "queueName": null,
        "configurationVersion": 2,
        "configuration": {
          "latestTsKeyNames": [
            "Current 6 (A)",
            "Power 6 (kW)",
            "Voltage 6 (V)",
            "cc6",
            "cp6",
            "cv6",
            "f1c6",
            "f1p6",
            "f1v6",
            "upC6",
            "upP6",
            "upC14",
            "upP14",
            "upC15",
            "upP15",
            "upC16",
            "upP16"
          ],
          "aggregation": "NONE",
          "fetchMode": "LAST",
          "orderBy": "ASC",
          "limit": 1000,
          "useMetadataIntervalPatterns": false,
          "startIntervalPattern": "",
          "endIntervalPattern": "",
          "startInterval": 1,
          "startIntervalTimeUnit": "DAYS",
          "endInterval": 1,
          "endIntervalTimeUnit": "SECONDS"
        },
        "additionalInfo": {
          "description": "",
          "layoutX": 559,
          "layoutY": 140
        }
      },
      {
        "type": "org.thingsboard.rule.engine.metadata.TbGetTelemetryNode",
        "name": "get params",
        "debugSettings": {
          "failuresEnabled": false,
          "allEnabled": false,
          "allEnabledUntil": 1757392742997
        },
        "singletonMode": false,
        "queueName": null,
        "configurationVersion": 2,
        "configuration": {
          "latestTsKeyNames": [
            "Power 7 (kW)",
            "Power 8 (kW)",
            "Power 13 (kW)",
            "Current 7 (A)",
            "Current 8 (A)",
            "Current 13 (A)",
            "Voltage 7 (V)",
            "Voltage 8 (V)",
            "Voltage 13 (V)",
            "cc7",
            "cc8",
            "cc13",
            "cv7",
            "cv8",
            "cv13",
            "cp7",
            "cp8",
            "cp13",
            "f1c7",
            "f1c8",
            "f1c13",
            "f1p7",
            "f1p8",
            "f1p13",
            "f1v7",
            "f1v8",
            "f1v13",
            "upC7",
            "upP7",
            "upC8",
            "upP8",
            "upC13",
            "upP13"
          ],
          "aggregation": "NONE",
          "fetchMode": "LAST",
          "orderBy": "ASC",
          "limit": 1000,
          "useMetadataIntervalPatterns": false,
          "startIntervalPattern": "",
          "endIntervalPattern": "",
          "startInterval": 1,
          "startIntervalTimeUnit": "DAYS",
          "endInterval": 1,
          "endIntervalTimeUnit": "SECONDS"
        },
        "additionalInfo": {
          "description": "",
          "layoutX": 560,
          "layoutY": 318
        }
      },
      {
        "type": "org.thingsboard.rule.engine.metadata.TbGetTelemetryNode",
        "name": "get params",
        "debugSettings": {
          "failuresEnabled": false,
          "allEnabled": false,
          "allEnabledUntil": 0
        },
        "singletonMode": false,
        "queueName": null,
        "configurationVersion": 2,
        "configuration": {
          "latestTsKeyNames": [
            "Voltage 14 (V)",
            "Voltage 15 (V)",
            "Voltage 16 (V)",
            "Power 14 (kW)",
            "Power 15 (kW)",
            "Power 16 (kW)",
            "Current 14 (A)",
            "Current 15 (A)",
            "Current 16 (A)",
            "cc14",
            "cc15",
            "cc16",
            "cv14",
            "cv15",
            "cv16",
            "cp14",
            "cp15",
            "cp16",
            "f1c14",
            "f1c15",
            "f1c16",
            "f1p14",
            "f1p15",
            "f1p16",
            "f1v14",
            "f1v15",
            "f1v16",
            "upC14",
            "upC15",
            "upC16",
            "upP14",
            "upP15",
            "upP16"
          ],
          "aggregation": "NONE",
          "fetchMode": "LAST",
          "orderBy": "ASC",
          "limit": 1000,
          "useMetadataIntervalPatterns": false,
          "startIntervalPattern": "",
          "endIntervalPattern": "",
          "startInterval": 1,
          "startIntervalTimeUnit": "DAYS",
          "endInterval": 1,
          "endIntervalTimeUnit": "SECONDS"
        },
        "additionalInfo": {
          "description": "",
          "layoutX": 557,
          "layoutY": 479
        }
      },
      {
        "type": "org.thingsboard.rule.engine.telemetry.TbMsgTimeseriesNode",
        "name": "save",
        "debugSettings": null,
        "singletonMode": false,
        "queueName": null,
        "configurationVersion": 0,
        "configuration": {
          "defaultTTL": 0,
          "skipLatestPersistence": false,
          "useServerTs": false
        },
        "additionalInfo": {
          "description": "",
          "layoutX": 1159,
          "layoutY": 138
        }
      },
      {
        "type": "org.thingsboard.rule.engine.telemetry.TbMsgTimeseriesNode",
        "name": "save",
        "debugSettings": {
          "failuresEnabled": false,
          "allEnabled": false,
          "allEnabledUntil": 0
        },
        "singletonMode": false,
        "queueName": null,
        "configurationVersion": 0,
        "configuration": {
          "defaultTTL": 0,
          "skipLatestPersistence": false,
          "useServerTs": false
        },
        "additionalInfo": {
          "description": "",
          "layoutX": 1152,
          "layoutY": 323
        }
      },
      {
        "type": "org.thingsboard.rule.engine.telemetry.TbMsgTimeseriesNode",
        "name": "save",
        "debugSettings": {
          "failuresEnabled": false,
          "allEnabled": false,
          "allEnabledUntil": 0
        },
        "singletonMode": false,
        "queueName": null,
        "configurationVersion": 0,
        "configuration": {
          "defaultTTL": 0,
          "skipLatestPersistence": false,
          "useServerTs": false
        },
        "additionalInfo": {
          "description": "",
          "layoutX": 1136,
          "layoutY": 473
        }
      },
      {
        "type": "org.thingsboard.rule.engine.rest.TbRestApiCallNode",
        "name": "Send to cranes",
        "debugSettings": {
          "failuresEnabled": true,
          "allEnabled": false,
          "allEnabledUntil": 1750752749221
        },
        "singletonMode": false,
        "queueName": null,
        "configurationVersion": 3,
        "configuration": {
          "restEndpointUrlPattern": "https://cranes.asia/api/v1/${deviceName}/telemetry",
          "requestMethod": "POST",
          "useSimpleClientHttpFactory": false,
          "parseToPlainText": null,
          "ignoreRequestBody": false,
          "enableProxy": false,
          "useSystemProxyProperties": false,
          "proxyScheme": null,
          "proxyHost": null,
          "proxyPort": 0,
          "proxyUser": null,
          "proxyPassword": null,
          "readTimeoutMs": 0,
          "maxParallelRequestsCount": 0,
          "headers": {
            "Content-Type": "application/json"
          },
          "credentials": {
            "type": "anonymous"
          },
          "maxInMemoryBufferSizeInKb": 256
        },
        "additionalInfo": {
          "description": "",
          "layoutX": 1417,
          "layoutY": 138
        }
      },
      {
        "type": "org.thingsboard.rule.engine.rest.TbRestApiCallNode",
        "name": "Send to cranes",
        "debugSettings": {
          "failuresEnabled": true,
          "allEnabled": false,
          "allEnabledUntil": 0
        },
        "singletonMode": false,
        "queueName": null,
        "configurationVersion": 3,
        "configuration": {
          "restEndpointUrlPattern": "https://cranes.asia/api/v1/${deviceName}/telemetry",
          "requestMethod": "POST",
          "useSimpleClientHttpFactory": false,
          "parseToPlainText": null,
          "ignoreRequestBody": false,
          "enableProxy": false,
          "useSystemProxyProperties": false,
          "proxyScheme": null,
          "proxyHost": null,
          "proxyPort": 0,
          "proxyUser": null,
          "proxyPassword": null,
          "readTimeoutMs": 0,
          "maxParallelRequestsCount": 0,
          "headers": {
            "Content-Type": "application/json"
          },
          "credentials": {
            "type": "anonymous"
          },
          "maxInMemoryBufferSizeInKb": 256
        },
        "additionalInfo": {
          "description": "",
          "layoutX": 1435,
          "layoutY": 311
        }
      },
      {
        "type": "org.thingsboard.rule.engine.rest.TbRestApiCallNode",
        "name": "Send to cranes",
        "debugSettings": {
          "failuresEnabled": true,
          "allEnabled": false,
          "allEnabledUntil": 0
        },
        "singletonMode": false,
        "queueName": null,
        "configurationVersion": 3,
        "configuration": {
          "restEndpointUrlPattern": "https://cranes.asia/api/v1/${deviceName}/telemetry",
          "requestMethod": "POST",
          "useSimpleClientHttpFactory": false,
          "parseToPlainText": null,
          "ignoreRequestBody": false,
          "enableProxy": false,
          "useSystemProxyProperties": false,
          "proxyScheme": null,
          "proxyHost": null,
          "proxyPort": 0,
          "proxyUser": null,
          "proxyPassword": null,
          "readTimeoutMs": 0,
          "maxParallelRequestsCount": 0,
          "headers": {
            "Content-Type": "application/json"
          },
          "credentials": {
            "type": "anonymous"
          },
          "maxInMemoryBufferSizeInKb": 256
        },
        "additionalInfo": {
          "description": "",
          "layoutX": 1432,
          "layoutY": 462
        }
      },
      {
        "type": "org.thingsboard.rule.engine.transform.TbTransformMsgNode",
        "name": "Filter 2",
        "debugSettings": {
          "failuresEnabled": false,
          "allEnabled": false,
          "allEnabledUntil": 1754553317075
        },
        "singletonMode": false,
        "queueName": null,
        "configurationVersion": 0,
        "configuration": {
          "scriptLang": "JS",
          "jsScript": "function filter1(NewVal, counter,pastVal,spike) {\n    var delta = NewVal - pastVal; \n    return (pastVal === 0 && NewVal > 50 ) ? counter + 1 : 1;\n}\n\nfunction filter2(NewVal, pastVal, spike,counter) {\n    var delta = NewVal - pastVal;\n    return (pastVal === 0 && NewVal > 50 && counter < 2) ? 0 : NewVal;\n}\n\nfunction safeParse(val) {\n    try {\n        return parseFloat(JSON.parse(val));\n    } catch (e) {\n        return 0;\n    }\n}\n\nvar config = {\n  Current: { spike: 50},\n  Power:   { spike: 50 }\n};\n\nvar signals = [\n    { phase: \"6\", label: \"Current\", unit: \"(A)\"},\n    { phase: \"6\", label: \"Power\", unit: \"(kW)\"}\n];\n\nfor (var i = 0; i < signals.length; i++) {\n    var s = signals[i];\n    var baseLabel = s.label + \" \" + s.phase + \" \" + s.unit;\n    var counterKey = \"up\" + s.label.charAt(0).toUpperCase() + s.phase;\n  \n\n    if (baseLabel in msg) {\n        var cfg = config[s.label]; // use label to get config (Current, Power, Voltage)\n        var newVal = msg[baseLabel];\n        var pastVal = safeParse(metadata[baseLabel]);\n        var counter = safeParse(metadata[counterKey]);\n\n        var updatedCounter = filter1(newVal, counter, pastVal, cfg.spike);\n        var finalVal = filter2(newVal, pastVal,cfg.spike,counter);\n     \n\n        msg[counterKey] = updatedCounter;\n        msg[baseLabel] = finalVal;\n    }\n}\n\nreturn { msg: msg, metadata: metadata, msgType: msgType };\n",
          "tbelScript": "return {msg: msg, metadata: metadata, msgType: msgType};"
        },
        "additionalInfo": {
          "description": "",
          "layoutX": 970,
          "layoutY": 229
        }
      },
      {
        "type": "org.thingsboard.rule.engine.transform.TbTransformMsgNode",
        "name": "Filter 2",
        "debugSettings": {
          "failuresEnabled": false,
          "allEnabled": false,
          "allEnabledUntil": 1757409121491
        },
        "singletonMode": false,
        "queueName": null,
        "configurationVersion": 0,
        "configuration": {
          "scriptLang": "JS",
          "jsScript": "function filter1(NewVal, counter,pastVal,spike) {\n    var delta = NewVal - pastVal; \n    return (pastVal === 0 && NewVal > 50 ) ? counter + 1 : 1;\n}\n\nfunction filter2(NewVal, pastVal, spike,counter) {\n    var delta = NewVal - pastVal;\n    return (pastVal === 0 && NewVal > 50 && counter < 2) ? 0 : NewVal;\n}\n\nfunction safeParse(val) {\n    try {\n        return parseFloat(JSON.parse(val));\n    } catch (e) {\n        return 0;\n    }\n}\n\nvar config = {\n  Current: { spike: 50},\n  Power:   { spike: 50 }\n};\n\nvar signals = [\n    { phase: \"14\", label: \"Current\", unit: \"(A)\"},\n    { phase: \"14\", label: \"Power\", unit: \"(kW)\"},\n    { phase: \"15\", label: \"Current\", unit: \"(A)\" },\n    { phase: \"15\", label: \"Power\", unit: \"(kW)\" },\n    { phase: \"16\", label: \"Current\", unit: \"(A)\" },\n    { phase: \"16\", label: \"Power\", unit: \"(kW)\" }\n];\n\nfor (var i = 0; i < signals.length; i++) {\n    var s = signals[i];\n    var baseLabel = s.label + \" \" + s.phase + \" \" + s.unit;\n    var counterKey = \"up\" + s.label.charAt(0).toUpperCase() + s.phase;\n  \n\n    if (baseLabel in msg) {\n        var cfg = config[s.label]; // use label to get config (Current, Power, Voltage)\n        var newVal = msg[baseLabel];\n        var pastVal = safeParse(metadata[baseLabel]);\n        var counter = safeParse(metadata[counterKey]);\n\n        var updatedCounter = filter1(newVal, counter, pastVal, cfg.spike);\n        var finalVal = filter2(newVal, pastVal,cfg.spike,counter);\n     \n\n        msg[counterKey] = updatedCounter;\n        msg[baseLabel] = finalVal;\n    }\n}\n\nreturn { msg: msg, metadata: metadata, msgType: msgType };\n",
          "tbelScript": "return {msg: msg, metadata: metadata, msgType: msgType};"
        },
        "additionalInfo": {
          "description": "",
          "layoutX": 974,
          "layoutY": 563
        }
      },
      {
        "type": "org.thingsboard.rule.engine.transform.TbTransformMsgNode",
        "name": "Filter 2",
        "debugSettings": {
          "failuresEnabled": false,
          "allEnabled": false,
          "allEnabledUntil": 1757392891956
        },
        "singletonMode": false,
        "queueName": null,
        "configurationVersion": 0,
        "configuration": {
          "scriptLang": "JS",
          "jsScript": "function filter1(NewVal, counter,pastVal,spike) {\n    var delta = NewVal - pastVal; \n    return (pastVal === 0 && NewVal > 50 ) ? counter + 1 : 1;\n}\n\nfunction filter2(NewVal, pastVal, spike,counter) {\n    var delta = NewVal - pastVal;\n    return (pastVal === 0 && NewVal > 50 && counter < 2) ? 0 : NewVal;\n}\n\nfunction safeParse(val) {\n    try {\n        return parseFloat(JSON.parse(val));\n    } catch (e) {\n        return 0;\n    }\n}\n\nvar config = {\n  Current: { spike: 50},\n  Power:   { spike: 50 }\n};\n\nvar signals = [\n    { phase: \"7\", label: \"Current\", unit: \"(A)\"},\n    { phase: \"7\", label: \"Power\", unit: \"(kW)\"},\n    { phase: \"8\", label: \"Current\", unit: \"(A)\" },\n    { phase: \"8\", label: \"Power\", unit: \"(kW)\" },\n    { phase: \"13\", label: \"Current\", unit: \"(A)\" },\n    { phase: \"13\", label: \"Power\", unit: \"(kW)\" }\n];\n\nfor (var i = 0; i < signals.length; i++) {\n    var s = signals[i];\n    var baseLabel = s.label + \" \" + s.phase + \" \" + s.unit;\n    var counterKey = \"up\" + s.label.charAt(0).toUpperCase() + s.phase;\n  \n\n    if (baseLabel in msg) {\n        var cfg = config[s.label]; // use label to get config (Current, Power, Voltage)\n        var newVal = msg[baseLabel];\n        var pastVal = safeParse(metadata[baseLabel]);\n        var counter = safeParse(metadata[counterKey]);\n\n        var updatedCounter = filter1(newVal, counter, pastVal, cfg.spike);\n        var finalVal = filter2(newVal, pastVal,cfg.spike,counter);\n     \n\n        msg[counterKey] = updatedCounter;\n        msg[baseLabel] = finalVal;\n    }\n}\n\nreturn { msg: msg, metadata: metadata, msgType: msgType };\n",
          "tbelScript": "return {msg: msg, metadata: metadata, msgType: msgType};"
        },
        "additionalInfo": {
          "description": "",
          "layoutX": 965,
          "layoutY": 397
        }
      }
    ],
    "connections": [
      {
        "fromIndex": 0,
        "toIndex": 14,
        "type": "Success"
      },
      {
        "fromIndex": 1,
        "toIndex": 2,
        "type": "False"
      },
      {
        "fromIndex": 1,
        "toIndex": 5,
        "type": "True"
      },
      {
        "fromIndex": 2,
        "toIndex": 6,
        "type": "True"
      },
      {
        "fromIndex": 2,
        "toIndex": 7,
        "type": "False"
      },
      {
        "fromIndex": 3,
        "toIndex": 16,
        "type": "Success"
      },
      {
        "fromIndex": 4,
        "toIndex": 15,
        "type": "Success"
      },
      {
        "fromIndex": 5,
        "toIndex": 0,
        "type": "Success"
      },
      {
        "fromIndex": 6,
        "toIndex": 3,
        "type": "Success"
      },
      {
        "fromIndex": 7,
        "toIndex": 4,
        "type": "Success"
      },
      {
        "fromIndex": 8,
        "toIndex": 11,
        "type": "Success"
      },
      {
        "fromIndex": 9,
        "toIndex": 12,
        "type": "Success"
      },
      {
        "fromIndex": 10,
        "toIndex": 13,
        "type": "Success"
      },
      {
        "fromIndex": 14,
        "toIndex": 8,
        "type": "Success"
      },
      {
        "fromIndex": 15,
        "toIndex": 10,
        "type": "Success"
      },
      {
        "fromIndex": 16,
        "toIndex": 9,
        "type": "Success"
      }
    ],
    "ruleChainConnections": null
  }
}