{
  "ruleChain": {
    "name": "DPM Rule Chain",
    "type": "CORE",
    "firstRuleNodeId": null,
    "root": false,
    "debugMode": true,
    "configuration": null,
    "additionalInfo": {
      "description": ""
    }
  },
  "metadata": {
    "version": 42,
    "firstNodeIndex": 2,
    "nodes": [
      {
        "type": "org.thingsboard.rule.engine.transform.TbTransformMsgNode",
        "name": "IEEE754 Hex to Float Converter",
        "debugSettings": {
          "failuresEnabled": false,
          "allEnabled": false,
          "allEnabledUntil": 1765867994365
        },
        "singletonMode": false,
        "queueName": null,
        "configurationVersion": 0,
        "configuration": {
          "scriptLang": "JS",
          "jsScript": "function swap(val) {\r\n    return ((val & 0xFFFF) << 16) | ((val >> 16) & 0xFFFF);\r\n}\r\n\r\nfunction IEEE754converter(val) {\r\n    var intval = val;\r\n    var fval = 0.0;\r\n    var x;//exponent\r\n    var m;//mantissa\r\n    var s;//sign\r\n    s = (intval & 0x80000000)?-1:1;\r\n    x = ((intval >> 23) & 0xFF);\r\n    m = (intval & 0x7FFFFF);\r\n    switch(x) {\r\n        case 0:\r\n            //zero, do nothing, ignore negative zero and subnormals\r\n            break;\r\n        case 0xFF:\r\n            if (m) fval = NaN;\r\n            else if (s > 0) fval = Number.POSITIVE_INFINITY;\r\n            else fval = Number.NEGATIVE_INFINITY;\r\n            break;\r\n        default:\r\n            x -= 127;\r\n            m += 0x800000;\r\n            fval = s * (m / 8388608.0) * Math.pow(2, x);\r\n            break;\r\n    }\r\n    return fval.toFixed(2);\r\n}\r\n\r\nfunction meatrolUInt32Convert(val){\r\n    var msw = (val >> 16) & 0xFFFF;\r\n    var lsw = val & 0xFFFF;\r\n    \r\n    var result = (msw * 65536) + lsw;\r\n    return result\r\n}\r\n\r\nif ('cdakWh' in msg) {\r\n    var newkWh = meatrolUInt32Convert(msg.cdakWh);\r\n    msg[\"CDA Energy Consumption\"] = parseInt(newkWh)\r\n}\r\n\r\nif ('pf7' in msg && msg.pf7 !== 4290772992) {\r\n    var pfx7 = IEEE754converter(msg.pf7);\r\n    msg[\"Power Factor 7\"] = parseFloat(pfx7);\r\n}\r\n\r\nif ('pf8' in msg && msg.pf8 !== 4290772992) {\r\n    var pfx8 = IEEE754converter(msg.pf8);\r\n    msg[\"Power Factor 8\"] = parseFloat(pfx8);\r\n}\r\n\r\nif ('pf13' in msg && msg.pf13 !== 4290772992) {\r\n    var pfx13 = IEEE754converter(msg.pf13);\r\n    msg[\"Power Factor 13\"] = parseFloat(pfx13);\r\n}\r\nif ('pf6' in msg && msg.pf6 !== 4290772992) {\r\n    var pfx6 = IEEE754converter(msg.pf6);\r\n    msg[\"Power Factor 6\"] = parseFloat(pfx6);\r\n}\r\nif ('pf14' in msg && msg.pf14 !== 4290772992) {\r\n    var pfx14 = IEEE754converter(msg.pf14);\r\n    msg[\"Power Factor 14\"] = parseFloat(pfx14);\r\n}\r\nif ('pf15' in msg && msg.pf15 !== 4290772992) {\r\n    var pfx15 = IEEE754converter(msg.pf15);\r\n    msg[\"Power Factor 15\"] = parseFloat(pfx15);\r\n}\r\nif ('pf16' in msg && msg.pf16 !== 4290772992) {\r\n    var pfx16 = IEEE754converter(msg.pf16);\r\n    msg[\"Power Factor 16\"] = parseFloat(pfx16);\r\n}\r\n\r\nif ('amp7' in msg) {\r\n    var i7 = IEEE754converter(msg.amp7);\r\n    msg[\"Current 7 (A)\"] = parseFloat(i7);\r\n    msg[\"Raw Current 7 (A)\"] = parseFloat(i7);\r\n}\r\n\r\nif ('amp8' in msg) {\r\n    var i8 = IEEE754converter(msg.amp8);\r\n    msg[\"Current 8 (A)\"] = parseFloat(i8);\r\n    msg[\"Raw Current 8 (A)\"] = parseFloat(i8);\r\n}\r\n\r\nif ('amp13' in msg) {\r\n    var i13 = IEEE754converter(msg.amp13);\r\n    msg[\"Current 13 (A)\"] = parseFloat(i13);\r\n    msg[\"Raw Current 13 (A)\"] = parseFloat(i13);\r\n}\r\n\r\nif ('amp14' in msg) {\r\n    var i14 = IEEE754converter(msg.amp14);\r\n    msg[\"Current 14 (A)\"] = parseFloat(i14);\r\n    msg[\"Raw Current 14 (A)\"] = parseFloat(i14);\r\n}\r\n\r\nif ('amp15' in msg) {\r\n    var i15 = IEEE754converter(msg.amp15);\r\n    msg[\"Current 15 (A)\"] = parseFloat(i15);\r\n    msg[\"Raw Current 15 (A)\"] = parseFloat(i15);\r\n}\r\n\r\nif ('amp6' in msg) {\r\n    var i6 = IEEE754converter(msg.amp6);\r\n    msg[\"Current 6 (A)\"] = parseFloat(i6);\r\n    msg[\"Raw Current 6 (A)\"] = parseFloat(i6);\r\n}\r\n\r\nif ('amp16' in msg) {\r\n    var i16 = IEEE754converter(msg.amp16);\r\n    msg[\"Current 16 (A)\"] = parseFloat(i16);\r\n    msg[\"Raw Current 16 (A)\"] = parseFloat(i16);\r\n}\r\n\r\nif ('volt7' in msg) {\r\n    var v7 = IEEE754converter(msg.volt7);\r\n    msg[\"Voltage 7 (V)\"] = parseFloat(v7);\r\n    msg[\"Raw Voltage 7 (V)\"] = parseFloat(v7);\r\n}\r\n\r\nif ('volt8' in msg) {\r\n    var v8 = IEEE754converter(msg.volt8);\r\n    msg[\"Voltage 8 (V)\"] = parseFloat(v8);\r\n    msg[\"Raw Voltage 8 (V)\"] = parseFloat(v8);\r\n}\r\n\r\nif ('volt13' in msg) {\r\n    var v13 = IEEE754converter(msg.volt13);\r\n    msg[\"Voltage 13 (V)\"] = parseFloat(v13);\r\n    msg[\"Raw Voltage 13 (V)\"] = parseFloat(v13);\r\n}\r\n\r\nif ('volt14' in msg) {\r\n    var v14 = IEEE754converter(msg.volt14);\r\n    msg[\"Voltage 14 (V)\"] = parseFloat(v14);\r\n    msg[\"Raw Voltage 14 (V)\"] = parseFloat(v14);\r\n}\r\n\r\nif ('volt15' in msg) {\r\n    var v15 = IEEE754converter(msg.volt15);\r\n    msg[\"Voltage 15 (V)\"] = parseFloat(v15);\r\n    msg[\"Raw Voltage 15 (V)\"] = parseFloat(v15);\r\n}\r\n\r\nif ('volt16' in msg) {\r\n    var v16 = IEEE754converter(msg.volt16);\r\n    msg[\"Voltage 16 (V)\"] = parseFloat(v16);\r\n    msg[\"Raw Voltage 16 (V)\"] = parseFloat(v16);\r\n}\r\n\r\nif ('volt6' in msg) {\r\n    var v6 = IEEE754converter(msg.volt6);\r\n    msg[\"Voltage 6 (V)\"] = parseFloat(v6);\r\n    msg[\"Raw Voltage 6 (V)\"] = parseFloat(v6);\r\n}\r\n\r\nif ('pwr7' in msg) {\r\n    var p7 = IEEE754converter(msg.pwr7);\r\n    msg[\"Power 7 (kW)\"] = parseFloat(p7);\r\n    msg[\"Raw Power 7 (kW)\"] = parseFloat(p7);\r\n}\r\n\r\nif ('pwr8' in msg) {\r\n    var p8 = IEEE754converter(msg.pwr8);\r\n    msg[\"Power 8 (kW)\"] = parseFloat(p8);\r\n    msg[\"Raw Power 8 (kW)\"] = parseFloat(p8);\r\n}\r\n\r\nif ('pwr13' in msg) {\r\n    var p13 = IEEE754converter(msg.pwr13);\r\n    msg[\"Power 13 (kW)\"] = parseFloat(p13);\r\n    msg[\"Raw Power 13 (kW)\"] = parseFloat(p13);\r\n}\r\nif ('pwr14' in msg) {\r\n    var p14 = IEEE754converter(msg.pwr14);\r\n    msg[\"Power 14 (kW)\"] = parseFloat(p14);\r\n    msg[\"Raw Power 14 (kW)\"] = parseFloat(p14);\r\n}\r\nif ('pwr15' in msg) {\r\n    var p15 = IEEE754converter(msg.pwr15);\r\n    msg[\"Power 15 (kW)\"] = parseFloat(p15);\r\n    msg[\"Raw Power 15 (kW)\"] = parseFloat(p15);\r\n}\r\nif ('pwr16' in msg) {\r\n    var p16 = IEEE754converter(msg.pwr16);\r\n    msg[\"Power 16 (kW)\"] = parseFloat(p16);\r\n    msg[\"Raw Power 16 (kW)\"] = parseFloat(p16);\r\n}\r\nif ('pwr6' in msg) {\r\n    var p6 = IEEE754converter(msg.pwr6);\r\n    msg[\"Power 6 (kW)\"] = parseFloat(p6);\r\n    msg[\"Raw Power 6 (kW)\"] = parseFloat(p6);\r\n}\r\n\r\nif ('energy7' in msg) {\r\n    var e7 = IEEE754converter(msg.energy7);\r\n    msg[\"Energy 7 (kWh)\"] = parseFloat(e7);\r\n}\r\n\r\nif ('energy8' in msg) {\r\n    var e8 = IEEE754converter(msg.energy8);\r\n    msg[\"Energy 8 (kWh)\"] = parseFloat(e8);\r\n}\r\n\r\nif ('energy13' in msg) {\r\n    var e13 = IEEE754converter(msg.energy13);\r\n    msg[\"Energy 13 (kWh)\"] = parseFloat(e13);\r\n}\r\n\r\nif ('energy14' in msg) {\r\n    var e14 = IEEE754converter(msg.energy14);\r\n    msg[\"Energy 14 (kWh)\"] = parseFloat(e14);\r\n}\r\nif ('energy15' in msg) {\r\n    var e15 = IEEE754converter(msg.energy15);\r\n    msg[\"Energy 15 (kWh)\"] = parseFloat(e15);\r\n}\r\n\r\nif ('energy16' in msg) {\r\n    var e16 = IEEE754converter(msg.energy16);\r\n    msg[\"Energy 16 (kWh)\"] = parseFloat(e16);\r\n}\r\nif ('energy6' in msg) {\r\n    var e6 = IEEE754converter(msg.energy6);\r\n    msg[\"Energy 6 (kWh)\"] = parseFloat(e6);\r\n}\r\n\r\nif ('md7' in msg && msg.md7 !== 4290772992) {\r\n    var m7 = IEEE754converter(msg.md7);\r\n    msg[\"Max Demand 7 (kW)\"] = parseFloat(m7);\r\n}\r\n\r\nif ('md8' in msg && msg.md8 !== 4290772992) {\r\n    var m8 = IEEE754converter(msg.md8);\r\n    msg[\"Max Demand 8 (kW)\"] = parseFloat(m8);\r\n}\r\n\r\nif ('md13' in msg && msg.md13 !== 4290772992) {\r\n    var m13 = IEEE754converter(msg.md13);\r\n    msg[\"Max Demand 13 (kW)\"] = parseFloat(m13);\r\n}\r\n\r\nif ('md14' in msg && msg.md14 !== 4290772992) {\r\n    var m14 = IEEE754converter(msg.md14);\r\n    msg[\"Max Demand 14 (kW)\"] = parseFloat(m14);\r\n}\r\nif ('md15' in msg && msg.md15 !== 4290772992) {\r\n    var m15 = IEEE754converter(msg.md15);\r\n    msg[\"Max Demand 15 (kW)\"] = parseFloat(m15);\r\n}\r\nif ('md16' in msg && msg.md16 !== 4290772992) {\r\n    var m16 = IEEE754converter(msg.md16);\r\n    msg[\"Max Demand 16 (kW)\"] = parseFloat(m16);\r\n}\r\nif ('md6' in msg && msg.md6 !== 4290772992) {\r\n    var m6 = IEEE754converter(msg.md6);\r\n    msg[\"Max Demand 6 (kW)\"] = parseFloat(m6);\r\n}\r\n\r\nif ('pd3' in msg && msg.pd3 !== 4290772992) {\r\n    var p3 = IEEE754converter(msg.pd3);\r\n    msg[\"Present Demand 3 (kW)\"] = parseFloat(p3);\r\n}\r\n\r\nif ('mdt1' in msg && msg.mdt1 !== 4294967295) {\r\n    msg[\"Max Demand Time 1\"] = msg.mdt1;\r\n}\r\n\r\nif ('mdt2' in msg && msg.mdt2 !== 4294967295) {\r\n    msg[\"Max Demand Time 2\"] = msg.mdt2;\r\n}\r\n////////////////////////////////////////////////////////////////\r\nif ('pfac6' in msg) {\r\n    var pA15 = IEEE754converter(msg.pfac6);\r\n    msg[\"Power Factor 6\"] = parseFloat(pA15);\r\n}\r\nif ('pfac7' in msg) {\r\n    var pA15 = IEEE754converter(msg.pfac7);\r\n    msg[\"Power Factor 7\"] = parseFloat(pA15);\r\n}\r\nif ('pfac8' in msg) {\r\n    var pA15 = IEEE754converter(msg.pfac8);\r\n    msg[\"Power Factor 8\"] = parseFloat(pA15);\r\n}\r\nif ('pfac13' in msg) {\r\n    var pA15 = IEEE754converter(msg.pfac13);\r\n    msg[\"Power Factor 13\"] = parseFloat(pA15);\r\n}\r\nif ('pfac14' in msg) {\r\n    var pA15 = IEEE754converter(msg.pfac14);\r\n    msg[\"Power Factor 14\"] = parseFloat(pA15);\r\n}\r\nif ('pfac15' in msg) {\r\n    var pA15 = IEEE754converter(msg.pfac15);\r\n    msg[\"Power Factor 15\"] = parseFloat(pA15);\r\n}\r\nif ('pfac16' in msg) {\r\n    var pA15 = IEEE754converter(msg.pfac16);\r\n    msg[\"Power Factor 16\"] = parseFloat(pA15);\r\n}\r\n\r\n///////////////////////////////////////////////////////////////////////////////////\r\nif ('ampA15' in msg) {\r\n    var aA15 = IEEE754converter(msg.ampA15);\r\n    msg[\"Current A 15\"] = parseFloat(aA15);\r\n}\r\nif ('ampB15' in msg) {\r\n    var aB15 = IEEE754converter(msg.ampB15);\r\n    msg[\"Current B 15\"] = parseFloat(aB15);\r\n}\r\nif ('ampC15' in msg) {\r\n    var aC15 = IEEE754converter(msg.ampC15);\r\n    msg[\"Current C 15\"] = parseFloat(aC15);\r\n}\r\n\r\n\r\nreturn {msg: msg, metadata: metadata, msgType: msgType};",
          "tbelScript": null
        },
        "additionalInfo": {
          "description": "",
          "layoutX": 731,
          "layoutY": 153
        }
      },
      {
        "type": "org.thingsboard.rule.engine.rest.TbRestApiCallNode",
        "name": "Send to SCM",
        "debugSettings": {
          "failuresEnabled": true,
          "allEnabled": false,
          "allEnabledUntil": 1742110496850
        },
        "singletonMode": false,
        "queueName": null,
        "configurationVersion": 3,
        "configuration": {
          "restEndpointUrlPattern": "https://scmboard.com/api/v1/${deviceName}/telemetry",
          "requestMethod": "POST",
          "useSimpleClientHttpFactory": false,
          "ignoreRequestBody": false,
          "enableProxy": false,
          "useSystemProxyProperties": false,
          "proxyScheme": null,
          "proxyHost": null,
          "proxyPort": 0,
          "proxyUser": null,
          "proxyPassword": null,
          "readTimeoutMs": 0,
          "maxParallelRequestsCount": 0,
          "headers": {
            "Content-Type": "application/json"
          },
          "credentials": {
            "type": "anonymous"
          },
          "maxInMemoryBufferSizeInKb": 256
        },
        "additionalInfo": {
          "description": "",
          "layoutX": 1330,
          "layoutY": 220
        }
      },
      {
        "type": "org.thingsboard.rule.engine.filter.TbMsgTypeSwitchNode",
        "name": "Message Type Switch",
        "debugSettings": {
          "failuresEnabled": true,
          "allEnabled": false,
          "allEnabledUntil": 1742110496850
        },
        "singletonMode": false,
        "queueName": null,
        "configurationVersion": 0,
        "configuration": {
          "version": 0
        },
        "additionalInfo": {
          "description": "",
          "layoutX": 357,
          "layoutY": 150
        }
      },
      {
        "type": "org.thingsboard.rule.engine.telemetry.TbMsgAttributesNode",
        "name": "Save Attributes",
        "debugSettings": {
          "failuresEnabled": true,
          "allEnabled": false,
          "allEnabledUntil": 1742110496850
        },
        "singletonMode": false,
        "queueName": null,
        "configurationVersion": 2,
        "configuration": {
          "scope": "CLIENT_SCOPE",
          "notifyDevice": false,
          "sendAttributesUpdatedNotification": false,
          "updateAttributesOnlyOnValueChange": false
        },
        "additionalInfo": {
          "description": "",
          "layoutX": 730,
          "layoutY": 39
        }
      },
      {
        "type": "org.thingsboard.rule.engine.action.TbCreateAlarmNode",
        "name": "Create Inactivity Alarm",
        "debugSettings": {
          "failuresEnabled": true,
          "allEnabled": false,
          "allEnabledUntil": 1742110496850
        },
        "singletonMode": false,
        "queueName": null,
        "configurationVersion": 0,
        "configuration": {
          "scriptLang": "TBEL",
          "alarmDetailsBuildJs": "var details = {};\nif (metadata.prevAlarmDetails) {\n    details = JSON.parse(metadata.prevAlarmDetails);\n    //remove prevAlarmDetails from metadata\n    delete metadata.prevAlarmDetails;\n    //now metadata is the same as it comes IN this rule node\n}\n\n\nreturn details;",
          "alarmDetailsBuildTbel": "var details = {};\nif (metadata.prevAlarmDetails != null) {\n    details = JSON.parse(metadata.prevAlarmDetails);\n    //remove prevAlarmDetails from metadata\n    metadata.remove('prevAlarmDetails');\n    //now metadata is the same as it comes IN this rule node\n}\n\n\nreturn details;",
          "useMessageAlarmData": false,
          "overwriteAlarmDetails": false,
          "alarmType": "Inactivity Timeout",
          "severity": "CRITICAL",
          "propagate": false,
          "relationTypes": [],
          "propagateToOwner": false,
          "propagateToOwnerHierarchy": false,
          "propagateToTenant": false,
          "dynamicSeverity": false
        },
        "additionalInfo": {
          "description": "",
          "layoutX": 715,
          "layoutY": 594
        }
      },
      {
        "type": "org.thingsboard.rule.engine.mail.TbMsgToEmailNode",
        "name": "Inactivity Email",
        "debugSettings": null,
        "singletonMode": false,
        "queueName": null,
        "configurationVersion": 0,
        "configuration": {
          "fromTemplate": "sqcmboard@gmail.com",
          "toTemplate": "sqcmboard@gmail.com",
          "ccTemplate": "",
          "bccTemplate": "roslee@mimos.my, pannir@mimos.my, pannirk@gmail.com",
          "subjectTemplate": "AEL TB: Device ${deviceName} is Inactive",
          "mailBodyType": "false",
          "bodyTemplate": "AEL: Device ${deviceName} is Inactive"
        },
        "additionalInfo": {
          "description": "",
          "layoutX": 1020,
          "layoutY": 593
        }
      },
      {
        "type": "org.thingsboard.rule.engine.mail.TbSendEmailNode",
        "name": "Send Gmail",
        "debugSettings": null,
        "singletonMode": false,
        "queueName": null,
        "configurationVersion": 0,
        "configuration": {
          "useSystemSmtpSettings": true,
          "smtpHost": "localhost",
          "smtpPort": 25,
          "username": null,
          "password": null,
          "smtpProtocol": "smtp",
          "timeout": 10000,
          "enableTls": false,
          "tlsVersion": "TLSv1.2",
          "enableProxy": false,
          "proxyHost": null,
          "proxyPort": null,
          "proxyUser": null,
          "proxyPassword": null
        },
        "additionalInfo": {
          "description": "",
          "layoutX": 1380,
          "layoutY": 592
        }
      },
      {
        "type": "org.thingsboard.rule.engine.action.TbClearAlarmNode",
        "name": "Clear Inactivity Alarm",
        "debugSettings": null,
        "singletonMode": false,
        "queueName": null,
        "configurationVersion": 0,
        "configuration": {
          "scriptLang": "TBEL",
          "alarmDetailsBuildJs": "var details = {};\nif (metadata.prevAlarmDetails) {\n    details = JSON.parse(metadata.prevAlarmDetails);\n    //remove prevAlarmDetails from metadata\n    delete metadata.prevAlarmDetails;\n    //now metadata is the same as it comes IN this rule node\n}\n\n\nreturn details;",
          "alarmDetailsBuildTbel": "var details = {};\nif (metadata.prevAlarmDetails != null) {\n    details = JSON.parse(metadata.prevAlarmDetails);\n    //remove prevAlarmDetails from metadata\n    metadata.remove('prevAlarmDetails');\n    //now metadata is the same as it comes IN this rule node\n}\n\n\nreturn details;",
          "alarmType": "Inactivity Timeout"
        },
        "additionalInfo": {
          "description": "",
          "layoutX": 628,
          "layoutY": 698
        }
      },
      {
        "type": "org.thingsboard.rule.engine.mail.TbMsgToEmailNode",
        "name": "Activity Email",
        "debugSettings": null,
        "singletonMode": false,
        "queueName": null,
        "configurationVersion": 0,
        "configuration": {
          "fromTemplate": "sqcmboard@gmail.com",
          "toTemplate": "sqcmboard@gmail.com",
          "ccTemplate": "",
          "bccTemplate": "roslee@mimos.my, pannir@mimos.my, pannirk@gmail.com",
          "subjectTemplate": "AEL TB: Device ${deviceName} is Active",
          "mailBodyType": "false",
          "bodyTemplate": "AEL: Device ${deviceName} is Active"
        },
        "additionalInfo": {
          "description": "",
          "layoutX": 943,
          "layoutY": 701
        }
      },
      {
        "type": "org.thingsboard.rule.engine.flow.TbRuleChainInputNode",
        "name": "Trigger Power Factor",
        "debugSettings": {
          "failuresEnabled": true,
          "allEnabled": false,
          "allEnabledUntil": 1742110496850
        },
        "singletonMode": false,
        "queueName": null,
        "configurationVersion": 1,
        "configuration": {
          "ruleChainId": "7f1c9e20-8f58-11ee-acfa-479c5176bfc9",
          "forwardMsgToDefaultRuleChain": false
        },
        "additionalInfo": {
          "description": "",
          "layoutX": 1864,
          "layoutY": 469
        }
      },
      {
        "type": "org.thingsboard.rule.engine.metadata.TbGetTelemetryNode",
        "name": "Get Previous Telemetry",
        "debugSettings": {
          "failuresEnabled": true,
          "allEnabled": false,
          "allEnabledUntil": 1742110496850
        },
        "singletonMode": false,
        "queueName": null,
        "configurationVersion": 2,
        "configuration": {
          "latestTsKeyNames": [
            "Voltage 1 (V)",
            "Voltage 2 (V)",
            "Voltage 3 (V)",
            "Current 1 (A)",
            "Current 2 (A)",
            "Current 3 (A)",
            "Power 1 (kW)",
            "Power 2 (kW)",
            "Power 3 (kW)",
            "Power Factor 1",
            "Power Factor 2",
            "Power Factor 3",
            "Energy 1 (kWh)",
            "Energy 2 (kWh)",
            "Energy 3 (kWh)",
            "Max Demand 1 (kW)",
            "Max Demand 2 (kW)",
            "Max Demand 3 (kW)"
          ],
          "aggregation": "NONE",
          "fetchMode": "LAST",
          "orderBy": "DESC",
          "limit": 1000,
          "useMetadataIntervalPatterns": false,
          "startIntervalPattern": "",
          "endIntervalPattern": "",
          "startInterval": 30,
          "startIntervalTimeUnit": "MINUTES",
          "endInterval": 30,
          "endIntervalTimeUnit": "SECONDS"
        },
        "additionalInfo": {
          "description": "",
          "layoutX": 1363,
          "layoutY": 154
        }
      },
      {
        "type": "org.thingsboard.rule.engine.transform.TbTransformMsgNode",
        "name": "Filter Telemetry",
        "debugSettings": {
          "failuresEnabled": true,
          "allEnabled": false,
          "allEnabledUntil": 1742110496850
        },
        "singletonMode": false,
        "queueName": null,
        "configurationVersion": 0,
        "configuration": {
          "scriptLang": "JS",
          "jsScript": "if (typeof msg[\"Energy 1 (kWh)\"] !== undefined) {\r\n    if(msg[\"Energy 1 (kWh)\"] <= 0 || msg[\"Energy 1 (kWh)\"] > 1e7 || msg.energy1 == 1939406849 || msg.energy1 == 1227104256) {\r\n        msg[\"Energy 1 (kWh)\"] = parseFloat(JSON.parse(metadata[\"Energy 1 (kWh)\"]));\r\n    }\r\n}\r\n\r\nif (typeof msg[\"Energy 2 (kWh)\"] !== undefined) {\r\n    if(msg[\"Energy 2 (kWh)\"] <= 0 || msg[\"Energy 2 (kWh)\"] > 1e7 || msg.energy2 == 1939406849 || msg.energy2 == 1227104256) {\r\n        msg[\"Energy 2 (kWh)\"] = parseFloat(JSON.parse(metadata[\"Energy 2 (kWh)\"]));\r\n    }\r\n}\r\n\r\nif (typeof msg[\"Energy 3 (kWh)\"] !== undefined) {\r\n    if(msg[\"Energy 3 (kWh)\"] <= 0 || msg[\"Energy 3 (kWh)\"] > 1e7 || msg.energy3i == 1939406849 || msg.energy3i == 1227104256) {\r\n        msg[\"Energy 3 (kWh)\"] = parseFloat(JSON.parse(metadata[\"Energy 3 (kWh)\"]));\r\n    }\r\n}\r\n\r\nif (typeof msg[\"Max Demand 1 (kW)\"] !== undefined) {\r\n    if(msg[\"Max Demand 1 (kW)\"] <= 0 || msg.md1 == 1939406849 || msg[\"Max Demand 1 (kW)\"] > 1e5) {\r\n        msg[\"Max Demand 1 (kW)\"] = parseFloat(JSON.parse(metadata[\"Max Demand 1 (kW)\"]));\r\n    }\r\n}\r\n\r\nif (typeof msg[\"Max Demand 2 (kW)\"] !== undefined) {\r\n    if(msg[\"Max Demand 2 (kW)\"] <= 0 || msg.md2 == 1939406849 || msg[\"Max Demand 2 (kW)\"] > 1e5) {\r\n        msg[\"Max Demand 2 (kW)\"] = parseFloat(JSON.parse(metadata[\"Max Demand 2 (kW)\"]));\r\n    }\r\n}\r\n\r\nif (typeof msg[\"Max Demand 3 (kW)\"] !== undefined) {\r\n    if(msg[\"Max Demand 3 (kW)\"] <= 0 || msg.md3 == 1939406849 || msg[\"Max Demand 3 (kW)\"] > 1e5) {\r\n        msg[\"Max Demand 3 (kW)\"] = parseFloat(JSON.parse(metadata[\"Max Demand 3 (kW)\"]));\r\n    }\r\n}\r\n\r\nif (typeof msg[\"Voltage 1 (V)\"] !== undefined) {\r\n    if(msg[\"Voltage 1 (V)\"] <= 0 || msg[\"Voltage 1 (V)\"] > 500) {\r\n        msg[\"Voltage 1 (V)\"] = parseFloat(JSON.parse(metadata[\"Voltage 1 (V)\"]));\r\n    }\r\n}\r\n\r\nif (typeof msg[\"Voltage 2 (V)\"] !== undefined) {\r\n    if(msg[\"Voltage 2 (V)\"] <= 0 || msg[\"Voltage 2 (V)\"] > 500) {\r\n        msg[\"Voltage 2 (V)\"] = parseFloat(JSON.parse(metadata[\"Voltage 2 (V)\"]));\r\n    }\r\n}\r\n\r\nif (typeof msg[\"Voltage 3 (V)\"] !== undefined) {\r\n    if(msg[\"Voltage 3 (V)\"] <= 0 || msg[\"Voltage 3 (V)\"] > 500) {\r\n        msg[\"Voltage 3 (V)\"] = parseFloat(JSON.parse(metadata[\"Voltage 3 (V)\"]));\r\n    }\r\n}\r\n\r\n/*\r\nif (typeof msg[\"Power Factor 1\"] !== undefined) {\r\n    if(msg[\"Power Factor 1\"] > 1) {\r\n        msg[\"Power Factor 1\"] = parseFloat(JSON.parse(metadata[\"Power Factor 1\"]));\r\n    }\r\n}\r\n\r\nif (typeof msg[\"Power Factor 2\"] !== undefined) {\r\n    if(msg[\"Power Factor 2\"] > 1) {\r\n        msg[\"Power Factor 2\"] = parseFloat(JSON.parse(metadata[\"Power Factor 2\"]));\r\n    }\r\n}\r\n*/\r\nif(typeof msg[\"Current 1 (A)\"] !== undefined && typeof msg[\"Power 1 (kW)\"] !== undefined && typeof msg[\"Power Factor 1\"] !== undefined) {\r\n    if((msg[\"Current 1 (A)\"] <= 0 || msg[\"Current 1 (A)\"] > 5000) && (msg[\"Power 1 (kW)\"] != 0 || msg[\"Power Factor 1\"] != 0)) {\r\n        msg[\"Current 1 (A)\"] = parseFloat(JSON.parse(metadata[\"Current 1 (A)\"]));\r\n    }\r\n\r\n    if((msg[\"Power 1 (kW)\"] <= 0 || msg[\"Power 1 (kW)\"] > 1e5 || msg.pwr1 == 1939406849 || msg.pwr1 == 1227104256) && (msg[\"Current 1 (A)\"] != 0 || msg[\"Power Factor 1\"] != 0)) {\r\n        msg[\"Power 1 (kW)\"] = parseFloat(JSON.parse(metadata[\"Power 1 (kW)\"]));\r\n    }\r\n\r\n    if(msg[\"Power Factor 1\"] <= 0 || msg[\"Power Factor 1\"] > 1 && (msg[\"Power 1 (kW)\"] != 0 || msg[\"Current 1 (A)\"] != 0)) {\r\n        msg[\"Power Factor 1\"] = parseFloat(JSON.parse(metadata[\"Power Factor 1\"]));\r\n    }\r\n}\r\n\r\nif(typeof msg[\"Current 2 (A)\"] !== undefined && typeof msg[\"Power 2 (kW)\"] !== undefined && typeof msg[\"Power Factor 2\"] !== undefined) {\r\n    if((msg[\"Current 2 (A)\"] <= 0 || msg[\"Current 2 (A)\"] > 5000) && (msg[\"Power 2 (kW)\"] != 0 || msg[\"Power Factor 2\"] != 0)) {\r\n        msg[\"Current 2 (A)\"] = parseFloat(JSON.parse(metadata[\"Current 2 (A)\"]));\r\n    }\r\n\r\n    if((msg[\"Power 2 (kW)\"] <= 0 || msg[\"Power 2 (kW)\"] > 1e5 || msg.pwr2 == 1939406849 || msg.pwr2 == 1227104256) && (msg[\"Current 2 (A)\"] != 0 || msg[\"Power Factor 2\"] != 0)) {\r\n        msg[\"Power 2 (kW)\"] = parseFloat(JSON.parse(metadata[\"Power 2 (kW)\"]));\r\n    }\r\n\r\n    if(msg[\"Power Factor 2\"] <= 0 || msg[\"Power Factor 2\"] > 1 && (msg[\"Power 2 (kW)\"] != 0 || msg[\"Current 2 (A)\"] != 0)) {\r\n        msg[\"Power Factor 2\"] = parseFloat(JSON.parse(metadata[\"Power Factor 2\"]));\r\n    }\r\n}\r\n\r\nif(typeof msg[\"Current 3 (A)\"] !== undefined && typeof msg[\"Power 3 (kW)\"] !== undefined && typeof msg[\"Power Factor 3\"] !== undefined) {\r\n    if((msg[\"Current 3 (A)\"] <= 0 || msg[\"Current 3 (A)\"] > 5000) && (msg[\"Power 3 (kW)\"] != 0 || msg[\"Power Factor 3\"] != 0)) {\r\n        msg[\"Current 3 (A)\"] = parseFloat(JSON.parse(metadata[\"Current 3 (A)\"]));\r\n    }\r\n\r\n    if((msg[\"Power 3 (kW)\"] <= 0 || msg[\"Power 3 (kW)\"] > 1e5 || msg.pwr3 == 1939406849 || msg.pwr3 == 1227104256) && (msg[\"Current 3 (A)\"] != 0 || msg[\"Power Factor 3\"] != 0)) {\r\n        msg[\"Power 3 (kW)\"] = parseFloat(JSON.parse(metadata[\"Power 3 (kW)\"]));\r\n    }\r\n\r\n    if(msg[\"Power Factor 3\"] <= 0 || msg[\"Power Factor 3\"] > 1 && (msg[\"Power 3 (kW)\"] != 0 || msg[\"Current 3 (A)\"] != 0)) {\r\n        msg[\"Power Factor 3\"] = parseFloat(JSON.parse(metadata[\"Power Factor 3\"]));\r\n    }\r\n}\r\n\r\nreturn {msg: msg, metadata: metadata, msgType: msgType};",
          "tbelScript": "return {msg: msg, metadata: metadata, msgType: msgType};"
        },
        "additionalInfo": {
          "description": "",
          "layoutX": 1680,
          "layoutY": 153
        }
      },
      {
        "type": "org.thingsboard.rule.engine.telemetry.TbMsgTimeseriesNode",
        "name": "Save Filtered Telemetry",
        "debugSettings": {
          "failuresEnabled": true,
          "allEnabled": false,
          "allEnabledUntil": 1742110496850
        },
        "singletonMode": false,
        "queueName": null,
        "configurationVersion": 0,
        "configuration": {
          "defaultTTL": 0,
          "skipLatestPersistence": false,
          "useServerTs": false
        },
        "additionalInfo": {
          "description": "",
          "layoutX": 1953,
          "layoutY": 186
        }
      },
      {
        "type": "org.thingsboard.rule.engine.filter.TbJsFilterNode",
        "name": "Is Initial Attributes?",
        "debugSettings": {
          "failuresEnabled": true,
          "allEnabled": false,
          "allEnabledUntil": 1742110496850
        },
        "singletonMode": false,
        "queueName": null,
        "configurationVersion": 0,
        "configuration": {
          "scriptLang": "JS",
          "jsScript": "if(typeof msg.Init !== undefined) {\n    return msg.Init > 0;\n}\n\nreturn false;",
          "tbelScript": "return msg.temperature > 20;"
        },
        "additionalInfo": {
          "description": "",
          "layoutX": 1041,
          "layoutY": 41
        }
      },
      {
        "type": "org.thingsboard.rule.engine.transform.TbTransformMsgNode",
        "name": "Set Timestamp",
        "debugSettings": {
          "failuresEnabled": true,
          "allEnabled": false,
          "allEnabledUntil": 1742110496850
        },
        "singletonMode": false,
        "queueName": null,
        "configurationVersion": 0,
        "configuration": {
          "scriptLang": "JS",
          "jsScript": "var today = new Date();\nvar gmtTime = today.getTime();\nvar localOffset = (-1) * today.getTimezoneOffset() * 60000;\nvar localTime = Math.round(new Date(gmtTime+localOffset).getTime() / 1000);\n\nreturn {msg: {\"setTimestamp\": localTime}, metadata: metadata, msgType: msgType};",
          "tbelScript": "return {msg: msg, metadata: metadata, msgType: msgType};"
        },
        "additionalInfo": {
          "description": "",
          "layoutX": 1360,
          "layoutY": 42
        }
      },
      {
        "type": "org.thingsboard.rule.engine.telemetry.TbMsgAttributesNode",
        "name": "Save Shared Attributes",
        "debugSettings": {
          "failuresEnabled": true,
          "allEnabled": false,
          "allEnabledUntil": 1742110496850
        },
        "singletonMode": false,
        "queueName": null,
        "configurationVersion": 2,
        "configuration": {
          "scope": "SHARED_SCOPE",
          "notifyDevice": true,
          "sendAttributesUpdatedNotification": false,
          "updateAttributesOnlyOnValueChange": false
        },
        "additionalInfo": {
          "description": "",
          "layoutX": 1674,
          "layoutY": 44
        }
      },
      {
        "type": "org.thingsboard.rule.engine.action.TbLogNode",
        "name": "Log RPC From Device",
        "debugSettings": {
          "failuresEnabled": true,
          "allEnabled": false,
          "allEnabledUntil": 1742110496850
        },
        "singletonMode": false,
        "queueName": null,
        "configurationVersion": 0,
        "configuration": {
          "scriptLang": "JS",
          "jsScript": "return '\\nIncoming message:\\n' + JSON.stringify(msg) + '\\nIncoming metadata:\\n' + JSON.stringify(metadata);",
          "tbelScript": "return '\\nIncoming message:\\n' + JSON.stringify(msg) + '\\nIncoming metadata:\\n' + JSON.stringify(metadata);"
        },
        "additionalInfo": {
          "description": "",
          "layoutX": 857,
          "layoutY": 474
        }
      },
      {
        "type": "org.thingsboard.rule.engine.transform.TbTransformMsgNode",
        "name": "Device RPC Request",
        "debugSettings": {
          "failuresEnabled": true,
          "allEnabled": false,
          "allEnabledUntil": 1742110496850
        },
        "singletonMode": false,
        "queueName": null,
        "configurationVersion": 0,
        "configuration": {
          "scriptLang": "JS",
          "jsScript": "if(typeof msg[\"method\"] !== 'undefined') {\n    if(msg[\"method\"] === \"getTime\") {\n        var today = new Date();\n        var gmtTime = today.getTime();\n        var localOffset = (-1)*today.getTimezoneOffset()*60000;\n        var localTime = Math.round(new Date(gmtTime+localOffset).getTime()/1000);\n        msg.method = \"setTime\";\n        msg.params = localTime;\n        msgType = \"RPC Message\";\n    }\n}\n\nreturn {msg: msg, metadata: metadata, msgType: msgType};",
          "tbelScript": "return {msg: msg, metadata: metadata, msgType: msgType};"
        },
        "additionalInfo": {
          "description": "",
          "layoutX": 1190,
          "layoutY": 471
        }
      },
      {
        "type": "org.thingsboard.rule.engine.filter.TbJsFilterNode",
        "name": "Is RPC Message?",
        "debugSettings": {
          "failuresEnabled": true,
          "allEnabled": false,
          "allEnabledUntil": 1742110496850
        },
        "singletonMode": false,
        "queueName": null,
        "configurationVersion": 0,
        "configuration": {
          "scriptLang": "JS",
          "jsScript": "return msgType == \"RPC Message\";",
          "tbelScript": "return msg.temperature > 20;"
        },
        "additionalInfo": {
          "description": "",
          "layoutX": 1512,
          "layoutY": 474
        }
      },
      {
        "type": "org.thingsboard.rule.engine.rpc.TbSendRPCReplyNode",
        "name": "Device RPC Response",
        "debugSettings": {
          "failuresEnabled": true,
          "allEnabled": false,
          "allEnabledUntil": 1742110496850
        },
        "singletonMode": false,
        "queueName": null,
        "configurationVersion": 0,
        "configuration": {
          "serviceIdMetaDataAttribute": "serviceId",
          "sessionIdMetaDataAttribute": "sessionId",
          "requestIdMetaDataAttribute": "requestId"
        },
        "additionalInfo": {
          "description": "",
          "layoutX": 1740,
          "layoutY": 561
        }
      },
      {
        "type": "org.thingsboard.rule.engine.metadata.TbGetTelemetryNode",
        "name": "Get Previous Energy Telemetry",
        "debugSettings": {
          "failuresEnabled": true,
          "allEnabled": false,
          "allEnabledUntil": 1742110496850
        },
        "singletonMode": false,
        "queueName": null,
        "configurationVersion": 2,
        "configuration": {
          "latestTsKeyNames": [
            "Energy 1 (kWh)",
            "Energy 2 (kWh)",
            "deltaTCumm1",
            "deltaTCumm2",
            "Energy 3 (kWh)",
            "deltaTCumm3"
          ],
          "aggregation": "NONE",
          "fetchMode": "ALL",
          "orderBy": "DESC",
          "limit": 2,
          "useMetadataIntervalPatterns": false,
          "startIntervalPattern": "",
          "endIntervalPattern": "",
          "startInterval": 1,
          "startIntervalTimeUnit": "DAYS",
          "endInterval": 30,
          "endIntervalTimeUnit": "SECONDS"
        },
        "additionalInfo": {
          "description": "",
          "layoutX": 998,
          "layoutY": 316
        }
      },
      {
        "type": "org.thingsboard.rule.engine.transform.TbTransformMsgNode",
        "name": "Filter Energy Telemetry",
        "debugSettings": {
          "failuresEnabled": true,
          "allEnabled": false,
          "allEnabledUntil": 1742110496850
        },
        "singletonMode": false,
        "queueName": null,
        "configurationVersion": 0,
        "configuration": {
          "scriptLang": "JS",
          "jsScript": "if (typeof msg[\"Energy 2 (kWh)\"] !== \"undefined\") {\r\n    var e2 = JSON.parse(metadata[\"Energy 2 (kWh)\"]);\r\n\tif (typeof metadata.deltaTCumm2 !== \"undefined\") {\r\n\t\tvar tc2 = JSON.parse(metadata[\"deltaTCumm2\"]);\r\n\t\tmsg.tc2 = tc2[0].value;\r\n\t}\r\n\telse {\r\n\t\tmsg.tc2=0;\r\n\t}\r\n\tvar tc2 = msg.tc2;\r\n    var ts2=e2[0].ts;\r\n    var en2=e2[0].value;\r\n    var deltaT = (metadata.ts-ts2)/(1000*60);\r\n\tvar deltaTR = deltaT+tc2;\r\n    var deltaTPrev = (e2[0].ts-e2[1].ts)/(1000*60);\r\n\tmsg.ts0_2=e2[0].ts/(1000*60);\r\n\tmsg.ts1_2=e2[1].ts/(1000*60);\r\n\tmsg.en0_2=e2[0].value;\r\n\tmsg.en1_2=e2[1].value;\r\n\tmsg.deltaTR2 = deltaTR;\r\n\tmsg.deltaTPrev2 = deltaTPrev;\r\n    var deltaE = msg[\"Energy 2 (kWh)\"]-en2;\r\n    var ratioE = deltaE/deltaTR;\r\n\tmsg.deltaE2 = deltaE;\r\n\tmsg.deltaT2 = deltaT;\r\n\tmsg.ratioE2 = ratioE;\r\n    if (ratioE > 20 || ratioE < 0) {\r\n        msg.en2Stray = msg[\"Energy 2 (kWh)\"];\r\n        msg[\"Energy 2 (kWh)\"] = en2;\r\n\t\tmsg.deltaTCumm2 = deltaT;\r\n    }\r\n\telse {\r\n\t\tmsg.deltaTCumm2 = 0;\r\n\t}\r\n}\r\n\r\nif (typeof msg[\"Energy 2 (kWh)\"] === \"undefined\") {\r\n        var e2 = JSON.parse(metadata[\"Energy 2 (kWh)\"]);\r\n        var en2=e2[0].value;\r\n        var ts2=e2[0].ts;\r\n        var deltaT = (metadata.ts-ts2)/(1000*60);\r\n        if (deltaT > 1.5) {\r\n            msg[\"Energy 2 (kWh)\"] = parseFloat(en2);\r\n\t\t\tmsg.deltaT2 = deltaT;\r\n\t\t\tmsg.deltaTCumm2 = deltaT;\r\n\t\t\tif (typeof metadata.deltaTCumm2 !== \"undefined\") {\r\n\t\t\t\tvar tc2 = JSON.parse(metadata[\"deltaTCumm2\"]);\r\n\t\t\t\tmsg.tc2 = tc2[0].value;\r\n\t\t\t\tmsg.deltaTCumm2 = msg.tc2+deltaT;\r\n\t\t\t}\r\n        }\r\n}\r\n\r\nif (typeof msg[\"Energy 3 (kWh)\"] !== \"undefined\") {\r\n    var e3 = JSON.parse(metadata[\"Energy 3 (kWh)\"]);\r\n\tif (typeof metadata.deltaTCumm3 !== \"undefined\") {\r\n\t\tvar tc3 = JSON.parse(metadata[\"deltaTCumm3\"]);\r\n\t\tmsg.tc3 = tc3[0].value;\r\n\t}\r\n\telse {\r\n\t\tmsg.tc3=0;\r\n\t}\r\n\tvar tc3 = msg.tc3;\r\n    var ts3=e3[0].ts;\r\n    var en3=e3[0].value;\r\n    var deltaT = (metadata.ts-ts3)/(1000*60);\r\n\tvar deltaTR = deltaT+tc3;\r\n    var deltaTPrev = (e3[0].ts-e3[1].ts)/(1000*60);\r\n\tmsg.ts0_2=e3[0].ts/(1000*60);\r\n\tmsg.ts1_2=e3[1].ts/(1000*60);\r\n\tmsg.en0_2=e3[0].value;\r\n\tmsg.en1_2=e3[1].value;\r\n\tmsg.deltaTR3 = deltaTR;\r\n\tmsg.deltaTPrev3 = deltaTPrev;\r\n    var deltaE = msg[\"Energy 3 (kWh)\"]-en3;\r\n    var ratioE = deltaE/deltaTR;\r\n\tmsg.deltaE3 = deltaE;\r\n\tmsg.deltaT3 = deltaT;\r\n\tmsg.ratioE3 = ratioE;\r\n    if (ratioE > 20 || ratioE < 0) {\r\n        msg.en3Stray = msg[\"Energy 3 (kWh)\"];\r\n        msg[\"Energy 3 (kWh)\"] = en3;\r\n\t\tmsg.deltaTCumm3 = deltaT;\r\n    }\r\n\telse {\r\n\t\tmsg.deltaTCumm3 = 0;\r\n\t}\r\n}\r\n\r\nif (typeof msg[\"Energy 3 (kWh)\"] === \"undefined\") {\r\n        var e3 = JSON.parse(metadata[\"Energy 3 (kWh)\"]);\r\n        var en3=e3[0].value;\r\n        var ts3=e3[0].ts;\r\n        var deltaT = (metadata.ts-ts3)/(1000*60);\r\n        if (deltaT > 1.5) {\r\n            msg[\"Energy 3 (kWh)\"] = parseFloat(en3);\r\n\t\t\tmsg.deltaT3 = deltaT;\r\n\t\t\tmsg.deltaTCumm3 = deltaT;\r\n\t\t\tif (typeof metadata.deltaTCumm3 !== \"undefined\") {\r\n\t\t\t\tvar tc3 = JSON.parse(metadata[\"deltaTCumm3\"]);\r\n\t\t\t\tmsg.tc3 = tc3[0].value;\r\n\t\t\t\tmsg.deltaTCumm3 = msg.tc3+deltaT;\r\n\t\t\t}\r\n        }\r\n}\r\n\r\nreturn {msg: msg, metadata: metadata, msgType: msgType};",
          "tbelScript": "return {msg: msg, metadata: metadata, msgType: msgType};"
        },
        "additionalInfo": {
          "description": "",
          "layoutX": 1318,
          "layoutY": 317
        }
      },
      {
        "type": "org.thingsboard.rule.engine.transform.TbTransformMsgNode",
        "name": "Inactivity Detection",
        "debugSettings": {
          "failuresEnabled": true,
          "allEnabled": false,
          "allEnabledUntil": 1742110496850
        },
        "singletonMode": false,
        "queueName": null,
        "configurationVersion": 0,
        "configuration": {
          "scriptLang": "JS",
          "jsScript": "/* if (metadata.deviceName==\"CPT-PG-DPM\") {\r\n\tif (metadata[\"Energy 1 (kWh)\"]) {\r\n\t\tvar e1 = JSON.parse(metadata[\"Energy 1 (kWh)\"]);\r\n\t\tvar ts1=e1[0].ts;\r\n\t\tvar deltaT = (metadata.ts-ts1)/(1000*60);\r\n\t\tmsg.td1 = deltaT;\r\n\t\tif (deltaT > 30) {\r\n\t\t\tmsg.t1 = 0;\r\n\t\t}\r\n\t\telse {\r\n\t\t\tmsg.t1 = 1;\r\n\t\t}\r\n\t}\r\n\telse {\r\n\t\tmsg.t1 = 0;\r\n\t}\r\n}\r\n\r\n*/\r\n\r\nif (metadata.deviceName==\"CPT-PG-DPM\") {\r\n\tif (metadata[\"Energy 2 (kWh)\"]) {\r\n\t\tvar e2 = JSON.parse(metadata[\"Energy 2 (kWh)\"]);\r\n\t\tvar ts2=e2[0].ts;\r\n\t\tvar deltaT = (metadata.ts-ts2)/(1000*60);\r\n\t\tmsg.td2 = deltaT;\r\n\t\tif (deltaT > 30) {\r\n\t\t\tmsg.t2 = 0;\r\n\t\t}\r\n\t\telse {\r\n\t\t\tmsg.t2 = 1;\r\n\t\t}\r\n\t}\r\n\telse {\r\n\t\tmsg.t2 = 0;\r\n\t}\r\n}\r\n\r\nif (metadata.deviceName==\"CPT-PG-DPM\") {\r\n\tif (metadata[\"Energy 3 (kWh)\"]) {\r\n\t\tvar e3 = JSON.parse(metadata[\"Energy 3 (kWh)\"]);\r\n\t\tvar ts3=e3[0].ts;\r\n\t\tvar deltaT = (metadata.ts-ts3)/(1000*60);\r\n\t\tmsg.td3 = deltaT;\r\n\t\tif (deltaT > 30) {\r\n\t\t\tmsg.t3 = 0;\r\n\t\t}\r\n\t\telse {\r\n\t\t\tmsg.t3 = 1;\r\n\t\t}\r\n\t}\r\n\telse {\r\n\t\tmsg.t3 = 0;\r\n\t}\r\n}\r\n\r\nreturn {msg: msg, metadata: metadata, msgType: msgType};",
          "tbelScript": "return {msg: msg, metadata: metadata, msgType: msgType};"
        },
        "additionalInfo": {
          "description": "",
          "layoutX": 1624,
          "layoutY": 319
        }
      },
      {
        "type": "org.thingsboard.rule.engine.rest.TbRestApiCallNode",
        "name": "Send to cranes",
        "debugSettings": {
          "failuresEnabled": true,
          "allEnabled": false,
          "allEnabledUntil": 1742110496850
        },
        "singletonMode": false,
        "queueName": null,
        "configurationVersion": 3,
        "configuration": {
          "restEndpointUrlPattern": "https://cranes.asia/api/v1/${deviceName}/telemetry",
          "requestMethod": "POST",
          "useSimpleClientHttpFactory": false,
          "parseToPlainText": null,
          "ignoreRequestBody": false,
          "enableProxy": false,
          "useSystemProxyProperties": false,
          "proxyScheme": null,
          "proxyHost": null,
          "proxyPort": 0,
          "proxyUser": null,
          "proxyPassword": null,
          "readTimeoutMs": 0,
          "maxParallelRequestsCount": 0,
          "headers": {
            "Content-Type": "application/json"
          },
          "credentials": {
            "type": "anonymous"
          },
          "maxInMemoryBufferSizeInKb": 256
        },
        "additionalInfo": {
          "description": "",
          "layoutX": 1125,
          "layoutY": 247
        }
      },
      {
        "type": "org.thingsboard.rule.engine.flow.TbRuleChainInputNode",
        "name": "dpm filter",
        "debugSettings": null,
        "singletonMode": false,
        "queueName": null,
        "configurationVersion": 1,
        "configuration": {
          "forwardMsgToDefaultRuleChain": false,
          "ruleChainId": "b3743d40-50a9-11f0-af73-f9e9756d5dcf"
        },
        "additionalInfo": {
          "description": "",
          "layoutX": 1089,
          "layoutY": 138
        }
      }
    ],
    "connections": [
      {
        "fromIndex": 0,
        "toIndex": 24,
        "type": "Success"
      },
      {
        "fromIndex": 2,
        "toIndex": 0,
        "type": "Post telemetry"
      },
      {
        "fromIndex": 2,
        "toIndex": 3,
        "type": "Post attributes"
      },
      {
        "fromIndex": 2,
        "toIndex": 4,
        "type": "Inactivity Event"
      },
      {
        "fromIndex": 2,
        "toIndex": 7,
        "type": "Activity Event"
      },
      {
        "fromIndex": 2,
        "toIndex": 16,
        "type": "RPC Request from Device"
      },
      {
        "fromIndex": 3,
        "toIndex": 13,
        "type": "Success"
      },
      {
        "fromIndex": 4,
        "toIndex": 5,
        "type": "Created"
      },
      {
        "fromIndex": 5,
        "toIndex": 6,
        "type": "Success"
      },
      {
        "fromIndex": 7,
        "toIndex": 8,
        "type": "Cleared"
      },
      {
        "fromIndex": 8,
        "toIndex": 6,
        "type": "Success"
      },
      {
        "fromIndex": 10,
        "toIndex": 11,
        "type": "Success"
      },
      {
        "fromIndex": 11,
        "toIndex": 12,
        "type": "Success"
      },
      {
        "fromIndex": 13,
        "toIndex": 14,
        "type": "True"
      },
      {
        "fromIndex": 14,
        "toIndex": 15,
        "type": "Success"
      },
      {
        "fromIndex": 16,
        "toIndex": 17,
        "type": "Success"
      },
      {
        "fromIndex": 17,
        "toIndex": 18,
        "type": "Success"
      },
      {
        "fromIndex": 18,
        "toIndex": 19,
        "type": "True"
      },
      {
        "fromIndex": 20,
        "toIndex": 21,
        "type": "Success"
      },
      {
        "fromIndex": 21,
        "toIndex": 22,
        "type": "Success"
      },
      {
        "fromIndex": 22,
        "toIndex": 10,
        "type": "Success"
      }
    ],
    "ruleChainConnections": null
  }
}