{
  "ruleChain": {
    "name": "FUJI RTD HTTP",
    "type": "CORE",
    "firstRuleNodeId": null,
    "root": false,
    "debugMode": true,
    "configuration": null,
    "additionalInfo": {
      "description": ""
    }
  },
  "metadata": {
    "version": 12,
    "firstNodeIndex": 2,
    "nodes": [
      {
        "type": "org.thingsboard.rule.engine.telemetry.TbMsgTimeseriesNode",
        "name": "Save Timeseries",
        "debugSettings": {
          "failuresEnabled": true,
          "allEnabled": false,
          "allEnabledUntil": 1742110496850
        },
        "singletonMode": false,
        "queueName": null,
        "configurationVersion": 0,
        "configuration": {
          "defaultTTL": 0
        },
        "additionalInfo": {
          "description": null,
          "layoutX": 1249,
          "layoutY": 136
        }
      },
      {
        "type": "org.thingsboard.rule.engine.rest.TbRestApiCallNode",
        "name": "Send to SCM",
        "debugSettings": {
          "failuresEnabled": true,
          "allEnabled": false,
          "allEnabledUntil": 1742110496850
        },
        "singletonMode": false,
        "queueName": null,
        "configurationVersion": 3,
        "configuration": {
          "restEndpointUrlPattern": "https://scmboard.com/api/v1/${deviceName}/telemetry",
          "requestMethod": "POST",
          "useSimpleClientHttpFactory": false,
          "ignoreRequestBody": false,
          "enableProxy": false,
          "useSystemProxyProperties": false,
          "proxyScheme": null,
          "proxyHost": null,
          "proxyPort": 0,
          "proxyUser": null,
          "proxyPassword": null,
          "readTimeoutMs": 0,
          "maxParallelRequestsCount": 0,
          "headers": {
            "Content-Type": "application/json"
          },
          "credentials": {
            "type": "anonymous"
          },
          "maxInMemoryBufferSizeInKb": 256
        },
        "additionalInfo": {
          "description": "",
          "layoutX": 1330,
          "layoutY": 220
        }
      },
      {
        "type": "org.thingsboard.rule.engine.filter.TbMsgTypeSwitchNode",
        "name": "Message Type Switch",
        "debugSettings": {
          "failuresEnabled": true,
          "allEnabled": false,
          "allEnabledUntil": 1742110496850
        },
        "singletonMode": false,
        "queueName": null,
        "configurationVersion": 0,
        "configuration": {
          "version": 0
        },
        "additionalInfo": {
          "description": "",
          "layoutX": 357,
          "layoutY": 150
        }
      },
      {
        "type": "org.thingsboard.rule.engine.telemetry.TbMsgAttributesNode",
        "name": "Save Attributes",
        "debugSettings": {
          "failuresEnabled": true,
          "allEnabled": false,
          "allEnabledUntil": 1742110496850
        },
        "singletonMode": false,
        "queueName": null,
        "configurationVersion": 2,
        "configuration": {
          "scope": "CLIENT_SCOPE",
          "notifyDevice": false,
          "sendAttributesUpdatedNotification": false,
          "updateAttributesOnlyOnValueChange": false
        },
        "additionalInfo": {
          "description": "",
          "layoutX": 730,
          "layoutY": 39
        }
      },
      {
        "type": "org.thingsboard.rule.engine.action.TbCreateAlarmNode",
        "name": "Create Inactivity Alarm",
        "debugSettings": {
          "failuresEnabled": true,
          "allEnabled": false,
          "allEnabledUntil": 1742110496850
        },
        "singletonMode": false,
        "queueName": null,
        "configurationVersion": 0,
        "configuration": {
          "scriptLang": "TBEL",
          "alarmDetailsBuildJs": "var details = {};\nif (metadata.prevAlarmDetails) {\n    details = JSON.parse(metadata.prevAlarmDetails);\n    //remove prevAlarmDetails from metadata\n    delete metadata.prevAlarmDetails;\n    //now metadata is the same as it comes IN this rule node\n}\n\n\nreturn details;",
          "alarmDetailsBuildTbel": "var details = {};\nif (metadata.prevAlarmDetails != null) {\n    details = JSON.parse(metadata.prevAlarmDetails);\n    //remove prevAlarmDetails from metadata\n    metadata.remove('prevAlarmDetails');\n    //now metadata is the same as it comes IN this rule node\n}\n\n\nreturn details;",
          "useMessageAlarmData": false,
          "overwriteAlarmDetails": false,
          "alarmType": "Inactivity Timeout",
          "severity": "CRITICAL",
          "propagate": false,
          "relationTypes": [],
          "propagateToOwner": false,
          "propagateToOwnerHierarchy": false,
          "propagateToTenant": false,
          "dynamicSeverity": false
        },
        "additionalInfo": {
          "description": "",
          "layoutX": 715,
          "layoutY": 594
        }
      },
      {
        "type": "org.thingsboard.rule.engine.mail.TbMsgToEmailNode",
        "name": "Inactivity Email",
        "debugSettings": null,
        "singletonMode": false,
        "queueName": null,
        "configurationVersion": 0,
        "configuration": {
          "fromTemplate": "sqcmboard@gmail.com",
          "toTemplate": "sqcmboard@gmail.com",
          "ccTemplate": "",
          "bccTemplate": "roslee@mimos.my, pannir@mimos.my, pannirk@gmail.com",
          "subjectTemplate": "AEL TB: Device ${deviceName} is Inactive",
          "mailBodyType": "false",
          "bodyTemplate": "AEL: Device ${deviceName} is Inactive"
        },
        "additionalInfo": {
          "description": "",
          "layoutX": 1020,
          "layoutY": 593
        }
      },
      {
        "type": "org.thingsboard.rule.engine.mail.TbSendEmailNode",
        "name": "Send Gmail",
        "debugSettings": null,
        "singletonMode": false,
        "queueName": null,
        "configurationVersion": 0,
        "configuration": {
          "useSystemSmtpSettings": true,
          "smtpHost": "localhost",
          "smtpPort": 25,
          "username": null,
          "password": null,
          "smtpProtocol": "smtp",
          "timeout": 10000,
          "enableTls": false,
          "tlsVersion": "TLSv1.2",
          "enableProxy": false,
          "proxyHost": null,
          "proxyPort": null,
          "proxyUser": null,
          "proxyPassword": null
        },
        "additionalInfo": {
          "description": "",
          "layoutX": 1380,
          "layoutY": 592
        }
      },
      {
        "type": "org.thingsboard.rule.engine.action.TbClearAlarmNode",
        "name": "Clear Inactivity Alarm",
        "debugSettings": null,
        "singletonMode": false,
        "queueName": null,
        "configurationVersion": 0,
        "configuration": {
          "scriptLang": "TBEL",
          "alarmDetailsBuildJs": "var details = {};\nif (metadata.prevAlarmDetails) {\n    details = JSON.parse(metadata.prevAlarmDetails);\n    //remove prevAlarmDetails from metadata\n    delete metadata.prevAlarmDetails;\n    //now metadata is the same as it comes IN this rule node\n}\n\n\nreturn details;",
          "alarmDetailsBuildTbel": "var details = {};\nif (metadata.prevAlarmDetails != null) {\n    details = JSON.parse(metadata.prevAlarmDetails);\n    //remove prevAlarmDetails from metadata\n    metadata.remove('prevAlarmDetails');\n    //now metadata is the same as it comes IN this rule node\n}\n\n\nreturn details;",
          "alarmType": "Inactivity Timeout"
        },
        "additionalInfo": {
          "description": "",
          "layoutX": 628,
          "layoutY": 698
        }
      },
      {
        "type": "org.thingsboard.rule.engine.mail.TbMsgToEmailNode",
        "name": "Activity Email",
        "debugSettings": null,
        "singletonMode": false,
        "queueName": null,
        "configurationVersion": 0,
        "configuration": {
          "fromTemplate": "sqcmboard@gmail.com",
          "toTemplate": "sqcmboard@gmail.com",
          "ccTemplate": "",
          "bccTemplate": "roslee@mimos.my, pannir@mimos.my, pannirk@gmail.com",
          "subjectTemplate": "AEL TB: Device ${deviceName} is Active",
          "mailBodyType": "false",
          "bodyTemplate": "AEL: Device ${deviceName} is Active"
        },
        "additionalInfo": {
          "description": "",
          "layoutX": 943,
          "layoutY": 701
        }
      },
      {
        "type": "org.thingsboard.rule.engine.filter.TbJsFilterNode",
        "name": "Is Initial Attributes?",
        "debugSettings": {
          "failuresEnabled": true,
          "allEnabled": false,
          "allEnabledUntil": 1742110496850
        },
        "singletonMode": false,
        "queueName": null,
        "configurationVersion": 0,
        "configuration": {
          "scriptLang": "JS",
          "jsScript": "if(typeof msg.Init !== undefined) {\n    return msg.Init > 0;\n}\n\nreturn false;",
          "tbelScript": "return msg.temperature > 20;"
        },
        "additionalInfo": {
          "description": "",
          "layoutX": 1041,
          "layoutY": 41
        }
      },
      {
        "type": "org.thingsboard.rule.engine.transform.TbTransformMsgNode",
        "name": "Set Timestamp",
        "debugSettings": {
          "failuresEnabled": true,
          "allEnabled": false,
          "allEnabledUntil": 1742110496850
        },
        "singletonMode": false,
        "queueName": null,
        "configurationVersion": 0,
        "configuration": {
          "scriptLang": "JS",
          "jsScript": "var today = new Date();\nvar gmtTime = today.getTime();\nvar localOffset = (-1) * today.getTimezoneOffset() * 60000;\nvar localTime = Math.round(new Date(gmtTime+localOffset).getTime() / 1000);\n\nreturn {msg: {\"setTimestamp\": localTime}, metadata: metadata, msgType: msgType};",
          "tbelScript": "return {msg: msg, metadata: metadata, msgType: msgType};"
        },
        "additionalInfo": {
          "description": "",
          "layoutX": 1360,
          "layoutY": 42
        }
      },
      {
        "type": "org.thingsboard.rule.engine.telemetry.TbMsgAttributesNode",
        "name": "Save Shared Attributes",
        "debugSettings": {
          "failuresEnabled": true,
          "allEnabled": false,
          "allEnabledUntil": 1742110496850
        },
        "singletonMode": false,
        "queueName": null,
        "configurationVersion": 2,
        "configuration": {
          "scope": "SHARED_SCOPE",
          "notifyDevice": true,
          "sendAttributesUpdatedNotification": false,
          "updateAttributesOnlyOnValueChange": false
        },
        "additionalInfo": {
          "description": "",
          "layoutX": 1674,
          "layoutY": 44
        }
      },
      {
        "type": "org.thingsboard.rule.engine.action.TbLogNode",
        "name": "Log RPC From Device",
        "debugSettings": {
          "failuresEnabled": true,
          "allEnabled": false,
          "allEnabledUntil": 1742110496850
        },
        "singletonMode": false,
        "queueName": null,
        "configurationVersion": 0,
        "configuration": {
          "scriptLang": "JS",
          "jsScript": "return '\\nIncoming message:\\n' + JSON.stringify(msg) + '\\nIncoming metadata:\\n' + JSON.stringify(metadata);",
          "tbelScript": "return '\\nIncoming message:\\n' + JSON.stringify(msg) + '\\nIncoming metadata:\\n' + JSON.stringify(metadata);"
        },
        "additionalInfo": {
          "description": "",
          "layoutX": 857,
          "layoutY": 474
        }
      },
      {
        "type": "org.thingsboard.rule.engine.transform.TbTransformMsgNode",
        "name": "Device RPC Request",
        "debugSettings": {
          "failuresEnabled": true,
          "allEnabled": false,
          "allEnabledUntil": 1742110496850
        },
        "singletonMode": false,
        "queueName": null,
        "configurationVersion": 0,
        "configuration": {
          "scriptLang": "JS",
          "jsScript": "if(typeof msg[\"method\"] !== 'undefined') {\n    if(msg[\"method\"] === \"getTime\") {\n        var today = new Date();\n        var gmtTime = today.getTime();\n        var localOffset = (-1)*today.getTimezoneOffset()*60000;\n        var localTime = Math.round(new Date(gmtTime+localOffset).getTime()/1000);\n        msg.method = \"setTime\";\n        msg.params = localTime;\n        msgType = \"RPC Message\";\n    }\n}\n\nreturn {msg: msg, metadata: metadata, msgType: msgType};",
          "tbelScript": "return {msg: msg, metadata: metadata, msgType: msgType};"
        },
        "additionalInfo": {
          "description": "",
          "layoutX": 1190,
          "layoutY": 471
        }
      },
      {
        "type": "org.thingsboard.rule.engine.filter.TbJsFilterNode",
        "name": "Is RPC Message?",
        "debugSettings": {
          "failuresEnabled": true,
          "allEnabled": false,
          "allEnabledUntil": 1742110496850
        },
        "singletonMode": false,
        "queueName": null,
        "configurationVersion": 0,
        "configuration": {
          "scriptLang": "JS",
          "jsScript": "return msgType == \"RPC Message\";",
          "tbelScript": "return msg.temperature > 20;"
        },
        "additionalInfo": {
          "description": "",
          "layoutX": 1512,
          "layoutY": 474
        }
      },
      {
        "type": "org.thingsboard.rule.engine.rpc.TbSendRPCReplyNode",
        "name": "Device RPC Response",
        "debugSettings": {
          "failuresEnabled": true,
          "allEnabled": false,
          "allEnabledUntil": 1742110496850
        },
        "singletonMode": false,
        "queueName": null,
        "configurationVersion": 0,
        "configuration": {
          "serviceIdMetaDataAttribute": "serviceId",
          "sessionIdMetaDataAttribute": "sessionId",
          "requestIdMetaDataAttribute": "requestId"
        },
        "additionalInfo": {
          "description": "",
          "layoutX": 1740,
          "layoutY": 561
        }
      },
      {
        "type": "org.thingsboard.rule.engine.rest.TbRestApiCallNode",
        "name": "Send to cranes",
        "debugSettings": {
          "failuresEnabled": true,
          "allEnabled": false,
          "allEnabledUntil": 1742110496850
        },
        "singletonMode": false,
        "queueName": null,
        "configurationVersion": 3,
        "configuration": {
          "restEndpointUrlPattern": "https://cranes.asia/api/v1/${deviceName}/telemetry",
          "requestMethod": "POST",
          "useSimpleClientHttpFactory": false,
          "parseToPlainText": null,
          "ignoreRequestBody": false,
          "enableProxy": false,
          "useSystemProxyProperties": false,
          "proxyScheme": null,
          "proxyHost": null,
          "proxyPort": 0,
          "proxyUser": null,
          "proxyPassword": null,
          "readTimeoutMs": 0,
          "maxParallelRequestsCount": 0,
          "headers": {
            "Content-Type": "application/json"
          },
          "credentials": {
            "type": "anonymous"
          },
          "maxInMemoryBufferSizeInKb": 256
        },
        "additionalInfo": {
          "description": "",
          "layoutX": 1125,
          "layoutY": 247
        }
      },
      {
        "type": "org.thingsboard.rule.engine.transform.TbRenameKeysNode",
        "name": "rename",
        "debugSettings": null,
        "singletonMode": false,
        "queueName": null,
        "configurationVersion": 2,
        "configuration": {
          "renameIn": "DATA",
          "renameKeysMapping": {
            "newtag1": "newparams1",
            "newtag2": "newparams2",
            "newtag3": "newparams3",
            "newtag4": "newparams6",
            "newtag5": "newparams4",
            "newtag6": "newparams5",
            "newtag7": "newparams9",
            "newtag8": "newparams12",
            "newtag9": "newparams7",
            "newtag10": "newparams8",
            "newtag11": "newparams15",
            "newtag12": "newparams18",
            "newtag13": "newparams10",
            "newtag14": "newparams11",
            "newtag15": "newparams21",
            "newtag16": "newparams24",
            "newtag17": "newparams13",
            "newtag18": "newparams14",
            "newtag19": "newparams27",
            "newtag20": "newparams29",
            "newtag21": "newparams16",
            "newtag22": "newparams17",
            "newtag23": "newparams30",
            "newtag24": "newparams31",
            "newtag25": "newparams19",
            "newtag26": "newparams20",
            "newtag27": "newparams32",
            "newtag28": "newparams33",
            "newtag29": "newparams22",
            "newtag30": "newparams23",
            "newtag31": "newparams34",
            "newtag32": "newparams35",
            "newtag33": "newparams36",
            "newtag34": "newparams37",
            "newtag35": "newparams25",
            "newtag36": "newparams26",
            "newtag37": "newparams28",
            "newtag38": "newparams38"
          }
        },
        "additionalInfo": {
          "description": "",
          "layoutX": 691,
          "layoutY": 184
        }
      },
      {
        "type": "org.thingsboard.rule.engine.transform.TbTransformMsgNode",
        "name": "test",
        "debugSettings": {
          "failuresEnabled": false,
          "allEnabled": false,
          "allEnabledUntil": 1749808408802
        },
        "singletonMode": false,
        "queueName": null,
        "configurationVersion": 0,
        "configuration": {
          "scriptLang": "JS",
          "jsScript": "metadata.deviceName = \"Fuji_ModiChiller\"\n\nreturn {msg: msg, metadata: metadata, msgType: msgType};",
          "tbelScript": "return {msg: msg, metadata: metadata, msgType: msgType};"
        },
        "additionalInfo": {
          "description": "",
          "layoutX": 888,
          "layoutY": 177
        }
      },
      {
        "type": "org.thingsboard.rule.engine.transform.TbChangeOriginatorNode",
        "name": "change",
        "debugSettings": null,
        "singletonMode": false,
        "queueName": null,
        "configurationVersion": 0,
        "configuration": {
          "originatorSource": "ENTITY",
          "entityType": "DEVICE",
          "entityNamePattern": "Fuji_ModiChiller",
          "relationsQuery": {
            "direction": "FROM",
            "maxLevel": 1,
            "filters": [
              {
                "relationType": "Contains",
                "entityTypes": [],
                "negate": false
              }
            ],
            "fetchLastLevelOnly": false
          }
        },
        "additionalInfo": {
          "description": "",
          "layoutX": 939,
          "layoutY": 327
        }
      },
      {
        "type": "org.thingsboard.rule.engine.telemetry.TbMsgTimeseriesNode",
        "name": "save",
        "debugSettings": null,
        "singletonMode": false,
        "queueName": null,
        "configurationVersion": 0,
        "configuration": {
          "defaultTTL": 0,
          "skipLatestPersistence": false,
          "useServerTs": false
        },
        "additionalInfo": {
          "description": "",
          "layoutX": 1058,
          "layoutY": 99
        }
      },
      {
        "type": "org.thingsboard.rule.engine.telemetry.TbMsgTimeseriesNode",
        "name": "save",
        "debugSettings": null,
        "singletonMode": false,
        "queueName": null,
        "configurationVersion": 0,
        "configuration": {
          "defaultTTL": 0,
          "skipLatestPersistence": false,
          "useServerTs": false
        },
        "additionalInfo": {
          "description": "",
          "layoutX": 878,
          "layoutY": 394
        }
      }
    ],
    "connections": [
      {
        "fromIndex": 2,
        "toIndex": 3,
        "type": "Post attributes"
      },
      {
        "fromIndex": 2,
        "toIndex": 4,
        "type": "Inactivity Event"
      },
      {
        "fromIndex": 2,
        "toIndex": 7,
        "type": "Activity Event"
      },
      {
        "fromIndex": 2,
        "toIndex": 12,
        "type": "RPC Request from Device"
      },
      {
        "fromIndex": 2,
        "toIndex": 21,
        "type": "Post telemetry"
      },
      {
        "fromIndex": 3,
        "toIndex": 9,
        "type": "Success"
      },
      {
        "fromIndex": 4,
        "toIndex": 5,
        "type": "Created"
      },
      {
        "fromIndex": 5,
        "toIndex": 6,
        "type": "Success"
      },
      {
        "fromIndex": 7,
        "toIndex": 8,
        "type": "Cleared"
      },
      {
        "fromIndex": 8,
        "toIndex": 6,
        "type": "Success"
      },
      {
        "fromIndex": 9,
        "toIndex": 10,
        "type": "True"
      },
      {
        "fromIndex": 10,
        "toIndex": 11,
        "type": "Success"
      },
      {
        "fromIndex": 12,
        "toIndex": 13,
        "type": "Success"
      },
      {
        "fromIndex": 13,
        "toIndex": 14,
        "type": "Success"
      },
      {
        "fromIndex": 14,
        "toIndex": 15,
        "type": "True"
      },
      {
        "fromIndex": 17,
        "toIndex": 19,
        "type": "Success"
      },
      {
        "fromIndex": 18,
        "toIndex": 20,
        "type": "Success"
      },
      {
        "fromIndex": 19,
        "toIndex": 18,
        "type": "Success"
      },
      {
        "fromIndex": 20,
        "toIndex": 16,
        "type": "Success"
      },
      {
        "fromIndex": 21,
        "toIndex": 17,
        "type": "Success"
      }
    ],
    "ruleChainConnections": null
  }
}