{
  "ruleChain": {
    "name": "GraphFilter",
    "type": "CORE",
    "firstRuleNodeId": null,
    "root": false,
    "debugMode": true,
    "configuration": null,
    "additionalInfo": {
      "description": ""
    }
  },
  "metadata": {
    "version": 2,
    "firstNodeIndex": 9,
    "nodes": [
      {
        "type": "org.thingsboard.rule.engine.metadata.TbGetAttributesNode",
        "name": "counter",
        "debugSettings": {
          "failuresEnabled": true,
          "allEnabled": false,
          "allEnabledUntil": 1748247171309
        },
        "singletonMode": false,
        "queueName": null,
        "configurationVersion": 1,
        "configuration": {
          "tellFailureIfAbsent": true,
          "fetchTo": "METADATA",
          "clientAttributeNames": [],
          "sharedAttributeNames": [],
          "serverAttributeNames": [],
          "latestTsKeyNames": [
            "counter",
            "Filtered Current 1 (A)",
            "try"
          ],
          "getLatestValueWithTs": false
        },
        "additionalInfo": {
          "description": "",
          "layoutX": 707,
          "layoutY": 182
        }
      },
      {
        "type": "org.thingsboard.rule.engine.transform.TbTransformMsgNode",
        "name": "create counter",
        "debugSettings": {
          "failuresEnabled": true,
          "allEnabled": false,
          "allEnabledUntil": 1748247171309
        },
        "singletonMode": false,
        "queueName": null,
        "configurationVersion": 0,
        "configuration": {
          "scriptLang": "JS",
          "jsScript": "msg.counter = 0;\nmsg.try =0;\n\nmsg['Filtered Current 1 (A)'] = msg['Current 1 (A)'];\n\n\nreturn {msg: msg, metadata: metadata, msgType: msgType};",
          "tbelScript": "metadata.counter = msg.counter;\nmetadata['Current 1 (A)'] = msg['Filtered Current 1 (A)'];\nmetadata.startMatch = msg.counter; \nreturn {msg: msg, metadata: metadata, msgType: msgType};"
        },
        "additionalInfo": {
          "description": "",
          "layoutX": 1002,
          "layoutY": 301
        }
      },
      {
        "type": "org.thingsboard.rule.engine.transform.TbTransformMsgNode",
        "name": "Graph Matching",
        "debugSettings": {
          "failuresEnabled": true,
          "allEnabled": false,
          "allEnabledUntil": 1748247171309
        },
        "singletonMode": false,
        "queueName": null,
        "configurationVersion": 0,
        "configuration": {
          "scriptLang": "JS",
          "jsScript": "var pastAmp = parseFloat(metadata['Filtered Current 1 (A)']);\nvar currAmp = parseFloat(msg['Current 1 (A)']);\nvar delta = pastAmp - currAmp;\nvar counter = parseFloat(metadata.counter);\n\nmsg.delta = delta;\n\nif(delta > 5  || delta < -5)\n{\n    counter++;\n    if (counter > 5) {\n        counter = 3;\n        msg['Filtered Current 1 (A)'] = Math.round(pastAmp * Math.pow(currAmp / pastAmp, counter / 5) * 100) / 100;\n    }\n    else {\n         msg['Filtered Current 1 (A)'] = Math.round(pastAmp * Math.pow(currAmp / pastAmp, counter / 5) * 100) / 100;\n    }\n   \n}\nelse\n{\n   counter = 0;\n   msg['Filtered Current 1 (A)'] = msg['Current 1 (A)'];\n}\n\nmsg.counter = counter;\n\n\nreturn {msg: msg, metadata: metadata, msgType: msgType};",
          "tbelScript": "var pastAmp = parseFloat(msg['Filtered Current 1 (A)']);\nvar currAmp = msg['Current 1 (A)'];\nvar delta = pastAmp - currAmp;\nvar counter = msg.counter;\nvar start = msg.startMatch;\n\nif(delta >= 10 || delta <= 10)\n{\n    if(start == 0)\n    {\n        msg['Filtered Current 1 (A)'] = pastAmp*Math.pow((currAmp/pastAmp),(counter/5));\n    }\n    else\n    {\n        msg['Filtered Current 1 (A)'] = start*Math.pow((currAmp/pastAmp),(counter/5));\n    }\n    counter++;\n}\nelse\n{\n   msg.counter = 0;\n   msg.startMatch = 0;\n}\n\nreturn {msg: msg, metadata: metadata, msgType: msgType};"
        },
        "additionalInfo": {
          "description": "",
          "layoutX": 959,
          "layoutY": 161
        }
      },
      {
        "type": "org.thingsboard.rule.engine.telemetry.TbMsgTimeseriesNode",
        "name": "save",
        "debugSettings": {
          "failuresEnabled": true,
          "allEnabled": false,
          "allEnabledUntil": 1748247171309
        },
        "singletonMode": false,
        "queueName": null,
        "configurationVersion": 0,
        "configuration": {
          "defaultTTL": 0,
          "skipLatestPersistence": false,
          "useServerTs": false
        },
        "additionalInfo": {
          "description": "",
          "layoutX": 1262,
          "layoutY": 142
        }
      },
      {
        "type": "org.thingsboard.rule.engine.telemetry.TbMsgAttributesNode",
        "name": "Save Client Attributes",
        "debugSettings": null,
        "singletonMode": false,
        "queueName": null,
        "configurationVersion": 2,
        "configuration": {
          "scope": "CLIENT_SCOPE",
          "notifyDevice": false,
          "sendAttributesUpdatedNotification": false,
          "updateAttributesOnlyOnValueChange": true
        },
        "additionalInfo": {
          "layoutX": 520,
          "layoutY": 118
        }
      },
      {
        "type": "org.thingsboard.rule.engine.filter.TbMsgTypeSwitchNode",
        "name": "Message Type Switch",
        "debugSettings": {
          "failuresEnabled": true,
          "allEnabled": false,
          "allEnabledUntil": 1748247171309
        },
        "singletonMode": false,
        "queueName": null,
        "configurationVersion": 0,
        "configuration": {
          "version": 0
        },
        "additionalInfo": {
          "description": null,
          "layoutX": 240,
          "layoutY": 260
        }
      },
      {
        "type": "org.thingsboard.rule.engine.action.TbLogNode",
        "name": "Log RPC from Device",
        "debugSettings": null,
        "singletonMode": false,
        "queueName": null,
        "configurationVersion": 0,
        "configuration": {
          "scriptLang": "TBEL",
          "jsScript": "return '\\nIncoming message:\\n' + JSON.stringify(msg) + '\\nIncoming metadata:\\n' + JSON.stringify(metadata);",
          "tbelScript": "return '\\nIncoming message:\\n' + JSON.stringify(msg) + '\\nIncoming metadata:\\n' + JSON.stringify(metadata);"
        },
        "additionalInfo": {
          "layoutX": 529,
          "layoutY": 336
        }
      },
      {
        "type": "org.thingsboard.rule.engine.action.TbLogNode",
        "name": "Log Other",
        "debugSettings": {
          "failuresEnabled": true,
          "allEnabled": false,
          "allEnabledUntil": 1748247171309
        },
        "singletonMode": false,
        "queueName": null,
        "configurationVersion": 0,
        "configuration": {
          "scriptLang": "TBEL",
          "jsScript": "return '\\nIncoming message:\\n' + JSON.stringify(msg) + '\\nIncoming metadata:\\n' + JSON.stringify(metadata);",
          "tbelScript": "return '\\nIncoming message:\\n' + JSON.stringify(msg) + '\\nIncoming metadata:\\n' + JSON.stringify(metadata);"
        },
        "additionalInfo": {
          "description": null,
          "layoutX": 797,
          "layoutY": 549
        }
      },
      {
        "type": "org.thingsboard.rule.engine.rpc.TbSendRPCRequestNode",
        "name": "RPC Call Request",
        "debugSettings": null,
        "singletonMode": false,
        "queueName": null,
        "configurationVersion": 0,
        "configuration": {
          "timeoutInSeconds": 60
        },
        "additionalInfo": {
          "layoutX": 345,
          "layoutY": 511
        }
      },
      {
        "type": "org.thingsboard.rule.engine.profile.TbDeviceProfileNode",
        "name": "Device Profile Node",
        "debugSettings": {
          "failuresEnabled": true,
          "allEnabled": false,
          "allEnabledUntil": 1748247171309
        },
        "singletonMode": false,
        "queueName": null,
        "configurationVersion": 1,
        "configuration": {
          "persistAlarmRulesState": false,
          "fetchAlarmRulesStateOnStart": false
        },
        "additionalInfo": {
          "description": "Process incoming messages from devices with the alarm rules defined in the device profile. Dispatch all incoming messages with \"Success\" relation type.",
          "layoutX": 97,
          "layoutY": 351
        }
      },
      {
        "type": "org.thingsboard.rule.engine.filter.TbJsFilterNode",
        "name": "try",
        "debugSettings": null,
        "singletonMode": false,
        "queueName": null,
        "configurationVersion": 0,
        "configuration": {
          "scriptLang": "JS",
          "jsScript": "return typeof msg.temperature === 'undefined'\r\n|| (msg.temperature >= -40 && msg.temperature <= 80);",
          "tbelScript": "return msg.temperature > 20;"
        },
        "additionalInfo": {
          "description": "",
          "layoutX": 553,
          "layoutY": 270
        }
      },
      {
        "type": "org.thingsboard.rule.engine.telemetry.TbMsgTimeseriesNode",
        "name": "save",
        "debugSettings": {
          "failuresEnabled": true,
          "allEnabled": false,
          "allEnabledUntil": 1748247171309
        },
        "singletonMode": false,
        "queueName": null,
        "configurationVersion": 0,
        "configuration": {
          "defaultTTL": 0,
          "skipLatestPersistence": false,
          "useServerTs": false
        },
        "additionalInfo": {
          "description": "",
          "layoutX": 798,
          "layoutY": 442
        }
      },
      {
        "type": "org.thingsboard.rule.engine.telemetry.TbMsgTimeseriesNode",
        "name": "save",
        "debugSettings": {
          "failuresEnabled": true,
          "allEnabled": false,
          "allEnabledUntil": 1748247171309
        },
        "singletonMode": false,
        "queueName": null,
        "configurationVersion": 0,
        "configuration": {
          "defaultTTL": 0,
          "skipLatestPersistence": false,
          "useServerTs": false
        },
        "additionalInfo": {
          "description": "",
          "layoutX": 1041,
          "layoutY": 509
        }
      },
      {
        "type": "org.thingsboard.rule.engine.transform.TbTransformMsgNode",
        "name": "Graph 0",
        "debugSettings": {
          "failuresEnabled": true,
          "allEnabled": false,
          "allEnabledUntil": 1748247171309
        },
        "singletonMode": false,
        "queueName": null,
        "configurationVersion": 0,
        "configuration": {
          "scriptLang": "JS",
          "jsScript": "var a = parseFloat(metadata.try);\n\nmsg.try = ++a;\n\nreturn {msg: msg, metadata: metadata, msgType: msgType};",
          "tbelScript": "var pastAmp = parseFloat(msg['Filtered Current 1 (A)']);\nvar currAmp = msg['Current 1 (A)'];\nvar delta = pastAmp - currAmp;\nvar counter = msg.counter;\nvar start = msg.startMatch;\n\nif(delta >= 10 || delta <= 10)\n{\n    if(start == 0)\n    {\n        msg['Filtered Current 1 (A)'] = pastAmp*Math.pow((currAmp/pastAmp),(counter/5));\n    }\n    else\n    {\n        msg['Filtered Current 1 (A)'] = start*Math.pow((currAmp/pastAmp),(counter/5));\n    }\n    counter++;\n}\nelse\n{\n   msg.counter = 0;\n   msg.startMatch = 0;\n}\n\nreturn {msg: msg, metadata: metadata, msgType: msgType};"
        },
        "additionalInfo": {
          "description": "",
          "layoutX": 864,
          "layoutY": 70
        }
      },
      {
        "type": "org.thingsboard.rule.engine.telemetry.TbMsgTimeseriesNode",
        "name": "save",
        "debugSettings": {
          "failuresEnabled": true,
          "allEnabled": false,
          "allEnabledUntil": 1748247171309
        },
        "singletonMode": false,
        "queueName": null,
        "configurationVersion": 0,
        "configuration": {
          "defaultTTL": 0,
          "skipLatestPersistence": false,
          "useServerTs": false
        },
        "additionalInfo": {
          "description": "",
          "layoutX": 1099,
          "layoutY": 42
        }
      },
      {
        "type": "org.thingsboard.rule.engine.transform.TbChangeOriginatorNode",
        "name": "testOriginator",
        "debugSettings": {
          "failuresEnabled": true,
          "allEnabled": false,
          "allEnabledUntil": 1748247171309
        },
        "singletonMode": false,
        "queueName": null,
        "configurationVersion": 0,
        "configuration": {
          "originatorSource": "ENTITY",
          "entityType": "DEVICE",
          "entityNamePattern": "FilterTest",
          "relationsQuery": {
            "direction": "FROM",
            "maxLevel": 1,
            "filters": [
              {
                "relationType": "Contains",
                "entityTypes": [],
                "negate": false
              }
            ],
            "fetchLastLevelOnly": false
          }
        },
        "additionalInfo": {
          "description": "",
          "layoutX": 1255,
          "layoutY": 339
        }
      },
      {
        "type": "org.thingsboard.rule.engine.metadata.TbGetTelemetryNode",
        "name": "testTele",
        "debugSettings": {
          "failuresEnabled": true,
          "allEnabled": false,
          "allEnabledUntil": 1748247171309
        },
        "singletonMode": false,
        "queueName": null,
        "configurationVersion": 2,
        "configuration": {
          "latestTsKeyNames": [
            "$['Filtered Current 1 (A)']"
          ],
          "aggregation": "NONE",
          "fetchMode": "LAST",
          "orderBy": "ASC",
          "limit": 1000,
          "useMetadataIntervalPatterns": false,
          "startIntervalPattern": "",
          "endIntervalPattern": "",
          "startInterval": 2,
          "startIntervalTimeUnit": "MINUTES",
          "endInterval": 1,
          "endIntervalTimeUnit": "MINUTES"
        },
        "additionalInfo": {
          "description": "",
          "layoutX": 606,
          "layoutY": 684
        }
      },
      {
        "type": "org.thingsboard.rule.engine.filter.TbJsFilterNode",
        "name": "testfil",
        "debugSettings": {
          "failuresEnabled": true,
          "allEnabled": false,
          "allEnabledUntil": 1748247171309
        },
        "singletonMode": false,
        "queueName": null,
        "configurationVersion": 0,
        "configuration": {
          "scriptLang": "JS",
          "jsScript": "if (msg['Filtered Current 1 (A)'] !== undefined) {\n    return true;\n}\nreturn false;",
          "tbelScript": "if (msg['Filtered Current 1 (A)'] !== undefined) {\n    return true;\n}\nreturn false;"
        },
        "additionalInfo": {
          "description": "",
          "layoutX": 1301,
          "layoutY": 204
        }
      },
      {
        "type": "org.thingsboard.rule.engine.filter.TbCheckMessageNode",
        "name": "testfil",
        "debugSettings": {
          "failuresEnabled": true,
          "allEnabled": false,
          "allEnabledUntil": 1748247171309
        },
        "singletonMode": false,
        "queueName": null,
        "configurationVersion": 0,
        "configuration": {
          "messageNames": [
            "Filtered Current 1 (A)"
          ],
          "metadataNames": [],
          "checkAllKeys": true
        },
        "additionalInfo": {
          "description": "",
          "layoutX": 540,
          "layoutY": 802
        }
      },
      {
        "type": "org.thingsboard.rule.engine.transform.TbTransformMsgNode",
        "name": "Graph 0",
        "debugSettings": {
          "failuresEnabled": true,
          "allEnabled": false,
          "allEnabledUntil": 1748247171309
        },
        "singletonMode": false,
        "queueName": null,
        "configurationVersion": 0,
        "configuration": {
          "scriptLang": "JS",
          "jsScript": "var newMsg = {};\nif (msg['Filtered Current 1 (A)']) {\n    newMsg['Filter Current'] = msg['Filtered Current 1 (A)'];\n}\nreturn { msg: newMsg, metadata: metadata, msgType: msgType };",
          "tbelScript": "var pastAmp = parseFloat(msg['Filtered Current 1 (A)']);\nvar currAmp = msg['Current 1 (A)'];\nvar delta = pastAmp - currAmp;\nvar counter = msg.counter;\nvar start = msg.startMatch;\n\nif(delta >= 10 || delta <= 10)\n{\n    if(start == 0)\n    {\n        msg['Filtered Current 1 (A)'] = pastAmp*Math.pow((currAmp/pastAmp),(counter/5));\n    }\n    else\n    {\n        msg['Filtered Current 1 (A)'] = start*Math.pow((currAmp/pastAmp),(counter/5));\n    }\n    counter++;\n}\nelse\n{\n   msg.counter = 0;\n   msg.startMatch = 0;\n}\n\nreturn {msg: msg, metadata: metadata, msgType: msgType};"
        },
        "additionalInfo": {
          "description": "",
          "layoutX": 1219,
          "layoutY": 265
        }
      },
      {
        "type": "org.thingsboard.rule.engine.transform.TbTransformMsgNode",
        "name": "test",
        "debugSettings": {
          "failuresEnabled": true,
          "allEnabled": false,
          "allEnabledUntil": 1748247171309
        },
        "singletonMode": false,
        "queueName": null,
        "configurationVersion": 0,
        "configuration": {
          "scriptLang": "TBEL",
          "jsScript": "return {msg: msg, metadata: metadata, msgType: msgType};",
          "tbelScript": "return {msg: msg, metadata: metadata, msgType: msgType};"
        },
        "additionalInfo": {
          "description": "",
          "layoutX": 884,
          "layoutY": 672
        }
      },
      {
        "type": "org.thingsboard.rule.engine.transform.TbChangeOriginatorNode",
        "name": "testOriginator",
        "debugSettings": {
          "failuresEnabled": true,
          "allEnabled": false,
          "allEnabledUntil": 1748247171309
        },
        "singletonMode": false,
        "queueName": null,
        "configurationVersion": 0,
        "configuration": {
          "originatorSource": "ENTITY",
          "entityType": "DEVICE",
          "entityNamePattern": "FilterTest",
          "relationsQuery": {
            "direction": "FROM",
            "maxLevel": 1,
            "filters": [
              {
                "relationType": "Contains",
                "entityTypes": [],
                "negate": false
              }
            ],
            "fetchLastLevelOnly": false
          }
        },
        "additionalInfo": {
          "description": "",
          "layoutX": 606,
          "layoutY": 606
        }
      }
    ],
    "connections": [
      {
        "fromIndex": 0,
        "toIndex": 1,
        "type": "Failure"
      },
      {
        "fromIndex": 0,
        "toIndex": 2,
        "type": "Success"
      },
      {
        "fromIndex": 0,
        "toIndex": 13,
        "type": "Success"
      },
      {
        "fromIndex": 1,
        "toIndex": 12,
        "type": "Success"
      },
      {
        "fromIndex": 2,
        "toIndex": 3,
        "type": "Success"
      },
      {
        "fromIndex": 3,
        "toIndex": 17,
        "type": "Success"
      },
      {
        "fromIndex": 5,
        "toIndex": 0,
        "type": "Post telemetry"
      },
      {
        "fromIndex": 5,
        "toIndex": 4,
        "type": "Post attributes"
      },
      {
        "fromIndex": 5,
        "toIndex": 6,
        "type": "RPC Request from Device"
      },
      {
        "fromIndex": 5,
        "toIndex": 7,
        "type": "Other"
      },
      {
        "fromIndex": 5,
        "toIndex": 8,
        "type": "RPC Request to Device"
      },
      {
        "fromIndex": 5,
        "toIndex": 10,
        "type": "Post telemetry"
      },
      {
        "fromIndex": 5,
        "toIndex": 21,
        "type": "Post telemetry"
      },
      {
        "fromIndex": 9,
        "toIndex": 5,
        "type": "Success"
      },
      {
        "fromIndex": 10,
        "toIndex": 7,
        "type": "Failure"
      },
      {
        "fromIndex": 10,
        "toIndex": 11,
        "type": "True"
      },
      {
        "fromIndex": 13,
        "toIndex": 14,
        "type": "Success"
      },
      {
        "fromIndex": 15,
        "toIndex": 12,
        "type": "Success"
      },
      {
        "fromIndex": 16,
        "toIndex": 20,
        "type": "Success"
      },
      {
        "fromIndex": 17,
        "toIndex": 19,
        "type": "True"
      },
      {
        "fromIndex": 19,
        "toIndex": 15,
        "type": "Success"
      },
      {
        "fromIndex": 21,
        "toIndex": 16,
        "type": "Success"
      }
    ],
    "ruleChainConnections": null
  }
}