{
  "ruleChain": {
    "name": "RHT Rule Chain(Mispark)",
    "type": "CORE",
    "firstRuleNodeId": null,
    "root": false,
    "debugMode": false,
    "configuration": null,
    "additionalInfo": {
      "description": ""
    }
  },
  "metadata": {
    "version": 2,
    "firstNodeIndex": 3,
    "nodes": [
      {
        "type": "org.thingsboard.rule.engine.metadata.TbGetAttributesNode",
        "name": "preValue",
        "debugSettings": {
          "failuresEnabled": true,
          "allEnabled": false,
          "allEnabledUntil": 1748248014653
        },
        "singletonMode": false,
        "queueName": null,
        "configurationVersion": 1,
        "configuration": {
          "tellFailureIfAbsent": true,
          "fetchTo": "METADATA",
          "clientAttributeNames": [],
          "sharedAttributeNames": [],
          "serverAttributeNames": [],
          "latestTsKeyNames": [
            "Filtered Corrected Humidity (%RH)",
            "Filtered Corrected Temp (C)"
          ],
          "getLatestValueWithTs": false
        },
        "additionalInfo": {
          "description": "",
          "layoutX": 474,
          "layoutY": 580
        }
      },
      {
        "type": "org.thingsboard.rule.engine.transform.TbTransformMsgNode",
        "name": "current",
        "debugSettings": {
          "failuresEnabled": true,
          "allEnabled": false,
          "allEnabledUntil": 1748248014653
        },
        "singletonMode": false,
        "queueName": null,
        "configurationVersion": 0,
        "configuration": {
          "scriptLang": "JS",
          "jsScript": "var pastTemp = parseFloat(metadata[\"Filtered Corrected Temp (C)\"]);\nvar pastHum = parseFloat(metadata[\"Filtered Corrected Humidity (%RH)\"]);\n\nvar delta1 = pastTemp - msg[\"Corrected Temp (C)\"] ;\nvar delta2 = pastHum - msg[\"Corrected Humidity (%RH)\"] ;\n\nif (delta1 > 5) {\n    msg[\"Filtered Corrected Temp (C)\"] = pastTemp - 0.5;\n}else if(delta1 < -5){\n    msg[\"Filtered Corrected Temp (C)\"] = pastTemp + 0.5;\n}else{\n    msg[\"Filtered Corrected Temp (C)\"] = msg[\"Corrected Temp (C)\"]\n}\n\n\nif (delta2 > 5) {\n    msg[\"Filtered Corrected Humidity (%RH)\"] = pastHum - 1;\n}else if(delta2 < -5){\n     msg[\"Filtered Corrected Humidity (%RH)\"] = pastHum + 1;\n}else{\n     msg[\"Filtered Corrected Humidity (%RH)\"] =  msg[\"Corrected Humidity (%RH)\"]\n}\n\n\nreturn {msg: msg, metadata: metadata, msgType: msgType};",
          "tbelScript": "return {msg: msg, metadata: metadata, msgType: msgType};"
        },
        "additionalInfo": {
          "description": "",
          "layoutX": 751,
          "layoutY": 576
        }
      },
      {
        "type": "org.thingsboard.rule.engine.transform.TbTransformMsgNode",
        "name": "store prev",
        "debugSettings": {
          "failuresEnabled": true,
          "allEnabled": false,
          "allEnabledUntil": 1748248014653
        },
        "singletonMode": false,
        "queueName": null,
        "configurationVersion": 0,
        "configuration": {
          "scriptLang": "TBEL",
          "jsScript": "return {msg: msg, metadata: metadata, msgType: msgType};",
          "tbelScript": "msg[\"Filtered Corrected Temp (C)\"]=msg[\"Corrected Temp (C)\"];\nmsg[\"Filtered Corrected Humidity (%RH)\"]=msg[\"Corrected Humidity (%RH)\"];\nreturn {msg: msg, metadata: metadata, msgType: msgType};\n\n"
        },
        "additionalInfo": {
          "description": "",
          "layoutX": 754,
          "layoutY": 678
        }
      },
      {
        "type": "org.thingsboard.rule.engine.filter.TbMsgTypeSwitchNode",
        "name": "Message Type Switch",
        "debugSettings": {
          "failuresEnabled": true,
          "allEnabled": false,
          "allEnabledUntil": 1748248014653
        },
        "singletonMode": false,
        "queueName": null,
        "configurationVersion": 0,
        "configuration": {
          "version": 0
        },
        "additionalInfo": {
          "description": "",
          "layoutX": 50,
          "layoutY": 327
        }
      },
      {
        "type": "org.thingsboard.rule.engine.telemetry.TbMsgAttributesNode",
        "name": "Save Attributes",
        "debugSettings": {
          "failuresEnabled": true,
          "allEnabled": false,
          "allEnabledUntil": 1748248014653
        },
        "singletonMode": false,
        "queueName": null,
        "configurationVersion": 2,
        "configuration": {
          "scope": "CLIENT_SCOPE",
          "notifyDevice": false,
          "sendAttributesUpdatedNotification": false,
          "updateAttributesOnlyOnValueChange": false
        },
        "additionalInfo": {
          "description": "",
          "layoutX": 476,
          "layoutY": 152
        }
      },
      {
        "type": "org.thingsboard.rule.engine.action.TbCreateAlarmNode",
        "name": "Create Inactivity Alarm",
        "debugSettings": {
          "failuresEnabled": true,
          "allEnabled": false,
          "allEnabledUntil": 1748248014653
        },
        "singletonMode": false,
        "queueName": null,
        "configurationVersion": 0,
        "configuration": {
          "scriptLang": "TBEL",
          "alarmDetailsBuildJs": "var details = {};\nif (metadata.prevAlarmDetails) {\n    details = JSON.parse(metadata.prevAlarmDetails);\n    //remove prevAlarmDetails from metadata\n    delete metadata.prevAlarmDetails;\n    //now metadata is the same as it comes IN this rule node\n}\n\n\nreturn details;",
          "alarmDetailsBuildTbel": "var details = {};\nif (metadata.prevAlarmDetails != null) {\n    details = JSON.parse(metadata.prevAlarmDetails);\n    //remove prevAlarmDetails from metadata\n    metadata.remove('prevAlarmDetails');\n    //now metadata is the same as it comes IN this rule node\n}\n\n\nreturn details;",
          "useMessageAlarmData": false,
          "overwriteAlarmDetails": false,
          "alarmType": "Inactivity Timeout",
          "severity": "CRITICAL",
          "propagate": false,
          "relationTypes": [],
          "propagateToOwner": false,
          "propagateToOwnerHierarchy": false,
          "propagateToTenant": false,
          "dynamicSeverity": false
        },
        "additionalInfo": {
          "description": "",
          "layoutX": 477,
          "layoutY": 352
        }
      },
      {
        "type": "org.thingsboard.rule.engine.action.TbClearAlarmNode",
        "name": "Clear Inactivity Alarm",
        "debugSettings": null,
        "singletonMode": false,
        "queueName": null,
        "configurationVersion": 0,
        "configuration": {
          "scriptLang": "TBEL",
          "alarmDetailsBuildJs": "var details = {};\nif (metadata.prevAlarmDetails) {\n    details = JSON.parse(metadata.prevAlarmDetails);\n    //remove prevAlarmDetails from metadata\n    delete metadata.prevAlarmDetails;\n    //now metadata is the same as it comes IN this rule node\n}\n\n\nreturn details;",
          "alarmDetailsBuildTbel": "var details = {};\nif (metadata.prevAlarmDetails != null) {\n    details = JSON.parse(metadata.prevAlarmDetails);\n    //remove prevAlarmDetails from metadata\n    metadata.remove('prevAlarmDetails');\n    //now metadata is the same as it comes IN this rule node\n}\n\n\nreturn details;",
          "alarmType": "Inactivity Timeout"
        },
        "additionalInfo": {
          "description": "",
          "layoutX": 476,
          "layoutY": 456
        }
      },
      {
        "type": "org.thingsboard.rule.engine.action.TbLogNode",
        "name": "Log RPC From Device",
        "debugSettings": {
          "failuresEnabled": true,
          "allEnabled": false,
          "allEnabledUntil": 1748248014653
        },
        "singletonMode": false,
        "queueName": null,
        "configurationVersion": 0,
        "configuration": {
          "scriptLang": "JS",
          "jsScript": "return '\\nIncoming message:\\n' + JSON.stringify(msg) + '\\nIncoming metadata:\\n' + JSON.stringify(metadata);",
          "tbelScript": "return '\\nIncoming message:\\n' + JSON.stringify(msg) + '\\nIncoming metadata:\\n' + JSON.stringify(metadata);"
        },
        "additionalInfo": {
          "description": "",
          "layoutX": 475,
          "layoutY": 255
        }
      },
      {
        "type": "org.thingsboard.rule.engine.telemetry.TbMsgTimeseriesNode",
        "name": "save",
        "debugSettings": null,
        "singletonMode": false,
        "queueName": null,
        "configurationVersion": 0,
        "configuration": {
          "defaultTTL": 0,
          "skipLatestPersistence": false,
          "useServerTs": false
        },
        "additionalInfo": {
          "description": "",
          "layoutX": 1027,
          "layoutY": 577
        }
      },
      {
        "type": "org.thingsboard.rule.engine.telemetry.TbMsgTimeseriesNode",
        "name": "save",
        "debugSettings": null,
        "singletonMode": false,
        "queueName": null,
        "configurationVersion": 0,
        "configuration": {
          "defaultTTL": 0,
          "skipLatestPersistence": false,
          "useServerTs": false
        },
        "additionalInfo": {
          "description": "",
          "layoutX": 1030,
          "layoutY": 679
        }
      }
    ],
    "connections": [
      {
        "fromIndex": 0,
        "toIndex": 1,
        "type": "Success"
      },
      {
        "fromIndex": 0,
        "toIndex": 2,
        "type": "Failure"
      },
      {
        "fromIndex": 1,
        "toIndex": 8,
        "type": "Success"
      },
      {
        "fromIndex": 2,
        "toIndex": 9,
        "type": "Success"
      },
      {
        "fromIndex": 3,
        "toIndex": 0,
        "type": "Post telemetry"
      },
      {
        "fromIndex": 3,
        "toIndex": 4,
        "type": "Post attributes"
      },
      {
        "fromIndex": 3,
        "toIndex": 5,
        "type": "Inactivity Event"
      },
      {
        "fromIndex": 3,
        "toIndex": 6,
        "type": "Activity Event"
      },
      {
        "fromIndex": 3,
        "toIndex": 7,
        "type": "RPC Request from Device"
      }
    ],
    "ruleChainConnections": null
  }
}