{
  "ruleChain": {
    "name": "wispcontrol",
    "type": "CORE",
    "firstRuleNodeId": null,
    "root": false,
    "debugMode": false,
    "configuration": null,
    "additionalInfo": {
      "description": ""
    }
  },
  "metadata": {
    "version": 3,
    "firstNodeIndex": 6,
    "nodes": [
      {
        "type": "org.thingsboard.rule.engine.telemetry.TbMsgTimeseriesNode",
        "name": "Save Timeseries",
        "debugSettings": null,
        "singletonMode": false,
        "queueName": null,
        "configurationVersion": 0,
        "configuration": {
          "defaultTTL": 0
        },
        "additionalInfo": {
          "layoutX": 824,
          "layoutY": 156
        }
      },
      {
        "type": "org.thingsboard.rule.engine.telemetry.TbMsgAttributesNode",
        "name": "Save Client Attributes",
        "debugSettings": null,
        "singletonMode": false,
        "queueName": null,
        "configurationVersion": 2,
        "configuration": {
          "scope": "CLIENT_SCOPE",
          "notifyDevice": false,
          "sendAttributesUpdatedNotification": false,
          "updateAttributesOnlyOnValueChange": true
        },
        "additionalInfo": {
          "layoutX": 825,
          "layoutY": 52
        }
      },
      {
        "type": "org.thingsboard.rule.engine.filter.TbMsgTypeSwitchNode",
        "name": "Message Type Switch",
        "debugSettings": null,
        "singletonMode": false,
        "queueName": null,
        "configurationVersion": 0,
        "configuration": {
          "version": 0
        },
        "additionalInfo": {
          "layoutX": 347,
          "layoutY": 149
        }
      },
      {
        "type": "org.thingsboard.rule.engine.action.TbLogNode",
        "name": "Log RPC from Device",
        "debugSettings": null,
        "singletonMode": false,
        "queueName": null,
        "configurationVersion": 0,
        "configuration": {
          "scriptLang": "TBEL",
          "jsScript": "return '\\nIncoming message:\\n' + JSON.stringify(msg) + '\\nIncoming metadata:\\n' + JSON.stringify(metadata);",
          "tbelScript": "return '\\nIncoming message:\\n' + JSON.stringify(msg) + '\\nIncoming metadata:\\n' + JSON.stringify(metadata);"
        },
        "additionalInfo": {
          "layoutX": 825,
          "layoutY": 266
        }
      },
      {
        "type": "org.thingsboard.rule.engine.action.TbLogNode",
        "name": "Log Other",
        "debugSettings": null,
        "singletonMode": false,
        "queueName": null,
        "configurationVersion": 0,
        "configuration": {
          "scriptLang": "TBEL",
          "jsScript": "return '\\nIncoming message:\\n' + JSON.stringify(msg) + '\\nIncoming metadata:\\n' + JSON.stringify(metadata);",
          "tbelScript": "return '\\nIncoming message:\\n' + JSON.stringify(msg) + '\\nIncoming metadata:\\n' + JSON.stringify(metadata);"
        },
        "additionalInfo": {
          "layoutX": 825,
          "layoutY": 379
        }
      },
      {
        "type": "org.thingsboard.rule.engine.rpc.TbSendRPCRequestNode",
        "name": "RPC Call Request",
        "debugSettings": null,
        "singletonMode": false,
        "queueName": null,
        "configurationVersion": 0,
        "configuration": {
          "timeoutInSeconds": 60
        },
        "additionalInfo": {
          "layoutX": 825,
          "layoutY": 468
        }
      },
      {
        "type": "org.thingsboard.rule.engine.profile.TbDeviceProfileNode",
        "name": "Device Profile Node",
        "debugSettings": null,
        "singletonMode": false,
        "queueName": null,
        "configurationVersion": 1,
        "configuration": {
          "persistAlarmRulesState": false,
          "fetchAlarmRulesStateOnStart": false
        },
        "additionalInfo": {
          "description": "Process incoming messages from devices with the alarm rules defined in the device profile. Dispatch all incoming messages with \"Success\" relation type.",
          "layoutX": 204,
          "layoutY": 240
        }
      },
      {
        "type": "org.thingsboard.rule.engine.rest.TbRestApiCallNode",
        "name": "Send to cranes",
        "debugSettings": {
          "failuresEnabled": true,
          "allEnabled": false,
          "allEnabledUntil": 0
        },
        "singletonMode": false,
        "queueName": null,
        "configurationVersion": 3,
        "configuration": {
          "restEndpointUrlPattern": "https://cranes.asia/api/v1/${deviceName}/telemetry",
          "requestMethod": "POST",
          "useSimpleClientHttpFactory": false,
          "parseToPlainText": null,
          "ignoreRequestBody": false,
          "enableProxy": false,
          "useSystemProxyProperties": false,
          "proxyScheme": null,
          "proxyHost": null,
          "proxyPort": 0,
          "proxyUser": null,
          "proxyPassword": null,
          "readTimeoutMs": 0,
          "maxParallelRequestsCount": 0,
          "headers": {
            "Content-Type": "application/json"
          },
          "credentials": {
            "type": "anonymous"
          },
          "maxInMemoryBufferSizeInKb": 256
        },
        "additionalInfo": {
          "description": "",
          "layoutX": 929,
          "layoutY": 233
        }
      }
    ],
    "connections": [
      {
        "fromIndex": 2,
        "toIndex": 0,
        "type": "Post telemetry"
      },
      {
        "fromIndex": 2,
        "toIndex": 1,
        "type": "Post attributes"
      },
      {
        "fromIndex": 2,
        "toIndex": 3,
        "type": "RPC Request from Device"
      },
      {
        "fromIndex": 2,
        "toIndex": 4,
        "type": "Other"
      },
      {
        "fromIndex": 2,
        "toIndex": 5,
        "type": "RPC Request to Device"
      },
      {
        "fromIndex": 6,
        "toIndex": 2,
        "type": "Success"
      }
    ],
    "ruleChainConnections": null
  }
}