{
  "ruleChain": {
    "name": "BHE Inactivity Alarm",
    "type": "CORE",
    "firstRuleNodeId": null,
    "root": false,
    "debugMode": false,
    "configuration": null,
    "additionalInfo": {
      "description": ""
    }
  },
  "metadata": {
    "version": 2,
    "firstNodeIndex": 5,
    "nodes": [
      {
        "type": "org.thingsboard.rule.engine.action.TbCreateAlarmNode",
        "name": "create alarm",
        "debugSettings": {
          "failuresEnabled": true,
          "allEnabled": false,
          "allEnabledUntil": 1765767387671
        },
        "singletonMode": false,
        "queueName": null,
        "configurationVersion": 0,
        "configuration": {
          "scriptLang": "JS",
          "alarmDetailsBuildJs": "var details = {};\nif (metadata.prevAlarmDetails) {\n    details = JSON.parse(metadata.prevAlarmDetails);\n    //remove prevAlarmDetails from metadata\n    delete metadata.prevAlarmDetails;\n    //now metadata is the same as it comes IN this rule node\n}\n\n\nreturn details;",
          "alarmDetailsBuildTbel": "var details = {};\nif (metadata.prevAlarmDetails != null) {\n    details = JSON.parse(metadata.prevAlarmDetails);\n    //remove prevAlarmDetails from metadata\n    metadata.remove('prevAlarmDetails');\n    //now metadata is the same as it comes IN this rule node\n}\n\n\nreturn details;",
          "useMessageAlarmData": false,
          "overwriteAlarmDetails": false,
          "alarmType": "G-Alarm",
          "severity": "WARNING",
          "propagate": false,
          "relationTypes": [],
          "propagateToOwner": false,
          "propagateToOwnerHierarchy": false,
          "propagateToTenant": true,
          "dynamicSeverity": false
        },
        "additionalInfo": {
          "description": "",
          "layoutX": 777,
          "layoutY": 152
        }
      },
      {
        "type": "org.thingsboard.rule.engine.action.TbClearAlarmNode",
        "name": "delete alarm",
        "debugSettings": {
          "failuresEnabled": true,
          "allEnabled": false,
          "allEnabledUntil": 1765767387671
        },
        "singletonMode": false,
        "queueName": null,
        "configurationVersion": 0,
        "configuration": {
          "scriptLang": "JS",
          "alarmDetailsBuildJs": "var details = {};\nif (metadata.prevAlarmDetails) {\n    details = JSON.parse(metadata.prevAlarmDetails);\n    //remove prevAlarmDetails from metadata\n    delete metadata.prevAlarmDetails;\n    //now metadata is the same as it comes IN this rule node\n}\n\n\nreturn details;",
          "alarmDetailsBuildTbel": "var details = {};\nif (metadata.prevAlarmDetails != null) {\n    details = JSON.parse(metadata.prevAlarmDetails);\n    //remove prevAlarmDetails from metadata\n    metadata.remove('prevAlarmDetails');\n    //now metadata is the same as it comes IN this rule node\n}\n\n\nreturn details;",
          "alarmType": "G-Alarm"
        },
        "additionalInfo": {
          "description": "",
          "layoutX": 821,
          "layoutY": 530
        }
      },
      {
        "type": "org.thingsboard.rule.engine.mail.TbMsgToEmailNode",
        "name": "inactive email (no html)",
        "debugSettings": {
          "failuresEnabled": true,
          "allEnabled": false,
          "allEnabledUntil": 1765767387671
        },
        "singletonMode": false,
        "queueName": null,
        "configurationVersion": 0,
        "configuration": {
          "fromTemplate": "admin@cranes.asia",
          "toTemplate": "BHead@cranes.asia",
          "ccTemplate": "yap.sqc@gmail.com",
          "bccTemplate": null,
          "subjectTemplate": "Device ${deviceName} is Inactive",
          "mailBodyType": "false",
          "bodyTemplate": "Device is inactive"
        },
        "additionalInfo": {
          "description": "",
          "layoutX": 1320,
          "layoutY": 121
        }
      },
      {
        "type": "org.thingsboard.rule.engine.mail.TbSendEmailNode",
        "name": "send email",
        "debugSettings": {
          "failuresEnabled": true,
          "allEnabled": false,
          "allEnabledUntil": 1765767387671
        },
        "singletonMode": false,
        "queueName": null,
        "configurationVersion": 0,
        "configuration": {
          "useSystemSmtpSettings": false,
          "smtpProtocol": "smtps",
          "smtpHost": "smtp.gmail.com",
          "smtpPort": 465,
          "timeout": 10000,
          "enableTls": true,
          "tlsVersion": "TLSv1.2",
          "enableProxy": false,
          "proxyHost": null,
          "proxyPort": null,
          "proxyUser": null,
          "proxyPassword": null,
          "username": "iopannotion@gmail.com",
          "password": "umuw iglz hvjq xyue"
        },
        "additionalInfo": {
          "description": "",
          "layoutX": 1905,
          "layoutY": 429
        }
      },
      {
        "type": "org.thingsboard.rule.engine.mail.TbMsgToEmailNode",
        "name": "active email (no html)",
        "debugSettings": {
          "failuresEnabled": true,
          "allEnabled": false,
          "allEnabledUntil": 1765767387671
        },
        "singletonMode": false,
        "queueName": null,
        "configurationVersion": 0,
        "configuration": {
          "fromTemplate": "admin@cranes.asia",
          "toTemplate": "BHead@cranes.asia\n",
          "ccTemplate": "yap.sqc@gmail.com",
          "bccTemplate": null,
          "subjectTemplate": "Device ${deviceName} is now active. ",
          "mailBodyType": "false",
          "bodyTemplate": "Device is now active"
        },
        "additionalInfo": {
          "description": "",
          "layoutX": 1049,
          "layoutY": 679
        }
      },
      {
        "type": "org.thingsboard.rule.engine.metadata.TbGetAttributesNode",
        "name": "get active status",
        "debugSettings": {
          "failuresEnabled": true,
          "allEnabled": false,
          "allEnabledUntil": 1765767387671
        },
        "singletonMode": false,
        "queueName": null,
        "configurationVersion": 1,
        "configuration": {
          "tellFailureIfAbsent": true,
          "fetchTo": "METADATA",
          "clientAttributeNames": [],
          "sharedAttributeNames": [],
          "serverAttributeNames": [
            "active",
            "inactivityAlarmTime",
            "lastActivityTime"
          ],
          "latestTsKeyNames": [],
          "getLatestValueWithTs": false
        },
        "additionalInfo": {
          "description": "",
          "layoutX": 160,
          "layoutY": 290
        }
      },
      {
        "type": "org.thingsboard.rule.engine.transform.TbTransformMsgNode",
        "name": "get datetime (active)",
        "debugSettings": {
          "failuresEnabled": true,
          "allEnabled": false,
          "allEnabledUntil": 1765767387671
        },
        "singletonMode": false,
        "queueName": null,
        "configurationVersion": 0,
        "configuration": {
          "scriptLang": "JS",
          "jsScript": "function addZero(i) {\n  if (i < 10) {i = \"0\" + i}\n  return i;\n}\n\nfunction dateConvert(timestamp){\n    var dateConvert = new Date(parseInt(timestamp))\n    \n    var date = dateConvert.getDate();\n    var month = dateConvert.getMonth()+1;\n    var yr = dateConvert.getFullYear();\n    \n    var hrs = addZero(dateConvert.getHours());\n    var mins = addZero(dateConvert.getMinutes());\n    var secs = addZero(dateConvert.getSeconds());\n    \n    return date+\"/\"+month+\"/\"+yr + \" \" + hrs+\":\"+mins+\":\"+secs;\n}\n\nvar currentTime = Date.now()\n\nmsg.datetime = dateConvert(currentTime);\nmsg.prevActive = dateConvert(metadata.ss_inactivityAlarmTime);\n\nreturn {msg: msg, metadata: metadata, msgType: msgType};",
          "tbelScript": "return {msg: msg, metadata: metadata, msgType: msgType};"
        },
        "additionalInfo": {
          "description": "",
          "layoutX": 687,
          "layoutY": 619
        }
      },
      {
        "type": "org.thingsboard.rule.engine.filter.TbMsgTypeSwitchNode",
        "name": "inactive/active",
        "debugSettings": {
          "failuresEnabled": true,
          "allEnabled": false,
          "allEnabledUntil": 1765767387671
        },
        "singletonMode": false,
        "queueName": null,
        "configurationVersion": 0,
        "configuration": {
          "version": 0
        },
        "additionalInfo": {
          "description": "",
          "layoutX": 450,
          "layoutY": 286
        }
      },
      {
        "type": "org.thingsboard.rule.engine.transform.TbTransformMsgNode",
        "name": "get datetime (inactivity)",
        "debugSettings": {
          "failuresEnabled": true,
          "allEnabled": false,
          "allEnabledUntil": 1765767387671
        },
        "singletonMode": false,
        "queueName": null,
        "configurationVersion": 0,
        "configuration": {
          "scriptLang": "JS",
          "jsScript": "function addZero(i) {\n  if (i < 10) {i = \"0\" + i}\n  return i;\n}\n\nfunction dateConvert(timestamp){\n    var dateConvert = new Date(parseInt(timestamp))\n    \n    var date = dateConvert.getDate();\n    var month = dateConvert.getMonth()+1;\n    var yr = dateConvert.getFullYear();\n    \n    var hrs = addZero(dateConvert.getHours());\n    var mins = addZero(dateConvert.getMinutes());\n    var secs = addZero(dateConvert.getSeconds());\n    \n    return date+\"/\"+month+\"/\"+yr + \" \" + hrs+\":\"+mins+\":\"+secs;\n}\n\nvar currentTime = Date.now()\n\nmsg.datetime = dateConvert(currentTime);\nmsg.prevActive = dateConvert(metadata.ss_lastActivityTime);\n\nreturn {msg: msg, metadata: metadata, msgType: msgType};",
          "tbelScript": "return {msg: msg, metadata: metadata, msgType: msgType};"
        },
        "additionalInfo": {
          "description": "",
          "layoutX": 1058,
          "layoutY": 230
        }
      },
      {
        "type": "org.thingsboard.rule.engine.mail.TbMsgToEmailNode",
        "name": "send inactive email",
        "debugSettings": {
          "failuresEnabled": true,
          "allEnabled": false,
          "allEnabledUntil": 1765767387671
        },
        "singletonMode": false,
        "queueName": null,
        "configurationVersion": 0,
        "configuration": {
          "fromTemplate": "admin@cranes.asia",
          "toTemplate": "ganmf@icee.com.my",
          "ccTemplate": "",
          "bccTemplate": null,
          "subjectTemplate": "Inactivity Alert: Device ${deviceName} is Inactive $[datetime]",
          "mailBodyType": "true",
          "bodyTemplate": "<h3>Device <b>${deviceName}</b> is <b style=\"color:red;\">inactive</b>.</h3>\n<p>Last seen active on $[prevActive].</p>"
        },
        "additionalInfo": {
          "description": "",
          "layoutX": 1319,
          "layoutY": 230
        }
      },
      {
        "type": "org.thingsboard.rule.engine.mail.TbMsgToEmailNode",
        "name": "send email",
        "debugSettings": {
          "failuresEnabled": true,
          "allEnabled": false,
          "allEnabledUntil": 1765767387671
        },
        "singletonMode": false,
        "queueName": null,
        "configurationVersion": 0,
        "configuration": {
          "fromTemplate": "admin@cranes.asia",
          "toTemplate": "ganmf@icee.com.my",
          "ccTemplate": "",
          "bccTemplate": null,
          "subjectTemplate": "Activity Alert: Device ${deviceName} is now active. $[datetime]",
          "mailBodyType": "true",
          "bodyTemplate": "<h3>Device <b>${deviceName}</b> is now <b style=\"color:green;\">active</b>.</h3>\n<p>Last inactivity on $[prevActive].</p>"
        },
        "additionalInfo": {
          "description": "",
          "layoutX": 1049,
          "layoutY": 619
        }
      },
      {
        "type": "org.thingsboard.rule.engine.mail.TbMsgToEmailNode",
        "name": "inactive email (debug)",
        "debugSettings": {
          "failuresEnabled": true,
          "allEnabled": false,
          "allEnabledUntil": 1765767387671
        },
        "singletonMode": false,
        "queueName": null,
        "configurationVersion": 0,
        "configuration": {
          "fromTemplate": "admin@cranes.asia",
          "toTemplate": "clementyhw.squarecloud@gmail.com",
          "ccTemplate": "",
          "bccTemplate": null,
          "subjectTemplate": "Device ${deviceName} is Inactive",
          "mailBodyType": "false",
          "bodyTemplate": "Device is inactive"
        },
        "additionalInfo": {
          "description": "",
          "layoutX": 1320,
          "layoutY": 176
        }
      },
      {
        "type": "org.thingsboard.rule.engine.mail.TbMsgToEmailNode",
        "name": "active email (debug)",
        "debugSettings": {
          "failuresEnabled": true,
          "allEnabled": false,
          "allEnabledUntil": 1765767387671
        },
        "singletonMode": false,
        "queueName": null,
        "configurationVersion": 0,
        "configuration": {
          "fromTemplate": "admin@cranes.asia",
          "toTemplate": "clementyhw.squarecloud@gmail.com",
          "ccTemplate": "",
          "bccTemplate": null,
          "subjectTemplate": "Device ${deviceName} is now Active",
          "mailBodyType": "false",
          "bodyTemplate": "Device is now active"
        },
        "additionalInfo": {
          "description": "",
          "layoutX": 1049,
          "layoutY": 738
        }
      },
      {
        "type": "org.thingsboard.rule.engine.transform.TbTransformMsgNode",
        "name": "Test Telegram",
        "debugSettings": null,
        "singletonMode": false,
        "queueName": null,
        "configurationVersion": 0,
        "configuration": {
          "scriptLang": "JS",
          "jsScript": "var newMsg = {};\n\n// Building the final string\nvar finalString = metadata.deviceName + \" is now inactive\";\n\nnewMsg.text = finalString;\nnewMsg.chat_id = -1002592314856;\n\nreturn {msg: newMsg, metadata: metadata, msgType: msgType};",
          "tbelScript": "return {msg: msg, metadata: metadata, msgType: msgType};"
        },
        "additionalInfo": {
          "description": "",
          "layoutX": 1054,
          "layoutY": 354
        }
      },
      {
        "type": "org.thingsboard.rule.engine.rest.TbRestApiCallNode",
        "name": "REST API Telegram Call",
        "debugSettings": {
          "failuresEnabled": true,
          "allEnabled": false,
          "allEnabledUntil": 1765767387671
        },
        "singletonMode": false,
        "queueName": null,
        "configurationVersion": 3,
        "configuration": {
          "restEndpointUrlPattern": "https://api.telegram.org/bot6554617884:AAGS1yEo2X_w4OhMzJqCZHFh5EWu-Rxgkc4/sendMessage",
          "requestMethod": "POST",
          "useSimpleClientHttpFactory": false,
          "parseToPlainText": null,
          "ignoreRequestBody": false,
          "enableProxy": false,
          "useSystemProxyProperties": false,
          "proxyScheme": null,
          "proxyHost": null,
          "proxyPort": 0,
          "proxyUser": null,
          "proxyPassword": null,
          "readTimeoutMs": 0,
          "maxParallelRequestsCount": 0,
          "headers": {
            "Content-Type": "application/json"
          },
          "credentials": {
            "type": "anonymous"
          },
          "maxInMemoryBufferSizeInKb": 256
        },
        "additionalInfo": {
          "description": "",
          "layoutX": 1387,
          "layoutY": 427
        }
      },
      {
        "type": "org.thingsboard.rule.engine.transform.TbTransformMsgNode",
        "name": "Test Telegram",
        "debugSettings": {
          "failuresEnabled": true,
          "allEnabled": false,
          "allEnabledUntil": 1765767387671
        },
        "singletonMode": false,
        "queueName": null,
        "configurationVersion": 0,
        "configuration": {
          "scriptLang": "JS",
          "jsScript": "var newMsg = {};\n\n// Building the final string\nvar finalString = metadata.deviceName + \" is now Active\";\n\nnewMsg.text = finalString;\nnewMsg.chat_id = -1002592314856;\n\nreturn {msg: newMsg, metadata: metadata, msgType: msgType};",
          "tbelScript": "return {msg: msg, metadata: metadata, msgType: msgType};"
        },
        "additionalInfo": {
          "description": "",
          "layoutX": 1053,
          "layoutY": 477
        }
      },
      {
        "type": "org.thingsboard.rule.engine.filter.TbJsFilterNode",
        "name": "check active hours",
        "debugSettings": {
          "failuresEnabled": true,
          "allEnabled": false,
          "allEnabledUntil": 1765767387671
        },
        "singletonMode": false,
        "queueName": null,
        "configurationVersion": 0,
        "configuration": {
          "scriptLang": "JS",
          "jsScript": "var ts = Date.now();\r\nvar d = new Date(ts);\r\n\r\n//Extract the hour \r\nvar hour = d.getHours();\r\n\r\n//Return true if between 08:00 and 18:00 \r\nreturn (hour >= 8 && hour < 18);",
          "tbelScript": "return msg.temperature > 20;"
        },
        "additionalInfo": {
          "description": "",
          "layoutX": 1635,
          "layoutY": 429
        }
      }
    ],
    "connections": [
      {
        "fromIndex": 5,
        "toIndex": 7,
        "type": "Success"
      },
      {
        "fromIndex": 6,
        "toIndex": 10,
        "type": "Success"
      },
      {
        "fromIndex": 7,
        "toIndex": 0,
        "type": "Inactivity Event"
      },
      {
        "fromIndex": 7,
        "toIndex": 1,
        "type": "Activity Event"
      },
      {
        "fromIndex": 7,
        "toIndex": 13,
        "type": "Inactivity Event"
      },
      {
        "fromIndex": 7,
        "toIndex": 15,
        "type": "Activity Event"
      },
      {
        "fromIndex": 8,
        "toIndex": 9,
        "type": "Success"
      },
      {
        "fromIndex": 9,
        "toIndex": 3,
        "type": "Success"
      },
      {
        "fromIndex": 10,
        "toIndex": 3,
        "type": "Success"
      },
      {
        "fromIndex": 13,
        "toIndex": 14,
        "type": "Success"
      },
      {
        "fromIndex": 15,
        "toIndex": 14,
        "type": "Success"
      },
      {
        "fromIndex": 16,
        "toIndex": 3,
        "type": "True"
      }
    ],
    "ruleChainConnections": null
  }
}