{
  "ruleChain": {
    "name": "Device Activity",
    "type": "CORE",
    "firstRuleNodeId": null,
    "root": false,
    "debugMode": false,
    "configuration": null,
    "additionalInfo": {
      "description": ""
    }
  },
  "metadata": {
    "version": 2,
    "firstNodeIndex": null,
    "nodes": [
      {
        "type": "org.thingsboard.rule.engine.debug.TbMsgGeneratorNode",
        "name": "test",
        "debugSettings": {
          "failuresEnabled": true,
          "allEnabled": false,
          "allEnabledUntil": 1765767440728
        },
        "singletonMode": false,
        "queueName": null,
        "configurationVersion": 2,
        "configuration": {
          "msgCount": 0,
          "periodInSeconds": 30,
          "scriptLang": "JS",
          "jsScript": "var msg = {\"username\":\"tenant@thingsboard.org\", \"password\":\"tenant\"};\nvar metadata = { data: 40 };\nvar msgType = \"POST_TELEMETRY_REQUEST\";\n\nreturn { msg: msg, metadata: metadata, msgType: msgType };",
          "tbelScript": "var msg = { temp: 42, humidity: 77 };\nvar metadata = { data: 40 };\nvar msgType = \"POST_TELEMETRY_REQUEST\";\n\nreturn { msg: msg, metadata: metadata, msgType: msgType };",
          "originatorId": null,
          "originatorType": "RULE_NODE"
        },
        "additionalInfo": {
          "description": "",
          "layoutX": 49,
          "layoutY": 150
        }
      },
      {
        "type": "org.thingsboard.rule.engine.rest.TbRestApiCallNode",
        "name": "get credential",
        "debugSettings": {
          "failuresEnabled": true,
          "allEnabled": false,
          "allEnabledUntil": 1765767440728
        },
        "singletonMode": false,
        "queueName": null,
        "configurationVersion": 3,
        "configuration": {
          "restEndpointUrlPattern": "http://localhost:8080/api/auth/login",
          "requestMethod": "POST",
          "useSimpleClientHttpFactory": false,
          "parseToPlainText": false,
          "ignoreRequestBody": false,
          "enableProxy": false,
          "useSystemProxyProperties": false,
          "proxyScheme": null,
          "proxyHost": null,
          "proxyPort": 0,
          "proxyUser": null,
          "proxyPassword": null,
          "readTimeoutMs": 0,
          "maxParallelRequestsCount": 0,
          "headers": {
            "Content-Type": "application/json",
            "accept": "application/json"
          },
          "credentials": {
            "type": "anonymous"
          },
          "maxInMemoryBufferSizeInKb": null
        },
        "additionalInfo": {
          "description": "",
          "layoutX": 550,
          "layoutY": 353
        }
      },
      {
        "type": "org.thingsboard.rule.engine.transform.TbTransformMsgNode",
        "name": "Access Token",
        "debugSettings": {
          "failuresEnabled": true,
          "allEnabled": false,
          "allEnabledUntil": 1765767440728
        },
        "singletonMode": false,
        "queueName": null,
        "configurationVersion": 0,
        "configuration": {
          "scriptLang": "JS",
          "jsScript": "msg.token = \"Bearer \"+JSON.parse(metadata.token);\n\nreturn {msg: msg, metadata: metadata, msgType: msgType};",
          "tbelScript": "return {msg: msg, metadata: metadata, msgType: msgType};"
        },
        "additionalInfo": {
          "description": "",
          "layoutX": 267,
          "layoutY": 250
        }
      },
      {
        "type": "org.thingsboard.rule.engine.transform.TbChangeOriginatorNode",
        "name": "change",
        "debugSettings": null,
        "singletonMode": false,
        "queueName": null,
        "configurationVersion": 0,
        "configuration": {
          "originatorSource": "ENTITY",
          "entityType": "DEVICE",
          "entityNamePattern": "credential",
          "relationsQuery": {
            "direction": "FROM",
            "maxLevel": 1,
            "filters": [
              {
                "relationType": "Contains",
                "entityTypes": [],
                "negate": false
              }
            ],
            "fetchLastLevelOnly": false
          }
        },
        "additionalInfo": {
          "description": "",
          "layoutX": 50,
          "layoutY": 252
        }
      },
      {
        "type": "org.thingsboard.rule.engine.metadata.TbGetTelemetryNode",
        "name": "get token",
        "debugSettings": null,
        "singletonMode": false,
        "queueName": null,
        "configurationVersion": 2,
        "configuration": {
          "latestTsKeyNames": [
            "token"
          ],
          "aggregation": "NONE",
          "fetchMode": "LAST",
          "orderBy": "DESC",
          "limit": 1000,
          "useMetadataIntervalPatterns": false,
          "startIntervalPattern": "",
          "endIntervalPattern": "",
          "startInterval": 18,
          "startIntervalTimeUnit": "DAYS",
          "endInterval": 1,
          "endIntervalTimeUnit": "SECONDS"
        },
        "additionalInfo": {
          "description": "",
          "layoutX": 50,
          "layoutY": 352
        }
      },
      {
        "type": "org.thingsboard.rule.engine.rest.TbRestApiCallNode",
        "name": "get credential",
        "debugSettings": {
          "failuresEnabled": true,
          "allEnabled": false,
          "allEnabledUntil": 1765767440728
        },
        "singletonMode": false,
        "queueName": null,
        "configurationVersion": 3,
        "configuration": {
          "restEndpointUrlPattern": "http://localhost:8080/api/tenant/deviceInfos?pageSize=1000&page=0",
          "requestMethod": "GET",
          "useSimpleClientHttpFactory": false,
          "parseToPlainText": false,
          "ignoreRequestBody": false,
          "enableProxy": false,
          "useSystemProxyProperties": false,
          "proxyScheme": null,
          "proxyHost": null,
          "proxyPort": 0,
          "proxyUser": null,
          "proxyPassword": null,
          "readTimeoutMs": 0,
          "maxParallelRequestsCount": 0,
          "headers": {
            "accept": "application/json",
            "X-Authorization": "$[token] "
          },
          "credentials": {
            "type": "anonymous"
          },
          "maxInMemoryBufferSizeInKb": null
        },
        "additionalInfo": {
          "description": "",
          "layoutX": 434,
          "layoutY": 40
        }
      },
      {
        "type": "org.thingsboard.rule.engine.telemetry.TbMsgTimeseriesNode",
        "name": "save",
        "debugSettings": null,
        "singletonMode": false,
        "queueName": null,
        "configurationVersion": 1,
        "configuration": {
          "defaultTTL": 0,
          "useServerTs": false,
          "processingSettings": {
            "type": "ON_EVERY_MESSAGE"
          }
        },
        "additionalInfo": {
          "description": "",
          "layoutX": 543,
          "layoutY": 446
        }
      },
      {
        "type": "org.thingsboard.rule.engine.transform.TbTransformMsgNode",
        "name": "take device information",
        "debugSettings": {
          "failuresEnabled": true,
          "allEnabled": false,
          "allEnabledUntil": 1765767440728
        },
        "singletonMode": false,
        "queueName": null,
        "configurationVersion": 0,
        "configuration": {
          "scriptLang": "JS",
          "jsScript": "var comeout = {};\nvar metadata2 = {};\n\nfor(var i = 0;i<msg.data.length; i++){\n    comeout[msg.data[i].name] = msg.data[i].active;\n}\n\ndelete comeout.credential;\ncomeout.counter =1;\n\nreturn {msg: comeout, metadata: metadata, msgType: msgType};",
          "tbelScript": "return {msg: msg, metadata: metadata, msgType: msgType};"
        },
        "additionalInfo": {
          "description": "",
          "layoutX": 704,
          "layoutY": 119
        }
      },
      {
        "type": "org.thingsboard.rule.engine.transform.TbTransformMsgNode",
        "name": "get new token",
        "debugSettings": {
          "failuresEnabled": true,
          "allEnabled": false,
          "allEnabledUntil": 1765767440728
        },
        "singletonMode": false,
        "queueName": null,
        "configurationVersion": 0,
        "configuration": {
          "scriptLang": "JS",
          "jsScript": "delete msg.token;\nreturn {msg: msg, metadata: metadata, msgType: msgType};",
          "tbelScript": "return {msg: msg, metadata: metadata, msgType: msgType};"
        },
        "additionalInfo": {
          "description": "",
          "layoutX": 549,
          "layoutY": 248
        }
      },
      {
        "type": "org.thingsboard.rule.engine.telemetry.TbMsgTimeseriesNode",
        "name": "save",
        "debugSettings": {
          "failuresEnabled": true,
          "allEnabled": false,
          "allEnabledUntil": 1765767440728
        },
        "singletonMode": false,
        "queueName": null,
        "configurationVersion": 1,
        "configuration": {
          "defaultTTL": 0,
          "useServerTs": false,
          "processingSettings": {
            "type": "ON_EVERY_MESSAGE"
          }
        },
        "additionalInfo": {
          "description": "",
          "layoutX": 1604,
          "layoutY": 350
        }
      },
      {
        "type": "org.thingsboard.rule.engine.metadata.TbGetTelemetryNode",
        "name": "get",
        "debugSettings": null,
        "singletonMode": false,
        "queueName": null,
        "configurationVersion": 2,
        "configuration": {
          "latestTsKeyNames": [
            "timing"
          ],
          "aggregation": "NONE",
          "fetchMode": "LAST",
          "orderBy": "DESC",
          "limit": 1000,
          "useMetadataIntervalPatterns": false,
          "startIntervalPattern": "",
          "endIntervalPattern": "",
          "startInterval": 7,
          "startIntervalTimeUnit": "DAYS",
          "endInterval": 1,
          "endIntervalTimeUnit": "SECONDS"
        },
        "additionalInfo": {
          "description": "",
          "layoutX": 860,
          "layoutY": 263
        }
      },
      {
        "type": "org.thingsboard.rule.engine.transform.TbTransformMsgNode",
        "name": "Calculate activity",
        "debugSettings": {
          "failuresEnabled": true,
          "allEnabled": false,
          "allEnabledUntil": 1765767440728
        },
        "singletonMode": false,
        "queueName": null,
        "configurationVersion": 0,
        "configuration": {
          "scriptLang": "JS",
          "jsScript": "delete msg.counter;\ndelete msg.WantedDelta;\nvar timer = msg.periodInMs/3600000;\ndelete msg.periodInMs;\nvar needTime = JSON.parse(metadata.timing);\nvar ObjNew = {};\nvar ObjTime ={};\nvar startObj = {};\nfor(var strt in msg){\n    startObj[\"A_\"+strt] = 0;\n    startObj[\"I_\"+strt] = 0;\n}\n\n\n\n\n\n\n\n\n\nif(needTime == \"test\"){\n    ObjTime = startObj;\n}else{\n    ObjNew = JSON.parse(needTime);\n    for(var key2 in ObjNew){\n        startObj[key2] = ObjNew[key2];\n        var neededName = key2.split(\"_\")[1];\n        if(msg[neededName]){\n            startObj[\"A_\"+neededName] = startObj[\"A_\"+neededName] +timer;\n        }else{\n            startObj[\"I_\"+neededName] = startObj[\"I_\"+neededName]+timer;\n        }\n    }\n    ObjTime = startObj;\n}\n\n\n\nvar toStringVal = JSON.stringify(ObjTime);\nmsg.timing = toStringVal;\nreturn {msg:msg, metadata: metadata, msgType: msgType};",
          "tbelScript": "return {msg: msg, metadata: metadata, msgType: msgType};"
        },
        "additionalInfo": {
          "description": "",
          "layoutX": 1078,
          "layoutY": 251
        }
      },
      {
        "type": "org.thingsboard.rule.engine.metadata.CalculateDeltaNode",
        "name": "get time",
        "debugSettings": {
          "failuresEnabled": true,
          "allEnabled": false,
          "allEnabledUntil": 1765767440728
        },
        "singletonMode": false,
        "queueName": null,
        "configurationVersion": 1,
        "configuration": {
          "inputValueKey": "counter",
          "outputValueKey": "WantedDelta",
          "useCache": true,
          "addPeriodBetweenMsgs": true,
          "periodValueKey": "periodInMs",
          "round": null,
          "tellFailureIfDeltaIsNegative": false,
          "excludeZeroDeltas": false
        },
        "additionalInfo": {
          "description": "",
          "layoutX": 864,
          "layoutY": 432
        }
      },
      {
        "type": "org.thingsboard.rule.engine.transform.TbTransformMsgNode",
        "name": "set value",
        "debugSettings": {
          "failuresEnabled": true,
          "allEnabled": false,
          "allEnabledUntil": 1765767440728
        },
        "singletonMode": false,
        "queueName": null,
        "configurationVersion": 0,
        "configuration": {
          "scriptLang": "JS",
          "jsScript": "var dummy = {\"timing\":\"test\"};\n\n\nreturn {msg: dummy, metadata: metadata, msgType: msgType};",
          "tbelScript": "var dummy = {\"timing\":\"test\"};\n\n\nreturn {msg: dummy, metadata: metadata, msgType: msgType};"
        },
        "additionalInfo": {
          "description": "",
          "layoutX": 1324,
          "layoutY": 210
        }
      },
      {
        "type": "org.thingsboard.rule.engine.telemetry.TbMsgTimeseriesNode",
        "name": "save",
        "debugSettings": {
          "failuresEnabled": true,
          "allEnabled": false,
          "allEnabledUntil": 1765767440728
        },
        "singletonMode": false,
        "queueName": null,
        "configurationVersion": 1,
        "configuration": {
          "defaultTTL": 0,
          "useServerTs": false,
          "processingSettings": {
            "type": "ON_EVERY_MESSAGE"
          }
        },
        "additionalInfo": {
          "description": "",
          "layoutX": 1645,
          "layoutY": 138
        }
      },
      {
        "type": "org.thingsboard.rule.engine.transform.TbTransformMsgNode",
        "name": "Reset end of the day",
        "debugSettings": {
          "failuresEnabled": true,
          "allEnabled": false,
          "allEnabledUntil": 1765767440728
        },
        "singletonMode": false,
        "queueName": null,
        "configurationVersion": 0,
        "configuration": {
          "scriptLang": "JS",
          "jsScript": "var timingNew = JSON.parse(msg.timing);\nvar lastTiming = {};\n\nfor (var key in timingNew){\n    lastTiming[key] = 0;\n}\n\n\nvar now = new Date();\n\nvar hours = now.getHours();\nvar minutes = now.getMinutes();\nvar seconds = now.getSeconds();\n\nvar valll = hours+\":\"+minutes+\":\"+seconds;\n\nif(hours == 0 && minutes ==0){\n    msg.timing = JSON.stringify(lastTiming);\n}\n\n\n\nreturn {msg: msg, metadata: metadata, msgType: msgType};",
          "tbelScript": "var dummy = {\"timing\":\"test\"};\n\n\nreturn {msg: dummy, metadata: metadata, msgType: msgType};"
        },
        "additionalInfo": {
          "description": "",
          "layoutX": 1326,
          "layoutY": 349
        }
      },
      {
        "type": "org.thingsboard.rule.engine.rest.TbRestApiCallNode",
        "name": "Send to cranes",
        "debugSettings": {
          "failuresEnabled": true,
          "allEnabled": false,
          "allEnabledUntil": 1765767440728
        },
        "singletonMode": false,
        "queueName": null,
        "configurationVersion": 3,
        "configuration": {
          "restEndpointUrlPattern": "https://cranes.asia/api/v1/Kerry_Activity/telemetry",
          "requestMethod": "POST",
          "useSimpleClientHttpFactory": false,
          "parseToPlainText": null,
          "ignoreRequestBody": false,
          "enableProxy": false,
          "useSystemProxyProperties": false,
          "proxyScheme": null,
          "proxyHost": null,
          "proxyPort": 0,
          "proxyUser": null,
          "proxyPassword": null,
          "readTimeoutMs": 0,
          "maxParallelRequestsCount": 0,
          "headers": {
            "Content-Type": "application/json"
          },
          "credentials": {
            "type": "anonymous"
          },
          "maxInMemoryBufferSizeInKb": 256
        },
        "additionalInfo": {
          "description": "",
          "layoutX": 1550,
          "layoutY": 75
        }
      },
      {
        "type": "org.thingsboard.rule.engine.transform.TbTransformMsgNode",
        "name": "testtest",
        "debugSettings": {
          "failuresEnabled": true,
          "allEnabled": false,
          "allEnabledUntil": 1765767440728
        },
        "singletonMode": false,
        "queueName": null,
        "configurationVersion": 0,
        "configuration": {
          "scriptLang": "JS",
          "jsScript": "var updatedCounts = {};\r\nvar today = new Date().toDateString(); \r\n\r\nvar counts = metadata.counts ? JSON.parse(metadata.counts) : {};\r\nvar lastReset = metadata.lastResetDate || null;\r\n\r\nif (lastReset !== today) {\r\n    counts = {}; \r\n    lastReset = today;\r\n}\r\n\r\nfor (var i = 0; i < msg.data.length; i++) {\r\n    var key = msg.data[i].name;\r\n    var value = msg.data[i].active;\r\n\r\n    if (value === false) {\r\n        counts[key] = (counts[key] || 0) + 1;\r\n    } else {\r\n        counts[key] = counts[key] || 0;\r\n    }\r\n\r\n    updatedCounts[key + \"_count\"] = counts[key];\r\n}\r\n\r\ndelete updatedCounts.credential_count;\r\ndelete updatedCounts.lastResetDate;\r\ndelete updatedCounts.Kerry_RHT_Guard1_count;\r\n\r\nreturn {\r\n    msg: updatedCounts,\r\n    metadata: metadata,\r\n    msgType: \"POST_ATTRIBUTES_REQUEST\"\r\n};",
          "tbelScript": "return {msg: msg, metadata: metadata, msgType: msgType};"
        },
        "additionalInfo": {
          "description": "",
          "layoutX": 925,
          "layoutY": 37
        }
      },
      {
        "type": "org.thingsboard.rule.engine.telemetry.TbMsgAttributesNode",
        "name": "test2",
        "debugSettings": {
          "failuresEnabled": true,
          "allEnabled": false,
          "allEnabledUntil": 1765767440728
        },
        "singletonMode": false,
        "queueName": null,
        "configurationVersion": 3,
        "configuration": {
          "scope": "SHARED_SCOPE",
          "notifyDevice": false,
          "sendAttributesUpdatedNotification": false,
          "updateAttributesOnlyOnValueChange": false,
          "processingSettings": {
            "type": "ON_EVERY_MESSAGE"
          }
        },
        "additionalInfo": {
          "description": "",
          "layoutX": 1246,
          "layoutY": 38
        }
      }
    ],
    "connections": [
      {
        "fromIndex": 0,
        "toIndex": 3,
        "type": "Success"
      },
      {
        "fromIndex": 1,
        "toIndex": 6,
        "type": "Success"
      },
      {
        "fromIndex": 2,
        "toIndex": 5,
        "type": "Success"
      },
      {
        "fromIndex": 2,
        "toIndex": 8,
        "type": "Failure"
      },
      {
        "fromIndex": 3,
        "toIndex": 4,
        "type": "Success"
      },
      {
        "fromIndex": 4,
        "toIndex": 2,
        "type": "Success"
      },
      {
        "fromIndex": 5,
        "toIndex": 7,
        "type": "Success"
      },
      {
        "fromIndex": 5,
        "toIndex": 8,
        "type": "Failure"
      },
      {
        "fromIndex": 5,
        "toIndex": 17,
        "type": "Success"
      },
      {
        "fromIndex": 7,
        "toIndex": 10,
        "type": "Success"
      },
      {
        "fromIndex": 8,
        "toIndex": 1,
        "type": "Success"
      },
      {
        "fromIndex": 9,
        "toIndex": 16,
        "type": "Success"
      },
      {
        "fromIndex": 10,
        "toIndex": 12,
        "type": "Success"
      },
      {
        "fromIndex": 11,
        "toIndex": 13,
        "type": "Failure"
      },
      {
        "fromIndex": 11,
        "toIndex": 15,
        "type": "Success"
      },
      {
        "fromIndex": 12,
        "toIndex": 11,
        "type": "Success"
      },
      {
        "fromIndex": 13,
        "toIndex": 14,
        "type": "Success"
      },
      {
        "fromIndex": 15,
        "toIndex": 9,
        "type": "Success"
      },
      {
        "fromIndex": 17,
        "toIndex": 18,
        "type": "Success"
      },
      {
        "fromIndex": 18,
        "toIndex": 16,
        "type": "Success"
      }
    ],
    "ruleChainConnections": null
  }
}