{
  "ruleChain": {
    "name": "DPM Filter",
    "type": "CORE",
    "firstRuleNodeId": null,
    "root": false,
    "debugMode": true,
    "configuration": null,
    "additionalInfo": {
      "description": ""
    }
  },
  "metadata": {
    "version": 2,
    "firstNodeIndex": 0,
    "nodes": [
      {
        "type": "org.thingsboard.rule.engine.filter.TbJsFilterNode",
        "name": "DPMCH1",
        "debugSettings": {
          "failuresEnabled": true,
          "allEnabled": false,
          "allEnabledUntil": 1765767455607
        },
        "singletonMode": false,
        "queueName": null,
        "configurationVersion": 0,
        "configuration": {
          "scriptLang": "JS",
          "jsScript": "return metadata.deviceName == \"DPMCH1\" ? true:false;",
          "tbelScript": "return msg.temperature > 20;"
        },
        "additionalInfo": {
          "description": "",
          "layoutX": 310,
          "layoutY": 153
        }
      },
      {
        "type": "org.thingsboard.rule.engine.transform.TbTransformMsgNode",
        "name": "Filter DPMCH1",
        "debugSettings": {
          "failuresEnabled": true,
          "allEnabled": false,
          "allEnabledUntil": 1765767455607
        },
        "singletonMode": false,
        "queueName": null,
        "configurationVersion": 0,
        "configuration": {
          "scriptLang": "JS",
          "jsScript": "var config = {\n  Current: { max: 900, min: 0, spikeDrop: -100 },\n  Voltage: { max: 300, min: 200, spikeDrop: -100 },\n  Power:   { max: 600, min: 0, spikeDrop: -100 }\n};\n\nfunction filter1(NewVal, Counter, minValue, maxValue,pastVal,spikeDrop) {\n    var delta = NewVal - pastVal; \n    return (NewVal > maxValue || NewVal < minValue || NewVal === 0 || delta < spikeDrop ) ? Counter + 1 : 1;\n}\n\nfunction filter2(NewVal, PastVal, minValue, maxValue,spikeDrop) {\n    var delta = NewVal - PastVal;\n    return (NewVal > maxValue || NewVal < minValue || delta < spikeDrop) ? PastVal : NewVal;\n}\n\nfunction filter3(NewVal, filVal, oldFilVal, counter) {\n    return (NewVal === 0 && counter < 3) ? oldFilVal : filVal;\n}\n\nfunction filter4(newVal,finalVal,counter,spikeDrop,pastVal,minValue){\n    var delta = newVal - pastVal;\n    return (delta < spikeDrop && counter > 2 && newVal >= minValue) ? newVal:finalVal;\n}\n\nfunction safeParse(val) {\n    try {\n        return parseFloat(JSON.parse(val));\n    } catch (e) {\n        return 0;\n    }\n}\n\nvar signals = [\n    { phase: \"1\", label: \"Current\", unit: \"(A)\" },\n    { phase: \"1\", label: \"Power\", unit: \"(kW)\" },\n    { phase: \"1\", label: \"Voltage\", unit: \"(V)\" },\n    { phase: \"3\", label: \"Current\", unit: \"(A)\" },\n    { phase: \"3\", label: \"Power\", unit: \"(kW)\" },\n    { phase: \"3\", label: \"Voltage\", unit: \"(V)\" }\n];\n\nfor (var i = 0; i < signals.length; i++) {\n    var s = signals[i];\n    var baseLabel = s.label + \" \" + s.phase + \" \" + s.unit;\n    var rawKey = \"Raw \" + baseLabel;\n    var counterKey = \"c\" + s.label.charAt(0).toLowerCase() + s.phase;\n    var filterKey = \"f1\" + s.label.charAt(0).toLowerCase() + s.phase;\n\n    if (rawKey in msg) {\n        var cfg = config[s.label]; // use label to get config (Current, Power, Voltage)\n        var newVal = msg[rawKey];\n        var pastVal = safeParse(metadata[baseLabel]);\n        var counter = safeParse(metadata[counterKey]);\n        var oldFilVal = safeParse(metadata[filterKey]);\n\n        var updatedCounter = filter1(newVal, counter, cfg.min, cfg.max,pastVal,cfg.spikeDrop);\n        var filteredVal = filter2(newVal, pastVal, cfg.min, cfg.max,cfg.spikeDrop);\n        var finalVal = filter3(newVal, filteredVal, oldFilVal, counter);\n        var finalVal2 = filter4(newVal,finalVal,counter,cfg.spikeDrop,pastVal,cfg.min);\n\n        msg[counterKey] = updatedCounter;\n        msg[filterKey] = filteredVal;\n        msg[baseLabel] = finalVal2;\n    }\n}\n\nreturn { msg: msg, metadata: metadata, msgType: msgType };\n",
          "tbelScript": "return {msg: msg, metadata: metadata, msgType: msgType};"
        },
        "additionalInfo": {
          "description": "",
          "layoutX": 825,
          "layoutY": 152
        }
      },
      {
        "type": "org.thingsboard.rule.engine.metadata.TbGetTelemetryNode",
        "name": "Fetch Need Tele",
        "debugSettings": {
          "failuresEnabled": true,
          "allEnabled": false,
          "allEnabledUntil": 1765767455607
        },
        "singletonMode": false,
        "queueName": null,
        "configurationVersion": 2,
        "configuration": {
          "latestTsKeyNames": [
            "Current 1 (A)",
            "Current 3 (A)",
            "Power 1 (kW)",
            "Power 3 (kW)",
            "Voltage 1 (V)",
            "Voltage 3 (V)",
            "cc1",
            "cc3",
            "cp1",
            "cp3",
            "cv1",
            "cv3",
            "f1v1",
            "f1v3",
            "f1p1",
            "f1p3",
            "f1c1",
            "f1c3"
          ],
          "aggregation": "NONE",
          "fetchMode": "LAST",
          "orderBy": "ASC",
          "limit": 1000,
          "useMetadataIntervalPatterns": false,
          "startIntervalPattern": "",
          "endIntervalPattern": "",
          "startInterval": 2,
          "startIntervalTimeUnit": "HOURS",
          "endInterval": 1,
          "endIntervalTimeUnit": "SECONDS"
        },
        "additionalInfo": {
          "description": "",
          "layoutX": 555,
          "layoutY": 153
        }
      },
      {
        "type": "org.thingsboard.rule.engine.metadata.TbGetTelemetryNode",
        "name": "Fetch Need Tele",
        "debugSettings": {
          "failuresEnabled": true,
          "allEnabled": false,
          "allEnabledUntil": 1765767455607
        },
        "singletonMode": false,
        "queueName": null,
        "configurationVersion": 2,
        "configuration": {
          "latestTsKeyNames": [
            "Current 2 (A)",
            "Current 4 (A)",
            "f1c2",
            "f1c4",
            "cc2",
            "cc4",
            "Power 2 (kW)",
            "Power 4 (kW)",
            "f1p2",
            "f1p4",
            "cp2",
            "cp4",
            "Voltage 2 (V)",
            "Voltage 4 (V)",
            "f1v2",
            "f1v4",
            "cv2",
            "cv4"
          ],
          "aggregation": "NONE",
          "fetchMode": "LAST",
          "orderBy": "ASC",
          "limit": 1000,
          "useMetadataIntervalPatterns": false,
          "startIntervalPattern": "",
          "endIntervalPattern": "",
          "startInterval": 2,
          "startIntervalTimeUnit": "HOURS",
          "endInterval": 1,
          "endIntervalTimeUnit": "SECONDS"
        },
        "additionalInfo": {
          "description": "",
          "layoutX": 548,
          "layoutY": 258
        }
      },
      {
        "type": "org.thingsboard.rule.engine.transform.TbTransformMsgNode",
        "name": "Filter DPMCH2",
        "debugSettings": {
          "failuresEnabled": true,
          "allEnabled": false,
          "allEnabledUntil": 1765767455607
        },
        "singletonMode": false,
        "queueName": null,
        "configurationVersion": 0,
        "configuration": {
          "scriptLang": "JS",
          "jsScript": "var config = {\n  Current: { max: 900, min: 0, spikeDrop: -100 },\n  Voltage: { max: 300, min: 200, spikeDrop: -100 },\n  Power:   { max: 600, min: 0, spikeDrop: -100 }\n};\n\nfunction filter1(NewVal, Counter, minValue, maxValue,pastVal,spikeDrop) {\n    var delta = NewVal - pastVal; \n    return (NewVal > maxValue || NewVal < minValue || NewVal === 0 || delta < spikeDrop ) ? Counter + 1 : 1;\n}\n\nfunction filter2(NewVal, PastVal, minValue, maxValue,spikeDrop) {\n    var delta = NewVal - PastVal;\n    return (NewVal > maxValue || NewVal < minValue || delta < spikeDrop) ? PastVal : NewVal;\n}\n\nfunction filter3(NewVal, filVal, oldFilVal, counter) {\n    return (NewVal === 0 && counter < 3) ? oldFilVal : filVal;\n}\n\nfunction filter4(newVal,finalVal,counter,spikeDrop,pastVal,minValue){\n    var delta = newVal - pastVal;\n    return (delta < spikeDrop && counter > 2 && newVal >= minValue ) ? newVal:finalVal;\n}\n\nfunction safeParse(val) {\n    try {\n        return parseFloat(JSON.parse(val));\n    } catch (e) {\n        return 0;\n    }\n}\n\nvar signals = [\n    { phase: \"2\", label: \"Current\", unit: \"(A)\" },\n    { phase: \"2\", label: \"Power\", unit: \"(kW)\" },\n    { phase: \"2\", label: \"Voltage\", unit: \"(V)\" },\n    { phase: \"4\", label: \"Current\", unit: \"(A)\" },\n    { phase: \"4\", label: \"Power\", unit: \"(kW)\" },\n    { phase: \"4\", label: \"Voltage\", unit: \"(V)\" }\n];\n\nfor (var i = 0; i < signals.length; i++) {\n    var s = signals[i];\n    var baseLabel = s.label + \" \" + s.phase + \" \" + s.unit;\n    var rawKey = \"Raw \" + baseLabel;\n    var counterKey = \"c\" + s.label.charAt(0).toLowerCase() + s.phase;\n    var filterKey = \"f1\" + s.label.charAt(0).toLowerCase() + s.phase;\n\n    if (rawKey in msg) {\n        var cfg = config[s.label]; // use label to get config (Current, Power, Voltage)\n        var newVal = msg[rawKey];\n        var pastVal = safeParse(metadata[baseLabel]);\n        var counter = safeParse(metadata[counterKey]);\n        var oldFilVal = safeParse(metadata[filterKey]);\n\n        var updatedCounter = filter1(newVal, counter, cfg.min, cfg.max,pastVal,cfg.spikeDrop);\n        var filteredVal = filter2(newVal, pastVal, cfg.min, cfg.max,cfg.spikeDrop);\n        var finalVal = filter3(newVal, filteredVal, oldFilVal, counter);\n        var finalVal2 = filter4(newVal,finalVal,counter,cfg.spikeDrop,pastVal,cfg.min);\n\n        msg[counterKey] = updatedCounter;\n        msg[filterKey] = filteredVal;\n        msg[baseLabel] = finalVal2;\n    }\n}\n\nreturn { msg: msg, metadata: metadata, msgType: msgType };\n",
          "tbelScript": "return {msg: msg, metadata: metadata, msgType: msgType};"
        },
        "additionalInfo": {
          "description": "",
          "layoutX": 825,
          "layoutY": 255
        }
      },
      {
        "type": "org.thingsboard.rule.engine.telemetry.TbMsgTimeseriesNode",
        "name": "Save Timeseries",
        "debugSettings": {
          "failuresEnabled": true,
          "allEnabled": false,
          "allEnabledUntil": 1765767455607
        },
        "singletonMode": false,
        "queueName": null,
        "configurationVersion": 1,
        "configuration": {
          "defaultTTL": 0,
          "processingSettings": {
            "type": "ON_EVERY_MESSAGE"
          }
        },
        "additionalInfo": {
          "description": null,
          "layoutX": 1064,
          "layoutY": 185
        }
      },
      {
        "type": "org.thingsboard.rule.engine.rest.TbRestApiCallNode",
        "name": "Send to cranes",
        "debugSettings": {
          "failuresEnabled": true,
          "allEnabled": false,
          "allEnabledUntil": 1765767455607
        },
        "singletonMode": false,
        "queueName": null,
        "configurationVersion": 3,
        "configuration": {
          "restEndpointUrlPattern": "https://cranes.asia/api/v1/${deviceName}/telemetry",
          "requestMethod": "POST",
          "useSimpleClientHttpFactory": false,
          "parseToPlainText": null,
          "ignoreRequestBody": false,
          "enableProxy": false,
          "useSystemProxyProperties": false,
          "proxyScheme": null,
          "proxyHost": null,
          "proxyPort": 0,
          "proxyUser": null,
          "proxyPassword": null,
          "readTimeoutMs": 0,
          "maxParallelRequestsCount": 0,
          "headers": {
            "Content-Type": "application/json"
          },
          "credentials": {
            "type": "anonymous"
          },
          "maxInMemoryBufferSizeInKb": 256
        },
        "additionalInfo": {
          "description": "",
          "layoutX": 1213,
          "layoutY": 297
        }
      },
      {
        "type": "org.thingsboard.rule.engine.rest.TbRestApiCallNode",
        "name": "Send to cranes",
        "debugSettings": {
          "failuresEnabled": true,
          "allEnabled": false,
          "allEnabledUntil": 1765767455607
        },
        "singletonMode": false,
        "queueName": null,
        "configurationVersion": 3,
        "configuration": {
          "restEndpointUrlPattern": "https://cranes.asia/api/v1/${deviceName}/telemetry",
          "requestMethod": "POST",
          "useSimpleClientHttpFactory": false,
          "parseToPlainText": null,
          "ignoreRequestBody": false,
          "enableProxy": false,
          "useSystemProxyProperties": false,
          "proxyScheme": null,
          "proxyHost": null,
          "proxyPort": 0,
          "proxyUser": null,
          "proxyPassword": null,
          "readTimeoutMs": 0,
          "maxParallelRequestsCount": 0,
          "headers": {
            "Content-Type": "application/json"
          },
          "credentials": {
            "type": "anonymous"
          },
          "maxInMemoryBufferSizeInKb": 256
        },
        "additionalInfo": {
          "description": "",
          "layoutX": 602,
          "layoutY": 464
        }
      }
    ],
    "connections": [
      {
        "fromIndex": 0,
        "toIndex": 2,
        "type": "True"
      },
      {
        "fromIndex": 0,
        "toIndex": 3,
        "type": "False"
      },
      {
        "fromIndex": 1,
        "toIndex": 5,
        "type": "Success"
      },
      {
        "fromIndex": 2,
        "toIndex": 1,
        "type": "Success"
      },
      {
        "fromIndex": 3,
        "toIndex": 4,
        "type": "Success"
      },
      {
        "fromIndex": 4,
        "toIndex": 5,
        "type": "Success"
      },
      {
        "fromIndex": 5,
        "toIndex": 6,
        "type": "Success"
      }
    ],
    "ruleChainConnections": null
  }
}