{
  "ruleChain": {
    "name": "PC",
    "type": "CORE",
    "firstRuleNodeId": null,
    "root": false,
    "debugMode": false,
    "configuration": null,
    "additionalInfo": {
      "description": ""
    }
  },
  "metadata": {
    "version": 2,
    "firstNodeIndex": 1,
    "nodes": [
      {
        "type": "org.thingsboard.rule.engine.telemetry.TbMsgTimeseriesNode",
        "name": "Save Timeseries",
        "debugSettings": {
          "failuresEnabled": true,
          "allEnabled": false,
          "allEnabledUntil": 1765767500528
        },
        "singletonMode": false,
        "queueName": null,
        "configurationVersion": 1,
        "configuration": {
          "defaultTTL": 0,
          "processingSettings": {
            "type": "ON_EVERY_MESSAGE"
          }
        },
        "additionalInfo": {
          "description": null,
          "layoutX": 460,
          "layoutY": 259
        }
      },
      {
        "type": "org.thingsboard.rule.engine.filter.TbMsgTypeSwitchNode",
        "name": "Message Type Switch",
        "debugSettings": {
          "failuresEnabled": true,
          "allEnabled": false,
          "allEnabledUntil": 1765767500528
        },
        "singletonMode": false,
        "queueName": null,
        "configurationVersion": 0,
        "configuration": {
          "version": 0
        },
        "additionalInfo": {
          "description": "",
          "layoutX": 113,
          "layoutY": 260
        }
      },
      {
        "type": "org.thingsboard.rule.engine.rest.TbRestApiCallNode",
        "name": "Send to cranes",
        "debugSettings": {
          "failuresEnabled": true,
          "allEnabled": false,
          "allEnabledUntil": 1765767500528
        },
        "singletonMode": false,
        "queueName": null,
        "configurationVersion": 3,
        "configuration": {
          "restEndpointUrlPattern": "https://cranes.asia/api/v1/${deviceName}/telemetry",
          "requestMethod": "POST",
          "useSimpleClientHttpFactory": false,
          "parseToPlainText": null,
          "ignoreRequestBody": false,
          "enableProxy": false,
          "useSystemProxyProperties": false,
          "proxyScheme": null,
          "proxyHost": null,
          "proxyPort": 0,
          "proxyUser": null,
          "proxyPassword": null,
          "readTimeoutMs": 0,
          "maxParallelRequestsCount": 0,
          "headers": {
            "Content-Type": "application/json"
          },
          "credentials": {
            "type": "anonymous"
          },
          "maxInMemoryBufferSizeInKb": 256
        },
        "additionalInfo": {
          "description": "",
          "layoutX": 755,
          "layoutY": 269
        }
      },
      {
        "type": "org.thingsboard.rule.engine.debug.TbMsgGeneratorNode",
        "name": "generate fake data",
        "debugSettings": {
          "failuresEnabled": true,
          "allEnabled": false,
          "allEnabledUntil": 1765767500528
        },
        "singletonMode": false,
        "queueName": null,
        "configurationVersion": 2,
        "configuration": {
          "msgCount": 0,
          "periodInSeconds": 10,
          "scriptLang": "TBEL",
          "jsScript": "var msg = { temp: 42, humidity: 77 };\nvar metadata = { data: 40 };\nvar msgType = \"POST_TELEMETRY_REQUEST\";\n\nreturn { msg: msg, metadata: metadata, msgType: msgType };",
          "tbelScript": "var msg = { signal:\"on\" };\nvar metadata = { deviceName: \"Check PC state\", deviceType:\"PC\"};\nvar msgType = \"POST_TELEMETRY_REQUEST\";\n\nreturn { msg: msg, metadata: metadata, msgType: msgType };",
          "originatorId": null,
          "originatorType": "RULE_NODE"
        },
        "additionalInfo": {
          "description": "",
          "layoutX": 97,
          "layoutY": 424
        }
      },
      {
        "type": "org.thingsboard.rule.engine.transform.TbTransformMsgNode",
        "name": "ddwd",
        "debugSettings": {
          "failuresEnabled": true,
          "allEnabled": false,
          "allEnabledUntil": 1765767500528
        },
        "singletonMode": false,
        "queueName": null,
        "configurationVersion": 0,
        "configuration": {
          "scriptLang": "JS",
          "jsScript": "return {msg: msg, metadata: metadata, msgType: msgType};",
          "tbelScript": "return {msg: msg, metadata: metadata, msgType: msgType};"
        },
        "additionalInfo": {
          "description": "",
          "layoutX": 301,
          "layoutY": 191
        }
      },
      {
        "type": "org.thingsboard.rule.engine.rest.TbRestApiCallNode",
        "name": "Send to cranes",
        "debugSettings": {
          "failuresEnabled": true,
          "allEnabled": false,
          "allEnabledUntil": 1765767500528
        },
        "singletonMode": false,
        "queueName": null,
        "configurationVersion": 3,
        "configuration": {
          "restEndpointUrlPattern": "https://cranes.asia/api/v1/${deviceName}/telemetry",
          "requestMethod": "POST",
          "useSimpleClientHttpFactory": false,
          "parseToPlainText": null,
          "ignoreRequestBody": false,
          "enableProxy": false,
          "useSystemProxyProperties": false,
          "proxyScheme": null,
          "proxyHost": null,
          "proxyPort": 0,
          "proxyUser": null,
          "proxyPassword": null,
          "readTimeoutMs": 0,
          "maxParallelRequestsCount": 0,
          "headers": {
            "Content-Type": "application/json"
          },
          "credentials": {
            "type": "anonymous"
          },
          "maxInMemoryBufferSizeInKb": 256
        },
        "additionalInfo": {
          "description": "",
          "layoutX": 571,
          "layoutY": 401
        }
      }
    ],
    "connections": [
      {
        "fromIndex": 0,
        "toIndex": 2,
        "type": "Success"
      },
      {
        "fromIndex": 1,
        "toIndex": 0,
        "type": "Post telemetry"
      },
      {
        "fromIndex": 1,
        "toIndex": 4,
        "type": "Post telemetry"
      },
      {
        "fromIndex": 3,
        "toIndex": 5,
        "type": "Success"
      }
    ],
    "ruleChainConnections": null
  }
}