{
  "ruleChain": {
    "name": "rtd filter",
    "type": "CORE",
    "firstRuleNodeId": null,
    "root": false,
    "debugMode": false,
    "configuration": null,
    "additionalInfo": {
      "description": ""
    }
  },
  "metadata": {
    "version": 2,
    "firstNodeIndex": 0,
    "nodes": [
      {
        "type": "org.thingsboard.rule.engine.transform.TbTransformMsgNode",
        "name": "test",
        "debugSettings": {
          "failuresEnabled": true,
          "allEnabled": false,
          "allEnabledUntil": 1765767593521
        },
        "singletonMode": false,
        "queueName": null,
        "configurationVersion": 0,
        "configuration": {
          "scriptLang": "JS",
          "jsScript": "var int = 1;\nfor(var key in msg){\n    if(key.indexOf(\"RTD\")!== -1){\n        metadata[\"params\" + int] = \"pastval\"+key.split(\"D\")[1];\n        int++;\n    }\n}\nreturn {msg: msg, metadata: metadata, msgType: msgType};",
          "tbelScript": "return {msg: msg, metadata: metadata, msgType: msgType};"
        },
        "additionalInfo": {
          "description": "",
          "layoutX": 411,
          "layoutY": 182
        }
      },
      {
        "type": "org.thingsboard.rule.engine.metadata.TbGetTelemetryNode",
        "name": "get parameter",
        "debugSettings": null,
        "singletonMode": false,
        "queueName": null,
        "configurationVersion": 2,
        "configuration": {
          "latestTsKeyNames": [
            "${params1}",
            "${params2}",
            "${params3}",
            "${params4}",
            "${params5}",
            "${params6}",
            "${params7}",
            "${params8}"
          ],
          "aggregation": "NONE",
          "fetchMode": "LAST",
          "orderBy": "ASC",
          "limit": 1000,
          "useMetadataIntervalPatterns": false,
          "startIntervalPattern": "",
          "endIntervalPattern": "",
          "startInterval": 30,
          "startIntervalTimeUnit": "DAYS",
          "endInterval": 1,
          "endIntervalTimeUnit": "SECONDS"
        },
        "additionalInfo": {
          "description": "",
          "layoutX": 683,
          "layoutY": 114
        }
      },
      {
        "type": "org.thingsboard.rule.engine.transform.TbTransformMsgNode",
        "name": "test",
        "debugSettings": {
          "failuresEnabled": true,
          "allEnabled": false,
          "allEnabledUntil": 1765767593521
        },
        "singletonMode": false,
        "queueName": null,
        "configurationVersion": 0,
        "configuration": {
          "scriptLang": "JS",
          "jsScript": "\nfor(var key in metadata){\n    if(key.indexOf(\"pastval\")!== -1){\n       var index = key.split(\"l\")[1];\n       var valpast =  parseFloat(JSON.parse(metadata[\"pastval\"+index]));\n       var delta = valpast -msg[\"RTD\"+index];\n       if(delta > 0.5){\n           msg[\"pastval\"+index] = valpast - 0.2;\n       }else if(delta < -0.5){\n           msg[\"pastval\"+index] = valpast + 0.2;\n       }else{\n           msg[\"pastval\"+index] = msg[\"RTD\"+index]; \n       }\n    }\n}\nreturn {msg: msg, metadata: metadata, msgType: msgType};",
          "tbelScript": "return {msg: msg, metadata: metadata, msgType: msgType};"
        },
        "additionalInfo": {
          "description": "",
          "layoutX": 625,
          "layoutY": 399
        }
      },
      {
        "type": "org.thingsboard.rule.engine.telemetry.TbMsgTimeseriesNode",
        "name": "save",
        "debugSettings": null,
        "singletonMode": false,
        "queueName": null,
        "configurationVersion": 1,
        "configuration": {
          "defaultTTL": 0,
          "useServerTs": false,
          "processingSettings": {
            "type": "ON_EVERY_MESSAGE"
          }
        },
        "additionalInfo": {
          "description": "",
          "layoutX": 917,
          "layoutY": 338
        }
      },
      {
        "type": "org.thingsboard.rule.engine.rest.TbRestApiCallNode",
        "name": "Send to cranes",
        "debugSettings": {
          "failuresEnabled": true,
          "allEnabled": false,
          "allEnabledUntil": 1765767593521
        },
        "singletonMode": false,
        "queueName": null,
        "configurationVersion": 3,
        "configuration": {
          "restEndpointUrlPattern": "https://cranes.asia/api/v1/${deviceName}/telemetry",
          "requestMethod": "POST",
          "useSimpleClientHttpFactory": false,
          "parseToPlainText": null,
          "ignoreRequestBody": false,
          "enableProxy": false,
          "useSystemProxyProperties": false,
          "proxyScheme": null,
          "proxyHost": null,
          "proxyPort": 0,
          "proxyUser": null,
          "proxyPassword": null,
          "readTimeoutMs": 0,
          "maxParallelRequestsCount": 0,
          "headers": {
            "Content-Type": "application/json"
          },
          "credentials": {
            "type": "anonymous"
          },
          "maxInMemoryBufferSizeInKb": 256
        },
        "additionalInfo": {
          "description": "",
          "layoutX": 1142,
          "layoutY": 248
        }
      },
      {
        "type": "org.thingsboard.rule.engine.filter.TbJsFilterNode",
        "name": "test",
        "debugSettings": {
          "failuresEnabled": true,
          "allEnabled": false,
          "allEnabledUntil": 1765767593521
        },
        "singletonMode": false,
        "queueName": null,
        "configurationVersion": 0,
        "configuration": {
          "scriptLang": "JS",
          "jsScript": "if(\"Seq #\" in msg){\n    return false;\n}else{\n    return true;\n}",
          "tbelScript": "return msg.temperature > 20;"
        },
        "additionalInfo": {
          "description": "",
          "layoutX": 354,
          "layoutY": 372
        }
      }
    ],
    "connections": [
      {
        "fromIndex": 0,
        "toIndex": 1,
        "type": "Success"
      },
      {
        "fromIndex": 1,
        "toIndex": 2,
        "type": "Success"
      },
      {
        "fromIndex": 2,
        "toIndex": 3,
        "type": "Success"
      },
      {
        "fromIndex": 3,
        "toIndex": 4,
        "type": "Success"
      },
      {
        "fromIndex": 5,
        "toIndex": 0,
        "type": "True"
      }
    ],
    "ruleChainConnections": null
  }
}