{
  "ruleChain": {
    "name": "DPM filter",
    "type": "CORE",
    "firstRuleNodeId": null,
    "root": false,
    "debugMode": false,
    "configuration": null,
    "additionalInfo": {
      "description": ""
    }
  },
  "metadata": {
    "version": 37,
    "firstNodeIndex": 1,
    "nodes": [
      {
        "type": "org.thingsboard.rule.engine.transform.TbTransformMsgNode",
        "name": "test1",
        "debugSettings": {
          "failuresEnabled": false,
          "allEnabled": false,
          "allEnabledUntil": 1751362016050
        },
        "singletonMode": false,
        "queueName": null,
        "configurationVersion": 0,
        "configuration": {
          "scriptLang": "JS",
          "jsScript": "var alpha = 0.05;\nfunction firstfilter(pastVal,NewVal,abs){\n    if(NewVal > 1000){\n        NewVal = 1000;\n    }\n    if(NewVal < 0){\n        NewVal = 0;\n    }\n    var firstval = NewVal;\n    if(abs>20){\n        firstval = alpha*NewVal+(1-alpha)*pastVal;\n        \n    }\n    \n    \n    return firstval;\n}\n\n\n\nfunction secondfilter(filtered,NewVal,count){\n    var finaloutcome = filtered;\n    if(count>4){\n        finaloutcome = NewVal;\n    }\n    \n    return finaloutcome;\n}\n/////////////////////////// DPM1//////////////////\n\nif('Raw Current 1 (A)' in msg){\n    var nc1 = msg[\"Raw Current 1 (A)\"];\n    var cc1 = parseFloat(JSON.parse(metadata.cc1));\n    var pc1 = parseFloat(JSON.parse(metadata['Current 1 (A)']));\n    var absc1 = Math.abs(nc1-pc1);\n    if(absc1>20){\n        msg.cc1 = cc1+1;\n    }else{\n        msg.cc1 = 1;\n    }\n    var ffc1 =  firstfilter(pc1,nc1,absc1);\n    msg[\"Current 1 (A)\"] = secondfilter(ffc1,nc1,cc1);\n}\n\nif('Raw Power 1 (kW)' in msg){\n    var np1 = msg[\"Raw Power 1 (kW)\"];\n    var cp1 = parseFloat(JSON.parse(metadata.cp1));\n    var pp1 = parseFloat(JSON.parse(metadata['Power 1 (kW)']));\n    var absp1 = Math.abs(np1-pp1);\n    if(absp1>20 && cp1<5){\n        msg.cp1 = cp1+1;\n    }else{\n        msg.cp1 = 1;\n    }\n    var ffp1 =  firstfilter(pp1,np1,absp1);\n    msg[\"Power 1 (kW)\"] = secondfilter(ffp1,np1,cp1);\n}\n\nif('Raw Voltage 1 (V)' in msg){\n    var nv1 = msg[\"Raw Voltage 1 (V)\"];\n    var cv1 = parseFloat(JSON.parse(metadata.cv1));\n    var pv1 = parseFloat(JSON.parse(metadata['Voltage 1 (V)']));\n    var absv1 = Math.abs(nv1-pv1);\n    if(absv1>20){\n        msg.cv1 = cc1+1;\n    }else{\n        msg.cv1 = 1;\n    }\n    var ffv1 =  firstfilter(pv1,nv1,absv1);\n    msg[\"Voltage 1 (V)\"] = secondfilter(ffv1,nv1,cv1);\n}\n\n\n/////////////////////////// DPM2//////////////////\n\nif('Raw Current 2 (A)' in msg){\n    var nc2 = msg[\"Raw Current 2 (A)\"];\n    var cc2 = parseFloat(JSON.parse(metadata.cc2));\n    var pc2 = parseFloat(JSON.parse(metadata['Current 2 (A)']));\n    var absc2 = Math.abs(nc2-pc2);\n    if(absc2>20){\n        msg.cc2 = cc2+1;\n    }else{\n        msg.cc2 = 1;\n    }\n    var ffc2 =  firstfilter(pc2,nc2,absc2);\n    msg[\"Current 2 (A)\"] = secondfilter(ffc2,nc2,cc2);\n}\n\nif('Raw Power 2 (kW)' in msg){\n    var np2 = msg[\"Raw Power 2 (kW)\"];\n    var cp2 = parseFloat(JSON.parse(metadata.cp2));\n    var pp2 = parseFloat(JSON.parse(metadata['Power 2 (kW)']));\n    var absp2 = Math.abs(np2-pp2);\n    if(absp2>20 && cp2<5){\n        msg.cp2 = cp2+1;\n    }else{\n        msg.cp2 = 1;\n    }\n    var ffp2 =  firstfilter(pp2,np2,absp2);\n    msg[\"Power 2 (kW)\"] = secondfilter(ffp2,np2,cp2);\n}\n\nif('Raw Voltage 2 (V)' in msg){\n    var nv2 = msg[\"Raw Voltage 2 (V)\"];\n    var cv2 = parseFloat(JSON.parse(metadata.cv2));\n    var pv2 = parseFloat(JSON.parse(metadata['Voltage 2 (V)']));\n    var absv2 = Math.abs(nv2-pv2);\n    if(absv2>20){\n        msg.cv2 = cc2+1;\n    }else{\n        msg.cv2 = 1;\n    }\n    var ffv2 =  firstfilter(pv2,nv2,absv2);\n    msg[\"Voltage 2 (V)\"] = secondfilter(ffv2,nv2,cv2);\n}\n\n\n\n/////////////////////////// DPM3//////////////////\n\nif('Raw Current 3 (A)' in msg){\n    var nc3 = msg[\"Raw Current 3 (A)\"];\n    var cc3 = parseFloat(JSON.parse(metadata.cc3));\n    var pc3 = parseFloat(JSON.parse(metadata['Current 3 (A)']));\n    var absc3 = Math.abs(nc3-pc3);\n    if(absc3>20){\n        msg.cc3 = cc3+1;\n    }else{\n        msg.cc3 = 1;\n    }\n    var ffc3 =  firstfilter(pc3,nc3,absc3);\n    msg[\"Current 3 (A)\"] = secondfilter(ffc3,nc3,cc3);\n}\n\nif('Raw Power 3 (kW)' in msg){\n    var np3 = msg[\"Raw Power 3 (kW)\"];\n    var cp3 = parseFloat(JSON.parse(metadata.cp3));\n    var pp3 = parseFloat(JSON.parse(metadata['Power 3 (kW)']));\n    var absp3 = Math.abs(np3-pp3);\n    if(absp3>20 && cp3<5){\n        msg.cp3 = cp3+1;\n    }else{\n        msg.cp3 = 1;\n    }\n    var ffp3 =  firstfilter(pp3,np3,absp3);\n    msg[\"Power 3 (kW)\"] = secondfilter(ffp3,np3,cp3);\n}\n\nif('Raw Voltage 3 (V)' in msg){\n    var nv3 = msg[\"Raw Voltage 3 (V)\"];\n    var cv3 = parseFloat(JSON.parse(metadata.cv3));\n    var pv3 = parseFloat(JSON.parse(metadata['Voltage 3 (V)']));\n    var absv3 = Math.abs(nv3-pv3);\n    if(absv3>20){\n        msg.cv3 = cc3+1;\n    }else{\n        msg.cv3 = 1;\n    }\n    var ffv3 =  firstfilter(pv3,nv3,absv3);\n    msg[\"Voltage 3 (V)\"] = secondfilter(ffv3,nv3,cv3);\n}\n\nreturn {msg: msg, metadata: metadata, msgType: msgType};",
          "tbelScript": "return {msg: msg, metadata: metadata, msgType: msgType};"
        },
        "additionalInfo": {
          "description": "",
          "layoutX": 780,
          "layoutY": 72
        }
      },
      {
        "type": "org.thingsboard.rule.engine.filter.TbJsFilterNode",
        "name": "dpm",
        "debugSettings": {
          "failuresEnabled": false,
          "allEnabled": false,
          "allEnabledUntil": 1752050694626
        },
        "singletonMode": false,
        "queueName": null,
        "configurationVersion": 0,
        "configuration": {
          "scriptLang": "JS",
          "jsScript": "if(metadata.deviceName == 'NG Chiller DPM'){\n    return true;\n}else{\n    return false;\n}",
          "tbelScript": "return msg.temperature > 20;"
        },
        "additionalInfo": {
          "description": "",
          "layoutX": 331,
          "layoutY": 154
        }
      },
      {
        "type": "org.thingsboard.rule.engine.metadata.TbGetTelemetryNode",
        "name": "get params",
        "debugSettings": {
          "failuresEnabled": false,
          "allEnabled": false,
          "allEnabledUntil": 1752050694626
        },
        "singletonMode": false,
        "queueName": null,
        "configurationVersion": 2,
        "configuration": {
          "latestTsKeyNames": [
            "Current 1 (A)",
            "Current 2 (A)",
            "Current 3 (A)",
            "Power 1 (kW)",
            "Power 2 (kW)",
            "Power 3 (kW)",
            "Voltage 1 (V)",
            "Voltage 2 (V)",
            "Voltage 3 (V)",
            "cc1",
            "cc2",
            "cc3",
            "cp1",
            "cp2",
            "cp3",
            "cv1",
            "cv2",
            "cv3",
            "Raw Current 1 (A)",
            "Raw Current 2 (A)",
            "Raw Current 3 (A)",
            "Raw Power 1 (kW)",
            "Raw Power 2 (kW)",
            "Raw Power 3 (kW)",
            "Raw Voltage 1 (V)",
            "Raw Voltage 2 (V)",
            "Raw Voltage 3 (V)",
            "f1v1",
            "f1v2",
            "f1v3",
            "f1c1",
            "f1c2",
            "f1c3",
            "f1p1",
            "f1p2",
            "f1p3",
            "upC1",
            "upC2",
            "upC3",
            "upP1",
            "upP2",
            "upP3"
          ],
          "aggregation": "NONE",
          "fetchMode": "LAST",
          "orderBy": "ASC",
          "limit": 1000,
          "useMetadataIntervalPatterns": false,
          "startIntervalPattern": "",
          "endIntervalPattern": "",
          "startInterval": 1,
          "startIntervalTimeUnit": "DAYS",
          "endInterval": 1,
          "endIntervalTimeUnit": "SECONDS"
        },
        "additionalInfo": {
          "description": "",
          "layoutX": 559,
          "layoutY": 140
        }
      },
      {
        "type": "org.thingsboard.rule.engine.telemetry.TbMsgTimeseriesNode",
        "name": "save",
        "debugSettings": null,
        "singletonMode": false,
        "queueName": null,
        "configurationVersion": 0,
        "configuration": {
          "defaultTTL": 0,
          "skipLatestPersistence": false,
          "useServerTs": false
        },
        "additionalInfo": {
          "description": "",
          "layoutX": 1112,
          "layoutY": 139
        }
      },
      {
        "type": "org.thingsboard.rule.engine.rest.TbRestApiCallNode",
        "name": "Send to cranes",
        "debugSettings": {
          "failuresEnabled": true,
          "allEnabled": false,
          "allEnabledUntil": 1762480584639
        },
        "singletonMode": false,
        "queueName": null,
        "configurationVersion": 3,
        "configuration": {
          "restEndpointUrlPattern": "https://cranes.asia/api/v1/${deviceName}/telemetry",
          "requestMethod": "POST",
          "useSimpleClientHttpFactory": false,
          "parseToPlainText": null,
          "ignoreRequestBody": false,
          "enableProxy": false,
          "useSystemProxyProperties": false,
          "proxyScheme": null,
          "proxyHost": null,
          "proxyPort": 0,
          "proxyUser": null,
          "proxyPassword": null,
          "readTimeoutMs": 0,
          "maxParallelRequestsCount": 0,
          "headers": {
            "Content-Type": "application/json"
          },
          "credentials": {
            "type": "anonymous"
          },
          "maxInMemoryBufferSizeInKb": 256
        },
        "additionalInfo": {
          "description": "",
          "layoutX": 1417,
          "layoutY": 138
        }
      },
      {
        "type": "org.thingsboard.rule.engine.transform.TbTransformMsgNode",
        "name": "latest filter",
        "debugSettings": {
          "failuresEnabled": false,
          "allEnabled": false,
          "allEnabledUntil": 1762480609074
        },
        "singletonMode": false,
        "queueName": null,
        "configurationVersion": 0,
        "configuration": {
          "scriptLang": "JS",
          "jsScript": "var config = {\n  Current: { max: 350, min: 0, spikeDrop: -100 },\n  Voltage: { max: 3000, min: 2000, spikeDrop: -1000 },\n  Power:   { max: 800, min: 0, spikeDrop: -100 }\n};\n\nfunction filter1(NewVal, Counter, minValue, maxValue,pastVal,spikeDrop) {\n    var delta = NewVal - pastVal; \n    return (NewVal > maxValue || NewVal < minValue || NewVal === 0 || delta < spikeDrop ) ? Counter + 1 : 1;\n}\n\nfunction filter2(NewVal, PastVal, minValue, maxValue,spikeDrop) {\n    var delta = NewVal - PastVal;\n    return (NewVal > maxValue || NewVal < minValue || delta < spikeDrop) ? PastVal : NewVal;\n}\n\nfunction filter3(NewVal, filVal, oldFilVal, counter) {\n    return (NewVal === 0 && counter < 3) ? oldFilVal : filVal;\n}\n\nfunction filter4(newVal,finalVal,counter,spikeDrop,pastVal,minValue){\n    var delta = newVal - pastVal;\n    return (delta < spikeDrop && counter > 2 && newVal >= minValue) ? newVal:finalVal;\n}\n\nfunction safeParse(val) {\n    try {\n        return parseFloat(JSON.parse(val));\n    } catch (e) {\n        return 0;\n    }\n}\n\nvar signals = [\n    { phase: \"1\", label: \"Current\", unit: \"(A)\" },\n    { phase: \"1\", label: \"Power\", unit: \"(kW)\" },\n    { phase: \"1\", label: \"Voltage\", unit: \"(V)\" },\n    { phase: \"2\", label: \"Current\", unit: \"(A)\" },\n    { phase: \"2\", label: \"Power\", unit: \"(kW)\" },\n    { phase: \"2\", label: \"Voltage\", unit: \"(V)\" },\n    { phase: \"3\", label: \"Current\", unit: \"(A)\" },\n    { phase: \"3\", label: \"Power\", unit: \"(kW)\" },\n    { phase: \"3\", label: \"Voltage\", unit: \"(V)\" },\n    { phase: \"4\", label: \"Current\", unit: \"(A)\" },\n    { phase: \"4\", label: \"Power\", unit: \"(kW)\" },\n    { phase: \"4\", label: \"Voltage\", unit: \"(V)\" }\n];\n\nfor (var i = 0; i < signals.length; i++) {\n    var s = signals[i];\n    var baseLabel = s.label + \" \" + s.phase + \" \" + s.unit;\n    var rawKey = \"Raw \" + baseLabel;\n    var counterKey = \"c\" + s.label.charAt(0).toLowerCase() + s.phase;\n    var filterKey = \"f1\" + s.label.charAt(0).toLowerCase() + s.phase;\n\n    if (rawKey in msg) {\n        var cfg = config[s.label]; // use label to get config (Current, Power, Voltage)\n        var newVal = msg[rawKey];\n        var pastVal = safeParse(metadata[baseLabel]);\n        var counter = safeParse(metadata[counterKey]);\n        var oldFilVal = safeParse(metadata[filterKey]);\n\n        var updatedCounter = filter1(newVal, counter, cfg.min, cfg.max,pastVal,cfg.spikeDrop);\n        var filteredVal = filter2(newVal, pastVal, cfg.min, cfg.max,cfg.spikeDrop);\n        var finalVal = filter3(newVal, filteredVal, oldFilVal, counter);\n        var finalVal2 = filter4(newVal,finalVal,counter,cfg.spikeDrop,pastVal,cfg.min);\n\n        msg[counterKey] = updatedCounter;\n        msg[filterKey] = filteredVal;\n        msg[baseLabel] = finalVal2;\n    }\n}\n\nreturn { msg: msg, metadata: metadata, msgType: msgType };\n",
          "tbelScript": "return {msg: msg, metadata: metadata, msgType: msgType};"
        },
        "additionalInfo": {
          "description": "",
          "layoutX": 741,
          "layoutY": 280
        }
      },
      {
        "type": "org.thingsboard.rule.engine.transform.TbTransformMsgNode",
        "name": "test1",
        "debugSettings": {
          "failuresEnabled": false,
          "allEnabled": false,
          "allEnabledUntil": 1753331825304
        },
        "singletonMode": false,
        "queueName": null,
        "configurationVersion": 0,
        "configuration": {
          "scriptLang": "JS",
          "jsScript": "var config = {\n  Current: { spike: 50 },\n  Power:   { spike: 50 }\n};\n\n\nfunction filter1(newVal,pastVal,counter,spike) {\n    var delta = newVal - pastVal; \n    return (pastVal === 0 && newVal > 50) ? counter + 1 : 1;\n}\n\nfunction filter2(newVal, pastVal,counter,spike) {\n    var delta = newVal - pastVal;\n    return (pastVal === 0 && newVal > 50 && counter < 2) ? 0 : newVal;\n}\n\nfunction safeParse(val) {\n    try {\n        return parseFloat(JSON.parse(val));\n    } catch (e) {\n        return 0;\n    }\n}\n\n\nvar signals = [\n    { phase: \"1\", label: \"Current\", unit: \"(A)\" },\n    { phase: \"1\", label: \"Power\", unit: \"(kW)\" },\n    { phase: \"2\", label: \"Current\", unit: \"(A)\" },\n    { phase: \"2\", label: \"Power\", unit: \"(kW)\" },\n    { phase: \"3\", label: \"Current\", unit: \"(A)\" },\n    { phase: \"3\", label: \"Power\", unit: \"(kW)\" },\n    { phase: \"4\", label: \"Current\", unit: \"(A)\" },\n    { phase: \"4\", label: \"Power\", unit: \"(kW)\" }\n];\n\n\n\nfor (var i = 0; i < signals.length; i++) {\n    var s = signals[i];\n    var baseLabel = s.label + \" \" + s.phase + \" \" + s.unit;\n    var counterKey = \"up\" + s.label.charAt(0).toUpperCase() + s.phase;\n\n    if (baseLabel in msg) {\n        var cfg = config[s.label]; // use label to get config (Current, Power, Voltage)\n        var newVal = msg[baseLabel];\n        var pastVal = safeParse(metadata[baseLabel]);\n        var counter = safeParse(metadata[counterKey]);\n\n        var updatedCounter = filter1(newVal,pastVal,counter,cfg.spike);\n        var finalVal = filter2(newVal, pastVal,counter,cfg.spike);\n\n        msg[counterKey] = updatedCounter;\n        msg[baseLabel] = finalVal;\n    }\n}\n\nreturn { msg: msg, metadata: metadata, msgType: msgType };\n",
          "tbelScript": "return {msg: msg, metadata: metadata, msgType: msgType};"
        },
        "additionalInfo": {
          "description": "",
          "layoutX": 856,
          "layoutY": 412
        }
      }
    ],
    "connections": [
      {
        "fromIndex": 1,
        "toIndex": 2,
        "type": "True"
      },
      {
        "fromIndex": 2,
        "toIndex": 5,
        "type": "Success"
      },
      {
        "fromIndex": 3,
        "toIndex": 4,
        "type": "Success"
      },
      {
        "fromIndex": 5,
        "toIndex": 6,
        "type": "Success"
      },
      {
        "fromIndex": 6,
        "toIndex": 3,
        "type": "Success"
      }
    ],
    "ruleChainConnections": null
  }
}