{
  "ruleChain": {
    "name": "Filter UFM",
    "type": "CORE",
    "firstRuleNodeId": null,
    "root": false,
    "debugMode": false,
    "configuration": null,
    "additionalInfo": {
      "description": ""
    }
  },
  "metadata": {
    "version": 8,
    "firstNodeIndex": 1,
    "nodes": [
      {
        "type": "org.thingsboard.rule.engine.transform.TbTransformMsgNode",
        "name": "test",
        "debugSettings": {
          "failuresEnabled": false,
          "allEnabled": false,
          "allEnabledUntil": 1752638793792
        },
        "singletonMode": false,
        "queueName": null,
        "configurationVersion": 0,
        "configuration": {
          "scriptLang": "JS",
          "jsScript": "var current = msg[\"main flowrate\"];\nvar all = JSON.parse(metadata[\"main flowrate\"]);\nvar length = all.length;\nvar last = all[length-1].value;\nvar delta = Math.abs(current - last);\nvar threshold = 50;\nvar max = 500;\nvar maxRange = 10000;\nvar minRange = 1;\nvar total = 0;\n\nfor (var i = 0; i < all.length; i++) {\n    var sig = all[i];\n    total += parseFloat(sig.value);\n}\n\nvar avg = (total+current)/(length+1);\n\nif(current > maxRange || current < minRange){\n    msg[\"main flowrate\"] = last;\n}else if(current > max || delta > threshold){\n    msg[\"main flowrate\"] = avg;\n}else{\n    msg[\"main flowrate\"] = current;\n}\n\nreturn {msg: msg, metadata: metadata, msgType: msgType};",
          "tbelScript": "return {msg: msg, metadata: metadata, msgType: msgType};"
        },
        "additionalInfo": {
          "description": "",
          "layoutX": 531,
          "layoutY": 172
        }
      },
      {
        "type": "org.thingsboard.rule.engine.metadata.TbGetTelemetryNode",
        "name": "UFM  main flowrate",
        "debugSettings": {
          "failuresEnabled": false,
          "allEnabled": false,
          "allEnabledUntil": 0
        },
        "singletonMode": false,
        "queueName": null,
        "configurationVersion": 2,
        "configuration": {
          "latestTsKeyNames": [
            "main flowrate"
          ],
          "aggregation": "NONE",
          "fetchMode": "ALL",
          "orderBy": "ASC",
          "limit": 1000,
          "useMetadataIntervalPatterns": false,
          "startIntervalPattern": "",
          "endIntervalPattern": "",
          "startInterval": 10,
          "startIntervalTimeUnit": "MINUTES",
          "endInterval": 1,
          "endIntervalTimeUnit": "SECONDS"
        },
        "additionalInfo": {
          "description": "",
          "layoutX": 298,
          "layoutY": 163
        }
      },
      {
        "type": "org.thingsboard.rule.engine.transform.TbTransformMsgNode",
        "name": "filter ufm 5",
        "debugSettings": {
          "failuresEnabled": false,
          "allEnabled": false,
          "allEnabledUntil": 0
        },
        "singletonMode": false,
        "queueName": null,
        "configurationVersion": 0,
        "configuration": {
          "scriptLang": "JS",
          "jsScript": "var current = msg[\"main flowrate\"];\nvar past = parseFloat(JSON.parse(metadata[\"main flowrate\"]));\nvar checker = (current > 500 || current <= 0 ) ? past:current;\nmsg[\"main flowrate\"] = checker;\nreturn {msg: msg, metadata: metadata, msgType: msgType};",
          "tbelScript": "return {msg: msg, metadata: metadata, msgType: msgType};"
        },
        "additionalInfo": {
          "description": "",
          "layoutX": 505,
          "layoutY": 421
        }
      }
    ],
    "connections": [
      {
        "fromIndex": 1,
        "toIndex": 0,
        "type": "Success"
      }
    ],
    "ruleChainConnections": null
  }
}