{
  "ruleChain": {
    "name": "WISP",
    "type": "CORE",
    "firstRuleNodeId": null,
    "root": false,
    "debugMode": true,
    "configuration": null,
    "additionalInfo": {
      "description": ""
    }
  },
  "metadata": {
    "version": 27,
    "firstNodeIndex": 1,
    "nodes": [
      {
        "type": "org.thingsboard.rule.engine.transform.TbTransformMsgNode",
        "name": "IEEE754 Hex to Float Converter",
        "debugSettings": {
          "failuresEnabled": true,
          "allEnabled": false,
          "allEnabledUntil": 1768888749887
        },
        "singletonMode": false,
        "queueName": null,
        "configurationVersion": 0,
        "configuration": {
          "scriptLang": "JS",
          "jsScript": "function swap(val) {\r\n    return ((val & 0xFFFF) << 16) | ((val >> 16) & 0xFFFF);\r\n}\r\n\r\nfunction IEEE754converter(val) {\r\n    var intval = val;\r\n    var fval = 0.0;\r\n    var x;//exponent\r\n    var m;//mantissa\r\n    var s;//sign\r\n    s = (intval & 0x80000000)?-1:1;\r\n    x = ((intval >> 23) & 0xFF);\r\n    m = (intval & 0x7FFFFF);\r\n    switch(x) {\r\n        case 0:\r\n            //zero, do nothing, ignore negative zero and subnormals\r\n            break;\r\n        case 0xFF:\r\n            if (m) fval = NaN;\r\n            else if (s > 0) fval = Number.POSITIVE_INFINITY;\r\n            else fval = Number.NEGATIVE_INFINITY;\r\n            break;\r\n        default:\r\n            x -= 127;\r\n            m += 0x800000;\r\n            fval = s * (m / 8388608.0) * Math.pow(2, x);\r\n            break;\r\n    }\r\n    return fval.toFixed(2);\r\n}\r\n\r\nfor(var i = 1; i<8; i++){\r\n    var pwrstr = \"pwr\" + i;\r\n    var curstr = \"amp\" + i;\r\n    var volstr = \"volt\" + i;\r\n    var enrstr = \"energy\" + i;\r\n    var mdstr = \"md\" + i;\r\n    var pfstr = \"pf\" + i;\r\n    \r\n    if (pwrstr in msg && msg[pwrstr] !== 42907722990) {\r\n    var pwrx = IEEE754converter(msg[pwrstr]);\r\n    msg[\"Power \"+i+\" (kW)\"] = parseFloat(pwrx);\r\n    msg[\"Raw Power \"+i+\" (kW)\"] = parseFloat(pwrx);\r\n    }\r\n    if (curstr in msg && msg[curstr] !== 42907722990) {\r\n    var ampx = IEEE754converter(msg[curstr]);\r\n    msg[\"Current \"+i+\" (A)\"] = parseFloat(ampx);\r\n    msg[\"Raw Current \"+i+\" (A)\"] = parseFloat(ampx);\r\n    }\r\n    if (pfstr in msg && msg[pfstr] !== 42907722990) {\r\n    var pfx = IEEE754converter(msg[pfstr]);\r\n    msg[\"Power Factor \"+i] = parseFloat(pfx);\r\n    }\r\n    if (volstr in msg && msg[volstr] !== 42907722990) {\r\n    var voltx = IEEE754converter(msg[volstr]);\r\n    msg[\"Voltage \"+i+\" (V)\"] = parseFloat(voltx);\r\n     msg[\"Raw Voltage \"+i+\" (V)\"] = parseFloat(voltx);\r\n    }\r\n    if (enrstr in msg && msg[enrstr] !== 42907722990) {\r\n    var energyx = IEEE754converter(msg[enrstr]);\r\n    msg[\"Energy \"+i+\" (kWh)\"] = parseFloat(energyx);\r\n    }\r\n    \r\n}\r\n\r\n/*if (mdstr in msg && msg[mdstr] !== 42907722990) {\r\n    var mdx = IEEE754converter(msg[mdstr]);\r\n    msg[\"Max Demand \"+i+\" (kW)\"] = parseFloat(mdx);\r\n }*/\r\n//var tes = msg.md1 !== 42907722990;\r\n//metadata.tes = tes;\r\nreturn {msg: msg, metadata: metadata, msgType: msgType};",
          "tbelScript": null
        },
        "additionalInfo": {
          "description": "",
          "layoutX": 671,
          "layoutY": 155
        }
      },
      {
        "type": "org.thingsboard.rule.engine.filter.TbMsgTypeSwitchNode",
        "name": "Message Type Switch",
        "debugSettings": {
          "failuresEnabled": true,
          "allEnabled": false,
          "allEnabledUntil": 1752050620911
        },
        "singletonMode": false,
        "queueName": null,
        "configurationVersion": 0,
        "configuration": {
          "version": 0
        },
        "additionalInfo": {
          "description": "",
          "layoutX": 357,
          "layoutY": 150
        }
      },
      {
        "type": "org.thingsboard.rule.engine.telemetry.TbMsgAttributesNode",
        "name": "Save Attributes",
        "debugSettings": {
          "failuresEnabled": true,
          "allEnabled": false,
          "allEnabledUntil": 1750391726551
        },
        "singletonMode": false,
        "queueName": null,
        "configurationVersion": 2,
        "configuration": {
          "scope": "CLIENT_SCOPE",
          "notifyDevice": false,
          "sendAttributesUpdatedNotification": false,
          "updateAttributesOnlyOnValueChange": false
        },
        "additionalInfo": {
          "description": "",
          "layoutX": 730,
          "layoutY": 39
        }
      },
      {
        "type": "org.thingsboard.rule.engine.action.TbCreateAlarmNode",
        "name": "Create Inactivity Alarm",
        "debugSettings": {
          "failuresEnabled": true,
          "allEnabled": false,
          "allEnabledUntil": 1750391726551
        },
        "singletonMode": false,
        "queueName": null,
        "configurationVersion": 0,
        "configuration": {
          "scriptLang": "TBEL",
          "alarmDetailsBuildJs": "var details = {};\nif (metadata.prevAlarmDetails) {\n    details = JSON.parse(metadata.prevAlarmDetails);\n    //remove prevAlarmDetails from metadata\n    delete metadata.prevAlarmDetails;\n    //now metadata is the same as it comes IN this rule node\n}\n\n\nreturn details;",
          "alarmDetailsBuildTbel": "var details = {};\nif (metadata.prevAlarmDetails != null) {\n    details = JSON.parse(metadata.prevAlarmDetails);\n    //remove prevAlarmDetails from metadata\n    metadata.remove('prevAlarmDetails');\n    //now metadata is the same as it comes IN this rule node\n}\n\n\nreturn details;",
          "useMessageAlarmData": false,
          "overwriteAlarmDetails": false,
          "alarmType": "Inactivity Timeout",
          "severity": "CRITICAL",
          "propagate": false,
          "relationTypes": [],
          "propagateToOwner": false,
          "propagateToOwnerHierarchy": false,
          "propagateToTenant": false,
          "dynamicSeverity": false
        },
        "additionalInfo": {
          "description": "",
          "layoutX": 715,
          "layoutY": 594
        }
      },
      {
        "type": "org.thingsboard.rule.engine.mail.TbMsgToEmailNode",
        "name": "Inactivity Email",
        "debugSettings": null,
        "singletonMode": false,
        "queueName": null,
        "configurationVersion": 0,
        "configuration": {
          "fromTemplate": "sqcmboard@gmail.com",
          "toTemplate": "sqcmboard@gmail.com",
          "ccTemplate": "",
          "bccTemplate": "roslee@mimos.my, pannir@mimos.my, pannirk@gmail.com",
          "subjectTemplate": "AEL TB: Device ${deviceName} is Inactive",
          "mailBodyType": "false",
          "bodyTemplate": "AEL: Device ${deviceName} is Inactive"
        },
        "additionalInfo": {
          "description": "",
          "layoutX": 1020,
          "layoutY": 593
        }
      },
      {
        "type": "org.thingsboard.rule.engine.mail.TbSendEmailNode",
        "name": "Send Gmail",
        "debugSettings": null,
        "singletonMode": false,
        "queueName": null,
        "configurationVersion": 0,
        "configuration": {
          "useSystemSmtpSettings": true,
          "smtpHost": "localhost",
          "smtpPort": 25,
          "username": null,
          "password": null,
          "smtpProtocol": "smtp",
          "timeout": 10000,
          "enableTls": false,
          "tlsVersion": "TLSv1.2",
          "enableProxy": false,
          "proxyHost": null,
          "proxyPort": null,
          "proxyUser": null,
          "proxyPassword": null
        },
        "additionalInfo": {
          "description": "",
          "layoutX": 1380,
          "layoutY": 592
        }
      },
      {
        "type": "org.thingsboard.rule.engine.action.TbClearAlarmNode",
        "name": "Clear Inactivity Alarm",
        "debugSettings": null,
        "singletonMode": false,
        "queueName": null,
        "configurationVersion": 0,
        "configuration": {
          "scriptLang": "TBEL",
          "alarmDetailsBuildJs": "var details = {};\nif (metadata.prevAlarmDetails) {\n    details = JSON.parse(metadata.prevAlarmDetails);\n    //remove prevAlarmDetails from metadata\n    delete metadata.prevAlarmDetails;\n    //now metadata is the same as it comes IN this rule node\n}\n\n\nreturn details;",
          "alarmDetailsBuildTbel": "var details = {};\nif (metadata.prevAlarmDetails != null) {\n    details = JSON.parse(metadata.prevAlarmDetails);\n    //remove prevAlarmDetails from metadata\n    metadata.remove('prevAlarmDetails');\n    //now metadata is the same as it comes IN this rule node\n}\n\n\nreturn details;",
          "alarmType": "Inactivity Timeout"
        },
        "additionalInfo": {
          "description": "",
          "layoutX": 628,
          "layoutY": 698
        }
      },
      {
        "type": "org.thingsboard.rule.engine.mail.TbMsgToEmailNode",
        "name": "Activity Email",
        "debugSettings": null,
        "singletonMode": false,
        "queueName": null,
        "configurationVersion": 0,
        "configuration": {
          "fromTemplate": "sqcmboard@gmail.com",
          "toTemplate": "sqcmboard@gmail.com",
          "ccTemplate": "",
          "bccTemplate": "roslee@mimos.my, pannir@mimos.my, pannirk@gmail.com",
          "subjectTemplate": "AEL TB: Device ${deviceName} is Active",
          "mailBodyType": "false",
          "bodyTemplate": "AEL: Device ${deviceName} is Active"
        },
        "additionalInfo": {
          "description": "",
          "layoutX": 943,
          "layoutY": 701
        }
      },
      {
        "type": "org.thingsboard.rule.engine.flow.TbRuleChainInputNode",
        "name": "Trigger Power Factor",
        "debugSettings": {
          "failuresEnabled": true,
          "allEnabled": false,
          "allEnabledUntil": 1750391726551
        },
        "singletonMode": false,
        "queueName": null,
        "configurationVersion": 1,
        "configuration": {
          "ruleChainId": "7f1c9e20-8f58-11ee-acfa-479c5176bfc9",
          "forwardMsgToDefaultRuleChain": false
        },
        "additionalInfo": {
          "description": "",
          "layoutX": 1864,
          "layoutY": 469
        }
      },
      {
        "type": "org.thingsboard.rule.engine.metadata.TbGetTelemetryNode",
        "name": "Get Previous Telemetry",
        "debugSettings": {
          "failuresEnabled": true,
          "allEnabled": false,
          "allEnabledUntil": 1750391726551
        },
        "singletonMode": false,
        "queueName": null,
        "configurationVersion": 2,
        "configuration": {
          "latestTsKeyNames": [
            "Voltage 1 (V)",
            "Voltage 2 (V)",
            "Voltage 3 (V)",
            "Current 1 (A)",
            "Current 2 (A)",
            "Current 3 (A)",
            "Power 1 (kW)",
            "Power 2 (kW)",
            "Power 3 (kW)",
            "Power Factor 1",
            "Power Factor 2",
            "Power Factor 3",
            "Energy 1 (kWh)",
            "Energy 2 (kWh)",
            "Energy 3 (kWh)",
            "Max Demand 1 (kW)",
            "Max Demand 2 (kW)",
            "Max Demand 3 (kW)"
          ],
          "aggregation": "NONE",
          "fetchMode": "LAST",
          "orderBy": "DESC",
          "limit": 1000,
          "useMetadataIntervalPatterns": false,
          "startIntervalPattern": "",
          "endIntervalPattern": "",
          "startInterval": 30,
          "startIntervalTimeUnit": "MINUTES",
          "endInterval": 30,
          "endIntervalTimeUnit": "SECONDS"
        },
        "additionalInfo": {
          "description": "",
          "layoutX": 1363,
          "layoutY": 154
        }
      },
      {
        "type": "org.thingsboard.rule.engine.transform.TbTransformMsgNode",
        "name": "Filter Telemetry",
        "debugSettings": {
          "failuresEnabled": true,
          "allEnabled": false,
          "allEnabledUntil": 1750391726551
        },
        "singletonMode": false,
        "queueName": null,
        "configurationVersion": 0,
        "configuration": {
          "scriptLang": "JS",
          "jsScript": "if (typeof msg[\"Energy 1 (kWh)\"] !== undefined) {\r\n    if(msg[\"Energy 1 (kWh)\"] <= 0 || msg[\"Energy 1 (kWh)\"] > 1e7 || msg.energy1 == 1939406849 || msg.energy1 == 1227104256) {\r\n        msg[\"Energy 1 (kWh)\"] = parseFloat(JSON.parse(metadata[\"Energy 1 (kWh)\"]));\r\n    }\r\n}\r\n\r\nif (typeof msg[\"Energy 2 (kWh)\"] !== undefined) {\r\n    if(msg[\"Energy 2 (kWh)\"] <= 0 || msg[\"Energy 2 (kWh)\"] > 1e7 || msg.energy2 == 1939406849 || msg.energy2 == 1227104256) {\r\n        msg[\"Energy 2 (kWh)\"] = parseFloat(JSON.parse(metadata[\"Energy 2 (kWh)\"]));\r\n    }\r\n}\r\n\r\nif (typeof msg[\"Energy 3 (kWh)\"] !== undefined) {\r\n    if(msg[\"Energy 3 (kWh)\"] <= 0 || msg[\"Energy 3 (kWh)\"] > 1e7 || msg.energy3 == 1939406849 || msg.energy3 == 1227104256) {\r\n        msg[\"Energy 3 (kWh)\"] = parseFloat(JSON.parse(metadata[\"Energy 3 (kWh)\"]));\r\n    }\r\n}\r\n\r\nif (typeof msg[\"Max Demand 1 (kW)\"] !== undefined) {\r\n    if(msg[\"Max Demand 1 (kW)\"] <= 0 || msg.md1 == 1939406849 || msg[\"Max Demand 1 (kW)\"] > 1e5) {\r\n        msg[\"Max Demand 1 (kW)\"] = parseFloat(JSON.parse(metadata[\"Max Demand 1 (kW)\"]));\r\n    }\r\n}\r\n\r\nif (typeof msg[\"Max Demand 2 (kW)\"] !== undefined) {\r\n    if(msg[\"Max Demand 2 (kW)\"] <= 0 || msg.md2 == 1939406849 || msg[\"Max Demand 2 (kW)\"] > 1e5) {\r\n        msg[\"Max Demand 2 (kW)\"] = parseFloat(JSON.parse(metadata[\"Max Demand 2 (kW)\"]));\r\n    }\r\n}\r\n\r\nif (typeof msg[\"Max Demand 3 (kW)\"] !== undefined) {\r\n    if(msg[\"Max Demand 3 (kW)\"] <= 0 || msg.md3 == 1939406849 || msg[\"Max Demand 3 (kW)\"] > 1e5) {\r\n        msg[\"Max Demand 3 (kW)\"] = parseFloat(JSON.parse(metadata[\"Max Demand 3 (kW)\"]));\r\n    }\r\n}\r\n\r\nif (typeof msg[\"Voltage 1 (V)\"] !== undefined) {\r\n    if(msg[\"Voltage 1 (V)\"] <= 0 || msg[\"Voltage 1 (V)\"] > 500) {\r\n        msg[\"Voltage 1 (V)\"] = parseFloat(JSON.parse(metadata[\"Voltage 1 (V)\"]));\r\n    }\r\n}\r\n\r\nif (typeof msg[\"Voltage 2 (V)\"] !== undefined) {\r\n    if(msg[\"Voltage 2 (V)\"] <= 0 || msg[\"Voltage 2 (V)\"] > 500) {\r\n        msg[\"Voltage 2 (V)\"] = parseFloat(JSON.parse(metadata[\"Voltage 2 (V)\"]));\r\n    }\r\n}\r\n\r\nif (typeof msg[\"Voltage 3 (V)\"] !== undefined) {\r\n    if(msg[\"Voltage 3 (V)\"] <= 0 || msg[\"Voltage 3 (V)\"] > 500) {\r\n        msg[\"Voltage 3 (V)\"] = parseFloat(JSON.parse(metadata[\"Voltage 3 (V)\"]));\r\n    }\r\n}\r\n\r\n/*\r\nif (typeof msg[\"Power Factor 1\"] !== undefined) {\r\n    if(msg[\"Power Factor 1\"] > 1) {\r\n        msg[\"Power Factor 1\"] = parseFloat(JSON.parse(metadata[\"Power Factor 1\"]));\r\n    }\r\n}\r\n\r\nif (typeof msg[\"Power Factor 2\"] !== undefined) {\r\n    if(msg[\"Power Factor 2\"] > 1) {\r\n        msg[\"Power Factor 2\"] = parseFloat(JSON.parse(metadata[\"Power Factor 2\"]));\r\n    }\r\n}\r\n\r\nif (typeof msg[\"Power Factor 3\"] !== undefined) {\r\n    if(msg[\"Power Factor 3\"] > 1) {\r\n        msg[\"Power Factor 3\"] = parseFloat(JSON.parse(metadata[\"Power Factor 3\"]));\r\n    }\r\n}\r\n*/\r\nif(typeof msg[\"Current 1 (A)\"] !== undefined && typeof msg[\"Power 1 (kW)\"] !== undefined && typeof msg[\"Power Factor 1\"] !== undefined) {\r\n    if((msg[\"Current 1 (A)\"] <= 0 || msg[\"Current 1 (A)\"] > 5000) && (msg[\"Power 1 (kW)\"] != 0 || msg[\"Power Factor 1\"] != 0)) {\r\n        msg[\"Current 1 (A)\"] = parseFloat(JSON.parse(metadata[\"Current 1 (A)\"]));\r\n    }\r\n\r\n    if((msg[\"Power 1 (kW)\"] <= 0 || msg[\"Power 1 (kW)\"] > 1e5 || msg.pwr1 == 1939406849 || msg.pwr1 == 1227104256) && (msg[\"Current 1 (A)\"] != 0 || msg[\"Power Factor 1\"] != 0)) {\r\n        msg[\"Power 1 (kW)\"] = parseFloat(JSON.parse(metadata[\"Power 1 (kW)\"]));\r\n    }\r\n\r\n    if(msg[\"Power Factor 1\"] <= 0 || msg[\"Power Factor 1\"] > 1 && (msg[\"Power 1 (kW)\"] != 0 || msg[\"Current 1 (A)\"] != 0)) {\r\n        msg[\"Power Factor 1\"] = parseFloat(JSON.parse(metadata[\"Power Factor 1\"]));\r\n    }\r\n}\r\n\r\nif(typeof msg[\"Current 2 (A)\"] !== undefined && typeof msg[\"Power 2 (kW)\"] !== undefined && typeof msg[\"Power Factor 2\"] !== undefined) {\r\n    if((msg[\"Current 2 (A)\"] <= 0 || msg[\"Current 2 (A)\"] > 5000) && (msg[\"Power 2 (kW)\"] != 0 || msg[\"Power Factor 2\"] != 0)) {\r\n        msg[\"Current 2 (A)\"] = parseFloat(JSON.parse(metadata[\"Current 2 (A)\"]));\r\n    }\r\n\r\n    if((msg[\"Power 2 (kW)\"] <= 0 || msg[\"Power 2 (kW)\"] > 1e5 || msg.pwr2 == 1939406849 || msg.pwr2 == 1227104256) && (msg[\"Current 2 (A)\"] != 0 || msg[\"Power Factor 2\"] != 0)) {\r\n        msg[\"Power 2 (kW)\"] = parseFloat(JSON.parse(metadata[\"Power 2 (kW)\"]));\r\n    }\r\n\r\n    if(msg[\"Power Factor 2\"] <= 0 || msg[\"Power Factor 2\"] > 1 && (msg[\"Power 2 (kW)\"] != 0 || msg[\"Current 2 (A)\"] != 0)) {\r\n        msg[\"Power Factor 2\"] = parseFloat(JSON.parse(metadata[\"Power Factor 2\"]));\r\n    }\r\n}\r\n\r\nif(typeof msg[\"Current 3 (A)\"] !== undefined && typeof msg[\"Power 3 (kW)\"] !== undefined && typeof msg[\"Power Factor 3\"] !== undefined) {\r\n    if((msg[\"Current 3 (A)\"] <= 0 || msg[\"Current 3 (A)\"] > 5000) && (msg[\"Power 3 (kW)\"] != 0 || msg[\"Power Factor 3\"] != 0)) {\r\n        msg[\"Current 3 (A)\"] = parseFloat(JSON.parse(metadata[\"Current 3 (A)\"]));\r\n    }\r\n\r\n    if((msg[\"Power 3 (kW)\"] <= 0 || msg[\"Power 3 (kW)\"] > 1e5 || msg.pwr3 == 1939406849 || msg.pwr3 == 1227104256) && (msg[\"Current 3 (A)\"] != 0 || msg[\"Power Factor 3\"] != 0)) {\r\n        msg[\"Power 3 (kW)\"] = parseFloat(JSON.parse(metadata[\"Power 3 (kW)\"]));\r\n    }\r\n\r\n    if(msg[\"Power Factor 3\"] <= 0 || msg[\"Power Factor 3\"] > 1 && (msg[\"Power 3 (kW)\"] != 0 || msg[\"Current 3 (A)\"] != 0)) {\r\n        msg[\"Power Factor 3\"] = parseFloat(JSON.parse(metadata[\"Power Factor 3\"]));\r\n    }\r\n}\r\n\r\nreturn {msg: msg, metadata: metadata, msgType: msgType};",
          "tbelScript": "return {msg: msg, metadata: metadata, msgType: msgType};"
        },
        "additionalInfo": {
          "description": "",
          "layoutX": 1680,
          "layoutY": 153
        }
      },
      {
        "type": "org.thingsboard.rule.engine.telemetry.TbMsgTimeseriesNode",
        "name": "Save Filtered Telemetry",
        "debugSettings": {
          "failuresEnabled": true,
          "allEnabled": false,
          "allEnabledUntil": 1750391726551
        },
        "singletonMode": false,
        "queueName": null,
        "configurationVersion": 0,
        "configuration": {
          "defaultTTL": 0,
          "skipLatestPersistence": false,
          "useServerTs": false
        },
        "additionalInfo": {
          "description": "",
          "layoutX": 1992,
          "layoutY": 153
        }
      },
      {
        "type": "org.thingsboard.rule.engine.filter.TbJsFilterNode",
        "name": "Is Initial Attributes?",
        "debugSettings": {
          "failuresEnabled": true,
          "allEnabled": false,
          "allEnabledUntil": 1750391726551
        },
        "singletonMode": false,
        "queueName": null,
        "configurationVersion": 0,
        "configuration": {
          "scriptLang": "JS",
          "jsScript": "if(typeof msg.Init !== undefined) {\n    return msg.Init > 0;\n}\n\nreturn false;",
          "tbelScript": "return msg.temperature > 20;"
        },
        "additionalInfo": {
          "description": "",
          "layoutX": 1041,
          "layoutY": 41
        }
      },
      {
        "type": "org.thingsboard.rule.engine.transform.TbTransformMsgNode",
        "name": "Set Timestamp",
        "debugSettings": {
          "failuresEnabled": true,
          "allEnabled": false,
          "allEnabledUntil": 1750391726551
        },
        "singletonMode": false,
        "queueName": null,
        "configurationVersion": 0,
        "configuration": {
          "scriptLang": "JS",
          "jsScript": "var today = new Date();\nvar gmtTime = today.getTime();\nvar localOffset = (-1) * today.getTimezoneOffset() * 60000;\nvar localTime = Math.round(new Date(gmtTime+localOffset).getTime() / 1000);\n\nreturn {msg: {\"setTimestamp\": localTime}, metadata: metadata, msgType: msgType};",
          "tbelScript": "return {msg: msg, metadata: metadata, msgType: msgType};"
        },
        "additionalInfo": {
          "description": "",
          "layoutX": 1360,
          "layoutY": 42
        }
      },
      {
        "type": "org.thingsboard.rule.engine.telemetry.TbMsgAttributesNode",
        "name": "Save Shared Attributes",
        "debugSettings": {
          "failuresEnabled": true,
          "allEnabled": false,
          "allEnabledUntil": 1750391726551
        },
        "singletonMode": false,
        "queueName": null,
        "configurationVersion": 2,
        "configuration": {
          "scope": "SHARED_SCOPE",
          "notifyDevice": true,
          "sendAttributesUpdatedNotification": false,
          "updateAttributesOnlyOnValueChange": false
        },
        "additionalInfo": {
          "description": "",
          "layoutX": 1674,
          "layoutY": 44
        }
      },
      {
        "type": "org.thingsboard.rule.engine.action.TbLogNode",
        "name": "Log RPC From Device",
        "debugSettings": {
          "failuresEnabled": true,
          "allEnabled": false,
          "allEnabledUntil": 1750391726551
        },
        "singletonMode": false,
        "queueName": null,
        "configurationVersion": 0,
        "configuration": {
          "scriptLang": "JS",
          "jsScript": "return '\\nIncoming message:\\n' + JSON.stringify(msg) + '\\nIncoming metadata:\\n' + JSON.stringify(metadata);",
          "tbelScript": "return '\\nIncoming message:\\n' + JSON.stringify(msg) + '\\nIncoming metadata:\\n' + JSON.stringify(metadata);"
        },
        "additionalInfo": {
          "description": "",
          "layoutX": 857,
          "layoutY": 474
        }
      },
      {
        "type": "org.thingsboard.rule.engine.transform.TbTransformMsgNode",
        "name": "Device RPC Request",
        "debugSettings": {
          "failuresEnabled": true,
          "allEnabled": false,
          "allEnabledUntil": 1750391726551
        },
        "singletonMode": false,
        "queueName": null,
        "configurationVersion": 0,
        "configuration": {
          "scriptLang": "JS",
          "jsScript": "if(typeof msg[\"method\"] !== 'undefined') {\n    if(msg[\"method\"] === \"getTime\") {\n        var today = new Date();\n        var gmtTime = today.getTime();\n        var localOffset = (-1)*today.getTimezoneOffset()*60000;\n        var localTime = Math.round(new Date(gmtTime+localOffset).getTime()/1000);\n        msg.method = \"setTime\";\n        msg.params = localTime;\n        msgType = \"RPC Message\";\n    }\n}\n\nreturn {msg: msg, metadata: metadata, msgType: msgType};",
          "tbelScript": "return {msg: msg, metadata: metadata, msgType: msgType};"
        },
        "additionalInfo": {
          "description": "",
          "layoutX": 1190,
          "layoutY": 471
        }
      },
      {
        "type": "org.thingsboard.rule.engine.filter.TbJsFilterNode",
        "name": "Is RPC Message?",
        "debugSettings": {
          "failuresEnabled": true,
          "allEnabled": false,
          "allEnabledUntil": 1750391726551
        },
        "singletonMode": false,
        "queueName": null,
        "configurationVersion": 0,
        "configuration": {
          "scriptLang": "JS",
          "jsScript": "return msgType == \"RPC Message\";",
          "tbelScript": "return msg.temperature > 20;"
        },
        "additionalInfo": {
          "description": "",
          "layoutX": 1512,
          "layoutY": 474
        }
      },
      {
        "type": "org.thingsboard.rule.engine.rpc.TbSendRPCReplyNode",
        "name": "Device RPC Response",
        "debugSettings": {
          "failuresEnabled": true,
          "allEnabled": false,
          "allEnabledUntil": 1750391726551
        },
        "singletonMode": false,
        "queueName": null,
        "configurationVersion": 0,
        "configuration": {
          "serviceIdMetaDataAttribute": "serviceId",
          "sessionIdMetaDataAttribute": "sessionId",
          "requestIdMetaDataAttribute": "requestId"
        },
        "additionalInfo": {
          "description": "",
          "layoutX": 1740,
          "layoutY": 561
        }
      },
      {
        "type": "org.thingsboard.rule.engine.metadata.TbGetTelemetryNode",
        "name": "Get Previous Energy Telemetry",
        "debugSettings": {
          "failuresEnabled": true,
          "allEnabled": false,
          "allEnabledUntil": 1750391726551
        },
        "singletonMode": false,
        "queueName": null,
        "configurationVersion": 2,
        "configuration": {
          "latestTsKeyNames": [
            "deltaTCumm",
            "Energy 1 (kWh)",
            "Energy 2 (kWh)",
            "Energy 3 (kWh)"
          ],
          "aggregation": "NONE",
          "fetchMode": "ALL",
          "orderBy": "DESC",
          "limit": 2,
          "useMetadataIntervalPatterns": false,
          "startIntervalPattern": "",
          "endIntervalPattern": "",
          "startInterval": 1,
          "startIntervalTimeUnit": "DAYS",
          "endInterval": 30,
          "endIntervalTimeUnit": "SECONDS"
        },
        "additionalInfo": {
          "description": "",
          "layoutX": 998,
          "layoutY": 316
        }
      },
      {
        "type": "org.thingsboard.rule.engine.transform.TbTransformMsgNode",
        "name": "Filter Energy Telemetry",
        "debugSettings": {
          "failuresEnabled": true,
          "allEnabled": false,
          "allEnabledUntil": 1750391726551
        },
        "singletonMode": false,
        "queueName": null,
        "configurationVersion": 0,
        "configuration": {
          "scriptLang": "JS",
          "jsScript": "if (typeof msg[\"Energy 1 (kWh)\"] !== \"undefined\") {\r\n    var e1 = JSON.parse(metadata[\"Energy 1 (kWh)\"]);\r\n\tif (typeof metadata.deltaTCumm !== \"undefined\") {\r\n\t\tvar tc1 = JSON.parse(metadata[\"deltaTCumm\"]);\r\n\t\tmsg.tc1 = tc1[0].value;\r\n\t}\r\n\telse {\r\n\t\tmsg.tc1=0;\r\n\t}\r\n\tvar tc1 = msg.tc1;\r\n    var ts1=e1[0].ts;\r\n    var en1=e1[0].value;\r\n    var deltaT = (metadata.ts-ts1)/(1000*60);\r\n\tvar deltaTR = deltaT+tc1;\r\n    var deltaTPrev = (e1[0].ts-e1[1].ts)/(1000*60);\r\n\tmsg.ts0=e1[0].ts/(1000*60);\r\n\tmsg.ts1=e1[1].ts/(1000*60);\r\n\tmsg.en0=e1[0].value;\r\n\tmsg.en1=e1[1].value;\r\n\tmsg.deltaTR = deltaTR;\r\n\tmsg.deltaTPrev = deltaTPrev;\t\r\n    var deltaE = msg[\"Energy 1 (kWh)\"]-en1;\r\n    var ratioE = deltaE/deltaTR;\r\n\tmsg.deltaE = deltaE;\r\n\tmsg.deltaT = deltaT;\r\n\tmsg.ratioE = ratioE;\r\n    if (ratioE > 20 || ratioE < 0) {\r\n        msg.en1Stray = msg[\"Energy 1 (kWh)\"];\r\n        msg[\"Energy 1 (kWh)\"] = en1;\r\n\t\tmsg.deltaTCumm = deltaT;\r\n    }\r\n\telse {\r\n\t\tmsg.deltaTCumm = 0;\r\n\t}\r\n}\r\n\r\nif (metadata.deviceName==\"DPM_BLOCK_A\" && typeof msg[\"Energy 1 (kWh)\"] === \"undefined\") {\r\n        var e1 = JSON.parse(metadata[\"Energy 1 (kWh)\"]);\r\n        var en1=e1[0].value;\r\n        var ts1=e1[0].ts;\r\n        var deltaT = (metadata.ts-ts1)/(1000*60);\r\n        if (deltaT > 1.5) {\r\n            msg[\"Energy 1 (kWh)\"] = parseFloat(en1);\r\n\t\t\tmsg.deltaT = deltaT;\r\n\t\t\tmsg.deltaTCumm = deltaT;\r\n\t\t\tif (typeof metadata.deltaTCumm !== \"undefined\") {\r\n\t\t\t\tvar tc1 = JSON.parse(metadata[\"deltaTCumm\"]);\r\n\t\t\t\tmsg.tc1 = tc1[0].value;\r\n\t\t\t\tmsg.deltaTCumm = msg.tc1+deltaT;\r\n\t\t\t}\r\n        }\r\n}\r\n\r\nif (typeof msg[\"Energy 2 (kWh)\"] !== \"undefined\") {\r\n    var e2 = JSON.parse(metadata[\"Energy 2 (kWh)\"]);\r\n\tif (typeof metadata.deltaTCumm !== \"undefined\") {\r\n\t\tvar tc2 = JSON.parse(metadata[\"deltaTCumm\"]);\r\n\t\tmsg.tc2 = tc2[0].value;\r\n\t}\r\n\telse {\r\n\t\tmsg.tc2=0;\r\n\t}\r\n\tvar tc2 = msg.tc2;\r\n    var ts2=e2[0].ts;\r\n    var en2=e2[0].value;\r\n    var deltaT = (metadata.ts-ts2)/(1000*60);\r\n\tvar deltaTR = deltaT+tc2;\r\n    var deltaTPrev = (e2[0].ts-e2[1].ts)/(1000*60);\r\n\tmsg.ts0=e2[0].ts/(1000*60);\r\n\tmsg.ts1=e2[1].ts/(1000*60);\r\n\tmsg.en0=e2[0].value;\r\n\tmsg.en1=e2[1].value;\r\n\tmsg.deltaTR = deltaTR;\r\n\tmsg.deltaTPrev = deltaTPrev;\r\n    var deltaE = msg[\"Energy 2 (kWh)\"]-en2;\r\n    var ratioE = deltaE/deltaTR;\r\n\tmsg.deltaE = deltaE;\r\n\tmsg.deltaT = deltaT;\r\n\tmsg.ratioE = ratioE;\r\n    if (ratioE > 20 || ratioE < 0) {\r\n        msg.en2Stray = msg[\"Energy 2 (kWh)\"];\r\n        msg[\"Energy 2 (kWh)\"] = en2;\r\n\t\tmsg.deltaTCumm = deltaT;\r\n    }\r\n\telse {\r\n\t\tmsg.deltaTCumm = 0;\r\n\t}\r\n}\r\n\r\nif (metadata.deviceName==\"DPM_BLOCK_B\" && typeof msg[\"Energy 2 (kWh)\"] === \"undefined\") {\r\n        var e2 = JSON.parse(metadata[\"Energy 2 (kWh)\"]);\r\n        var en2=e2[0].value;\r\n        var ts2=e2[0].ts;\r\n        var deltaT = (metadata.ts-ts2)/(1000*60);\r\n        if (deltaT > 1.5) {\r\n            msg[\"Energy 2 (kWh)\"] = parseFloat(en2);\r\n\t\t\tmsg.deltaT = deltaT;\r\n\t\t\tmsg.deltaTCumm = deltaT;\r\n\t\t\tif (typeof metadata.deltaTCumm !== \"undefined\") {\r\n\t\t\t\tvar tc2 = JSON.parse(metadata[\"deltaTCumm\"]);\r\n\t\t\t\tmsg.tc2 = tc2[0].value;\r\n\t\t\t\tmsg.deltaTCumm = msg.tc2+deltaT;\r\n\t\t\t}\r\n        }\r\n}\r\n\r\nif (typeof msg[\"Energy 3 (kWh)\"] !== \"undefined\") {\r\n    var e3 = JSON.parse(metadata[\"Energy 3 (kWh)\"]);\r\n\tif (typeof metadata.deltaTCumm !== \"undefined\") {\r\n\t\tvar tc3 = JSON.parse(metadata[\"deltaTCumm\"]);\r\n\t\tmsg.tc3 = tc3[0].value;\r\n\t}\r\n\telse {\r\n\t\tmsg.tc3=0;\r\n\t}\r\n\tvar tc3 = msg.tc3;\r\n    var ts3=e3[0].ts;\r\n    var en3=e3[0].value;\r\n    var deltaT = (metadata.ts-ts3)/(1000*60);\r\n\tvar deltaTR = deltaT+tc3;\r\n    var deltaTPrev = (e3[0].ts-e3[1].ts)/(1000*60);\r\n\tmsg.ts0=e3[0].ts/(1000*60);\r\n\tmsg.ts1=e3[1].ts/(1000*60);\r\n\tmsg.en0=e3[0].value;\r\n\tmsg.en1=e3[1].value;\r\n\tmsg.deltaTR = deltaTR;\r\n\tmsg.deltaTPrev = deltaTPrev;\r\n    var deltaE = msg[\"Energy 3 (kWh)\"]-en3;\r\n    var ratioE = deltaE/deltaTR;\r\n\tmsg.deltaE = deltaE;\r\n\tmsg.deltaT = deltaT;\r\n\tmsg.ratioE = ratioE;\r\n    if (ratioE > 20 || ratioE < 0) {\r\n        msg.en3Stray = msg[\"Energy 3 (kWh)\"];\r\n        msg[\"Energy 3 (kWh)\"] = en3;\r\n\t\tmsg.deltaTCumm = deltaT;\r\n    }\r\n\telse {\r\n\t\tmsg.deltaTCumm = 0;\r\n\t}\r\n}\r\n\r\nif (metadata.deviceName==\"DPM_BLOCK_C\" && typeof msg[\"Energy 3 (kWh)\"] === \"undefined\") {\r\n        var e3 = JSON.parse(metadata[\"Energy 3 (kWh)\"]);\r\n        var en3=e3[0].value;\r\n        var ts3=e3[0].ts;\r\n        var deltaT = (metadata.ts-ts3)/(1000*60);\r\n        if (deltaT > 1.5) {\r\n            msg[\"Energy 3 (kWh)\"] = parseFloat(en3);\r\n\t\t\tmsg.deltaT = deltaT;\r\n\t\t\tmsg.deltaTCumm = deltaT;\r\n\t\t\tif (typeof metadata.deltaTCumm !== \"undefined\") {\r\n\t\t\t\tvar tc3 = JSON.parse(metadata[\"deltaTCumm\"]);\r\n\t\t\t\tmsg.tc3 = tc3[0].value;\r\n\t\t\t\tmsg.deltaTCumm = msg.tc3+deltaT;\r\n\t\t\t}\r\n        }\r\n}\r\n\r\nreturn {msg: msg, metadata: metadata, msgType: msgType};",
          "tbelScript": "return {msg: msg, metadata: metadata, msgType: msgType};"
        },
        "additionalInfo": {
          "description": "",
          "layoutX": 1318,
          "layoutY": 317
        }
      },
      {
        "type": "org.thingsboard.rule.engine.transform.TbTransformMsgNode",
        "name": "Inactivity Detection",
        "debugSettings": {
          "failuresEnabled": true,
          "allEnabled": false,
          "allEnabledUntil": 1750391726551
        },
        "singletonMode": false,
        "queueName": null,
        "configurationVersion": 0,
        "configuration": {
          "scriptLang": "JS",
          "jsScript": "if (metadata.deviceName==\"DPM_BLOCK_A\") {\r\n\tif (metadata[\"Energy 1 (kWh)\"]) {\r\n\t\tvar e1 = JSON.parse(metadata[\"Energy 1 (kWh)\"]);\r\n\t\tvar ts1=e1[0].ts;\r\n\t\tvar deltaT = (metadata.ts-ts1)/(1000*60);\r\n\t\tmsg.td1 = deltaT;\r\n\t\tif (deltaT > 30) {\r\n\t\t\tmsg.t1 = 0;\r\n\t\t}\r\n\t\telse {\r\n\t\t\tmsg.t1 = 1;\r\n\t\t}\r\n\t}\r\n\telse {\r\n\t\tmsg.t1 = 0;\r\n\t}\r\n}\r\n\r\nif (metadata.deviceName==\"DPM_BLOCK_B\") {\r\n\tif (metadata[\"Energy 2 (kWh)\"]) {\r\n\t\tvar e2 = JSON.parse(metadata[\"Energy 2 (kWh)\"]);\r\n\t\tvar ts2=e2[0].ts;\r\n\t\tvar deltaT = (metadata.ts-ts2)/(1000*60);\r\n\t\tmsg.td2 = deltaT;\r\n\t\tif (deltaT > 30) {\r\n\t\t\tmsg.t2 = 0;\r\n\t\t}\r\n\t\telse {\r\n\t\t\tmsg.t2 = 1;\r\n\t\t}\r\n\t}\r\n\telse {\r\n\t\tmsg.t2 = 0;\r\n\t}\r\n}\r\n\r\nif (metadata.deviceName==\"DPM_BLOCK_C\") {\r\n\tif (metadata[\"Energy 3 (kWh)\"]) {\r\n\t\tvar e3 = JSON.parse(metadata[\"Energy 3 (kWh)\"]);\r\n\t\tvar ts3=e3[0].ts;\r\n\t\tvar deltaT = (metadata.ts-ts3)/(1000*60);\r\n\t\tmsg.td3 = deltaT;\r\n\t\tif (deltaT > 30) {\r\n\t\t\tmsg.t3 = 0;\r\n\t\t}\r\n\t\telse {\r\n\t\t\tmsg.t3 = 1;\r\n\t\t}\r\n\t}\r\n\telse {\r\n\t\tmsg.t3 = 0;\r\n\t}\r\n}\r\n\r\nreturn {msg: msg, metadata: metadata, msgType: msgType};",
          "tbelScript": "return {msg: msg, metadata: metadata, msgType: msgType};"
        },
        "additionalInfo": {
          "description": "",
          "layoutX": 1539,
          "layoutY": 333
        }
      },
      {
        "type": "org.thingsboard.rule.engine.flow.TbRuleChainInputNode",
        "name": "dpm filter",
        "debugSettings": null,
        "singletonMode": false,
        "queueName": null,
        "configurationVersion": 1,
        "configuration": {
          "forwardMsgToDefaultRuleChain": false,
          "ruleChainId": "ad570c10-50d3-11f0-82c6-dd3d236d328d"
        },
        "additionalInfo": {
          "description": "",
          "layoutX": 756,
          "layoutY": 254
        }
      },
      {
        "type": "org.thingsboard.rule.engine.transform.TbTransformMsgNode",
        "name": "IEEE754 Hex to Float Converter",
        "debugSettings": {
          "failuresEnabled": true,
          "allEnabled": false,
          "allEnabledUntil": 1768896610194
        },
        "singletonMode": false,
        "queueName": null,
        "configurationVersion": 0,
        "configuration": {
          "scriptLang": "JS",
          "jsScript": "// ===============================\n// HELPER: SWAP 32-BIT WORD\n// ===============================\nfunction swap(val) {\n    return ((val & 0xFFFF) << 16) | ((val >> 16) & 0xFFFF);\n}\n\n// ===============================\n// HELPER: IEEE754 CONVERTER\n// ===============================\nfunction IEEE754converter(val) {\n\n    // Force number\n    var intval = Number(val);\n\n    var fval = 0.0;\n    var x; // exponent\n    var m; // mantissa\n    var s; // sign\n\n    // Sign bit\n    s = (intval & 0x80000000) ? -1 : 1;\n\n    // Exponent\n    x = ((intval >> 23) & 0xFF);\n\n    // Mantissa\n    m = (intval & 0x7FFFFF);\n\n    switch (x) {\n        case 0:\n            // zero / subnormal\n            fval = 0.0;\n            break;\n\n        case 0xFF:\n            if (m) fval = NaN;\n            else if (s > 0) fval = Number.POSITIVE_INFINITY;\n            else fval = Number.NEGATIVE_INFINITY;\n            break;\n\n        default:\n            x -= 127;\n            m += 0x800000;\n            fval = s * (m / 8388608.0) * Math.pow(2, x);\n            break;\n    }\n\n    return fval.toFixed(2); // string\n}\n\n// ===============================\n// HELPER: SAFE IEEE754 READ\n// ===============================\nfunction readNewVoltage(key, label) {\n\n    // 1️⃣ Read raw value\n    var raw = msg[key];\n\n    // 2️⃣ Ensure number\n    raw = Number(raw);\n\n    // 3️⃣ Validate raw\n    if (isNaN(raw) || raw === 0) {\n        return;\n    }\n\n    // 4️⃣ Try direct conversion\n    var val = parseFloat(IEEE754converter(raw));\n\n    // 5️⃣ If result is 0, try swapped\n    if (val === 0) {\n        val = parseFloat(IEEE754converter(swap(raw)));\n    }\n\n    // 6️⃣ Final validation\n    if (!isNaN(val) && isFinite(val)) {\n        msg[label] = val;\n    }\n}\n\n// ===============================\n// CONVERT NEW VOLTAGES\n// ===============================\nreadNewVoltage(\"newVolt1\", \"New Voltage 1 (V)\");\nreadNewVoltage(\"newVolt2\", \"New Voltage 2 (V)\");\nreadNewVoltage(\"newVolt3\", \"New Voltage 3 (V)\");\n\n// ===============================\n// FINAL OUTPUT (AS REQUESTED)\n// ===============================\n\n\n\n\nreturn {msg: msg, metadata: metadata, msgType: msgType};",
          "tbelScript": null
        },
        "additionalInfo": {
          "description": "",
          "layoutX": 733,
          "layoutY": 101
        }
      },
      {
        "type": "org.thingsboard.rule.engine.rest.TbRestApiCallNode",
        "name": "Send to cranes",
        "debugSettings": {
          "failuresEnabled": true,
          "allEnabled": false,
          "allEnabledUntil": 0
        },
        "singletonMode": false,
        "queueName": null,
        "configurationVersion": 3,
        "configuration": {
          "restEndpointUrlPattern": "https://cranes.asia/api/v1/${deviceName}/telemetry",
          "requestMethod": "POST",
          "useSimpleClientHttpFactory": false,
          "parseToPlainText": null,
          "ignoreRequestBody": false,
          "enableProxy": false,
          "useSystemProxyProperties": false,
          "proxyScheme": null,
          "proxyHost": null,
          "proxyPort": 0,
          "proxyUser": null,
          "proxyPassword": null,
          "readTimeoutMs": 0,
          "maxParallelRequestsCount": 0,
          "headers": {
            "Content-Type": "application/json"
          },
          "credentials": {
            "type": "anonymous"
          },
          "maxInMemoryBufferSizeInKb": 256
        },
        "additionalInfo": {
          "description": "",
          "layoutX": 972,
          "layoutY": 166
        }
      },
      {
        "type": "org.thingsboard.rule.engine.telemetry.TbMsgTimeseriesNode",
        "name": "save",
        "debugSettings": null,
        "singletonMode": false,
        "queueName": null,
        "configurationVersion": 0,
        "configuration": {
          "defaultTTL": 0,
          "skipLatestPersistence": false,
          "useServerTs": false
        },
        "additionalInfo": {
          "description": "",
          "layoutX": 952,
          "layoutY": 98
        }
      },
      {
        "type": "org.thingsboard.rule.engine.telemetry.TbMsgTimeseriesNode",
        "name": "save",
        "debugSettings": {
          "failuresEnabled": false,
          "allEnabled": false,
          "allEnabledUntil": 1768885227592
        },
        "singletonMode": false,
        "queueName": null,
        "configurationVersion": 0,
        "configuration": {
          "defaultTTL": 0,
          "skipLatestPersistence": false,
          "useServerTs": false
        },
        "additionalInfo": {
          "description": "",
          "layoutX": 315,
          "layoutY": 226
        }
      },
      {
        "type": "org.thingsboard.rule.engine.rest.TbRestApiCallNode",
        "name": "Send to cranes",
        "debugSettings": {
          "failuresEnabled": true,
          "allEnabled": false,
          "allEnabledUntil": 1768896872240
        },
        "singletonMode": false,
        "queueName": null,
        "configurationVersion": 3,
        "configuration": {
          "restEndpointUrlPattern": "https://cranes.asia/api/v1/${deviceName}/telemetry",
          "requestMethod": "POST",
          "useSimpleClientHttpFactory": false,
          "parseToPlainText": null,
          "ignoreRequestBody": false,
          "enableProxy": false,
          "useSystemProxyProperties": false,
          "proxyScheme": null,
          "proxyHost": null,
          "proxyPort": 0,
          "proxyUser": null,
          "proxyPassword": null,
          "readTimeoutMs": 0,
          "maxParallelRequestsCount": 0,
          "headers": {
            "Content-Type": "application/json"
          },
          "credentials": {
            "type": "anonymous"
          },
          "maxInMemoryBufferSizeInKb": 256
        },
        "additionalInfo": {
          "description": "",
          "layoutX": 202,
          "layoutY": 407
        }
      }
    ],
    "connections": [
      {
        "fromIndex": 0,
        "toIndex": 22,
        "type": "Success"
      },
      {
        "fromIndex": 1,
        "toIndex": 0,
        "type": "Post telemetry"
      },
      {
        "fromIndex": 1,
        "toIndex": 2,
        "type": "Post attributes"
      },
      {
        "fromIndex": 1,
        "toIndex": 3,
        "type": "Inactivity Event"
      },
      {
        "fromIndex": 1,
        "toIndex": 6,
        "type": "Activity Event"
      },
      {
        "fromIndex": 1,
        "toIndex": 15,
        "type": "RPC Request from Device"
      },
      {
        "fromIndex": 1,
        "toIndex": 23,
        "type": "Post telemetry"
      },
      {
        "fromIndex": 1,
        "toIndex": 26,
        "type": "Post telemetry"
      },
      {
        "fromIndex": 2,
        "toIndex": 12,
        "type": "Success"
      },
      {
        "fromIndex": 4,
        "toIndex": 5,
        "type": "Success"
      },
      {
        "fromIndex": 7,
        "toIndex": 5,
        "type": "Success"
      },
      {
        "fromIndex": 9,
        "toIndex": 10,
        "type": "Success"
      },
      {
        "fromIndex": 10,
        "toIndex": 11,
        "type": "Success"
      },
      {
        "fromIndex": 12,
        "toIndex": 13,
        "type": "True"
      },
      {
        "fromIndex": 13,
        "toIndex": 14,
        "type": "Success"
      },
      {
        "fromIndex": 15,
        "toIndex": 16,
        "type": "Success"
      },
      {
        "fromIndex": 16,
        "toIndex": 17,
        "type": "Success"
      },
      {
        "fromIndex": 17,
        "toIndex": 18,
        "type": "True"
      },
      {
        "fromIndex": 19,
        "toIndex": 20,
        "type": "Success"
      },
      {
        "fromIndex": 20,
        "toIndex": 21,
        "type": "Success"
      },
      {
        "fromIndex": 21,
        "toIndex": 9,
        "type": "Success"
      },
      {
        "fromIndex": 23,
        "toIndex": 25,
        "type": "Success"
      },
      {
        "fromIndex": 25,
        "toIndex": 24,
        "type": "Success"
      },
      {
        "fromIndex": 26,
        "toIndex": 27,
        "type": "Success"
      }
    ],
    "ruleChainConnections": null
  }
}