{
  "ruleChain": {
    "name": "Taylor Flowmeter Converter",
    "type": "CORE",
    "firstRuleNodeId": null,
    "root": false,
    "debugMode": true,
    "configuration": null,
    "additionalInfo": {
      "description": ""
    }
  },
  "metadata": {
    "version": 110,
    "firstNodeIndex": 2,
    "nodes": [
      {
        "type": "org.thingsboard.rule.engine.telemetry.TbMsgTimeseriesNode",
        "name": "Save Timeseries",
        "debugMode": false,
        "singletonMode": false,
        "queueName": null,
        "configurationVersion": 0,
        "configuration": {
          "defaultTTL": 0,
          "skipLatestPersistence": false,
          "useServerTs": null
        },
        "additionalInfo": {
          "description": null,
          "layoutX": 668,
          "layoutY": 232
        }
      },
      {
        "type": "org.thingsboard.rule.engine.transform.TbTransformMsgNode",
        "name": "IEEE754 Hex to Float Converter",
        "debugMode": true,
        "singletonMode": false,
        "queueName": null,
        "configurationVersion": 0,
        "configuration": {
          "scriptLang": "JS",
          "jsScript": "function swap(val) {\r\n    return ((val & 0xFFFF) << 16) | ((val >> 16) & 0xFFFF);\r\n}\r\n\r\nfunction IEEE754converter(val) {\r\n    var intval = val;\r\n    var fval = 0.0;\r\n    var x;//exponent\r\n    var m;//mantissa\r\n    var s;//sign\r\n    s = (intval & 0x80000000)?-1:1;\r\n    x = ((intval >> 23) & 0xFF);\r\n    m = (intval & 0x7FFFFF);\r\n    switch(x) {\r\n        case 0:\r\n            //zero, do nothing, ignore negative zero and subnormals\r\n            break;\r\n        case 0xFF:\r\n            if (m) fval = NaN;\r\n            else if (s > 0) fval = Number.POSITIVE_INFINITY;\r\n            else fval = Number.NEGATIVE_INFINITY;\r\n            break;\r\n        default:\r\n            x -= 127;\r\n            m += 0x800000;\r\n            fval = s * (m / 8388608.0) * Math.pow(2, x);\r\n            break;\r\n    }\r\n    return fval.toFixed(2);\r\n}\r\n\r\n//////////////////////////////////////////////////flowrate/////////////////////////////////////////////////////////\r\nif ('inflo_a' in msg && msg.inflo_a !== 4290772992 ) {\r\n    var pxtag1 = IEEE754converter(msg.inflo_a);\r\n    msg[\"main flowrate A\"] = parseFloat(pxtag1);\r\n}\r\nif ('inflo_b' in msg && msg.inflo_b !== 4290772992 ) {\r\n    var pxtag1 = IEEE754converter(msg.inflo_b);\r\n    msg[\"main flowrate B\"] = parseFloat(pxtag1);\r\n}\r\nif ('inflo_c' in msg && msg.inflo_c !== 4290772992) {\r\n    var pxtag1 = IEEE754converter(msg.inflo_c);\r\n    msg[\"main flowrate C\"] = parseFloat(pxtag1);\r\n}\r\n\r\n\r\n///////////////////////////////////////////////////////supply temp///////////////////////////////////////////////////\r\nif ('teflo1_a' in msg && msg.teflo1_a !== 4290772992 && msg.teflo1_a !==0) {\r\n    var pxtag2 = IEEE754converter(msg.teflo1_a);\r\n    msg[\"supply temp \"] = parseFloat(pxtag2);\r\n}\r\nif ('teflo1_b' in msg && msg.teflo1_b !== 4290772992 && msg.teflo1_b !==0) {\r\n    var pxtag2 = IEEE754converter(msg.teflo1_b);\r\n    msg[\"supply temp B\"] = parseFloat(pxtag2);\r\n}\r\nif ('teflo1_c' in msg && msg.teflo1_c !== 4290772992 && msg.teflo1_c !==0) {\r\n    var pxtag2 = IEEE754converter(msg.teflo1_c);\r\n    msg[\"supply temp C\"] = parseFloat(pxtag2);\r\n}\r\n\r\n///////////////////////////////////////////////////////return temp///////////////////////////////////////////////////\r\nif ('teflo2_a' in msg && msg.teflo2_a !== 4290772992 && msg.teflo2_a !==0) {\r\n    var pxtag3 = IEEE754converter(msg.teflo2_a);\r\n    msg[\"return temp A\"] = parseFloat(pxtag3);\r\n}\r\nif ('teflo2_b' in msg && msg.teflo2_b !== 4290772992 && msg.teflo2_b !==0) {\r\n    var pxtag3 = IEEE754converter(msg.teflo2_b);\r\n    msg[\"return temp B\"] = parseFloat(pxtag3);\r\n}\r\n\r\nif ('teflo2_c' in msg && msg.teflo2_c !== 4290772992 && msg.teflo2_c !==0) {\r\n    var pxtag3 = IEEE754converter(msg.teflo2_c);\r\n    msg[\"return temp C\"] = parseFloat(pxtag3);\r\n}\r\n\r\n\r\n///////////////////////////////////////////////////////totalizer///////////////////////////////////////////////////\r\nif ('tA115' in msg && msg.tA115 !== 4290772992 && msg.tA115 !==0) {\r\n    var pxtag3 = IEEE754converter(msg.tA115);\r\n    msg[\"totalizer A\"] = parseFloat(pxtag3);\r\n}\r\nif ('tB115' in msg && msg.tB115 !== 4290772992 && msg.tB115 !==0) {\r\n    var pxtag3 = IEEE754converter(msg.tB115);\r\n    msg[\"totalizer B\"] = parseFloat(pxtag3);\r\n}\r\nif ('tC115' in msg && msg.tC115 !== 4290772992 && msg.tC115 !==0) {\r\n    var pxtag3 = IEEE754converter(msg.tC115);\r\n    msg[\"totalizer C\"] = parseFloat(pxtag3);\r\n}\r\n\r\n\r\nreturn {msg: msg, metadata: metadata, msgType: msgType};",
          "tbelScript": null
        },
        "additionalInfo": {
          "description": "",
          "layoutX": 385,
          "layoutY": 236
        }
      },
      {
        "type": "org.thingsboard.rule.engine.filter.TbMsgTypeSwitchNode",
        "name": "message type switch",
        "debugMode": true,
        "singletonMode": false,
        "queueName": null,
        "configurationVersion": 0,
        "configuration": {
          "version": 0
        },
        "additionalInfo": {
          "description": "",
          "layoutX": 73,
          "layoutY": 257
        }
      },
      {
        "type": "org.thingsboard.rule.engine.telemetry.TbMsgTimeseriesNode",
        "name": "save",
        "debugMode": true,
        "singletonMode": false,
        "queueName": null,
        "configurationVersion": 0,
        "configuration": {
          "defaultTTL": 0,
          "skipLatestPersistence": false,
          "useServerTs": false
        },
        "additionalInfo": {
          "description": "",
          "layoutX": 1378,
          "layoutY": 377
        }
      },
      {
        "type": "org.thingsboard.rule.engine.debug.TbMsgGeneratorNode",
        "name": "generate",
        "debugMode": true,
        "singletonMode": false,
        "queueName": null,
        "configurationVersion": 2,
        "configuration": {
          "msgCount": 0,
          "periodInSeconds": 30,
          "scriptLang": "TBEL",
          "jsScript": "var msg = { temp: 42, humidity: 77 };\nvar metadata = { data: 40 };\nvar msgType = \"POST_TELEMETRY_REQUEST\";\n\nreturn { msg: msg, metadata: metadata, msgType: msgType };",
          "tbelScript": "var msg = { temp: 42, humidity: 77 };\nvar metadata = { data: 40 };\nvar msgType = \"POST_TELEMETRY_REQUEST\";\n\nreturn { msg: msg, metadata: metadata, msgType: msgType };",
          "originatorId": null,
          "originatorType": "RULE_NODE"
        },
        "additionalInfo": {
          "description": "",
          "layoutX": 19,
          "layoutY": 888
        }
      },
      {
        "type": "org.thingsboard.rule.engine.transform.TbChangeOriginatorNode",
        "name": "Block A (and B)",
        "debugMode": true,
        "singletonMode": false,
        "queueName": null,
        "configurationVersion": 1,
        "configuration": {
          "originatorSource": "ENTITY",
          "preserveOriginatorIfCustomer": false,
          "entityType": "DEVICE",
          "entityNamePattern": "Taylor's Flowmeter: Block A (and B)",
          "relationsQuery": {
            "direction": "FROM",
            "maxLevel": 1,
            "filters": [
              {
                "relationType": "Contains",
                "entityTypes": [],
                "negate": false
              }
            ],
            "fetchLastLevelOnly": false
          }
        },
        "additionalInfo": {
          "description": "",
          "layoutX": 282,
          "layoutY": 735
        }
      },
      {
        "type": "org.thingsboard.rule.engine.transform.TbChangeOriginatorNode",
        "name": "Taylor's Flowmeter: Cooling Tower",
        "debugMode": true,
        "singletonMode": false,
        "queueName": null,
        "configurationVersion": 1,
        "configuration": {
          "originatorSource": "ENTITY",
          "preserveOriginatorIfCustomer": false,
          "entityType": "DEVICE",
          "entityNamePattern": "Taylor's Flowmeter: Cooling Tower",
          "relationsQuery": {
            "direction": "FROM",
            "maxLevel": 1,
            "filters": [
              {
                "relationType": "Contains",
                "entityTypes": [],
                "negate": false
              }
            ],
            "fetchLastLevelOnly": false
          }
        },
        "additionalInfo": {
          "description": "",
          "layoutX": 294,
          "layoutY": 653
        }
      },
      {
        "type": "org.thingsboard.rule.engine.transform.TbTransformMsgNode",
        "name": "calculate data",
        "debugMode": true,
        "singletonMode": false,
        "queueName": null,
        "configurationVersion": 0,
        "configuration": {
          "scriptLang": "JS",
          "jsScript": "var newMsg = {};\r\nvar device = metadata.device;\r\n\r\nif (metadata[\"prevprevMonth_totalizerA\"] != undefined && metadata[\"prevMonth_totalizerA\"] != undefined) {\r\n    newMsg[\"lastMonth_\" + device + \"_totalizerA\"] =\r\n        metadata[\"prevMonth_totalizerA\"] - metadata[\"prevprevMonth_totalizerA\"];\r\n}\r\nif (metadata[\"prevprevMonth_totalizerB\"] != undefined && metadata[\"prevMonth_totalizerB\"] != undefined) {\r\n    newMsg[\"lastMonth_\" + device + \"_totalizerB\"] =\r\n        metadata[\"prevMonth_totalizerB\"] - metadata[\"prevprevMonth_totalizerB\"];\r\n}\r\nif (metadata[\"prevprevMonth_totalizerC\"] != undefined && metadata[\"prevMonth_totalizerC\"] != undefined) {\r\n    newMsg[\"lastMonth_\" + device + \"_totalizerC\"] =\r\n        metadata[\"prevMonth_totalizerC\"] - metadata[\"prevprevMonth_totalizerC\"];\r\n}\r\n\r\n\r\nif (metadata[\"totalizer A\"] != undefined && metadata[\"prevMonth_totalizerA\"] != undefined) {\r\n    newMsg[\"currectMonth_\" + device + \"_totalizerA\"] =\r\n        metadata[\"totalizer A\"] - metadata[\"prevMonth_totalizerA\"];\r\n}\r\nif (metadata[\"totalizer B\"] != undefined && metadata[\"prevMonth_totalizerB\"] != undefined) {\r\n    newMsg[\"currectMonth_\" + device + \"_totalizerB\"] =\r\n        metadata[\"totalizer B\"] - metadata[\"prevMonth_totalizerB\"];\r\n}\r\nif (metadata[\"totalizer C\"] != undefined && metadata[\"prevMonth_totalizerC\"] != undefined) {\r\n    newMsg[\"currectMonth_\" + device + \"_totalizerC\"] =\r\n        metadata[\"totalizer C\"] - metadata[\"prevMonth_totalizerC\"];\r\n}\r\n\r\nreturn { msg: newMsg, metadata: metadata, msgType: msgType };\r\n",
          "tbelScript": "return {msg: msg, metadata: metadata, msgType: msgType};"
        },
        "additionalInfo": {
          "description": "",
          "layoutX": 844,
          "layoutY": 741
        }
      },
      {
        "type": "org.thingsboard.rule.engine.transform.TbChangeOriginatorNode",
        "name": "Taylor Totalizer Tracker",
        "debugMode": true,
        "singletonMode": false,
        "queueName": null,
        "configurationVersion": 1,
        "configuration": {
          "originatorSource": "ENTITY",
          "preserveOriginatorIfCustomer": false,
          "entityType": "DEVICE",
          "entityNamePattern": "Taylor Totalizer Tracker",
          "relationsQuery": {
            "direction": "FROM",
            "maxLevel": 1,
            "filters": [
              {
                "relationType": "Contains",
                "entityTypes": [],
                "negate": false
              }
            ],
            "fetchLastLevelOnly": false
          }
        },
        "additionalInfo": {
          "description": "",
          "layoutX": 1036,
          "layoutY": 881
        }
      },
      {
        "type": "org.thingsboard.rule.engine.telemetry.TbMsgTimeseriesNode",
        "name": "save",
        "debugMode": true,
        "singletonMode": false,
        "queueName": null,
        "configurationVersion": 0,
        "configuration": {
          "defaultTTL": 0,
          "skipLatestPersistence": false,
          "useServerTs": false
        },
        "additionalInfo": {
          "description": "",
          "layoutX": 1039,
          "layoutY": 971
        }
      },
      {
        "type": "org.thingsboard.rule.engine.transform.TbChangeOriginatorNode",
        "name": "Block E",
        "debugMode": true,
        "singletonMode": false,
        "queueName": null,
        "configurationVersion": 1,
        "configuration": {
          "originatorSource": "ENTITY",
          "preserveOriginatorIfCustomer": false,
          "entityType": "DEVICE",
          "entityNamePattern": "Taylor's Flowmeter: Block E",
          "relationsQuery": {
            "direction": "FROM",
            "maxLevel": 1,
            "filters": [
              {
                "relationType": "Contains",
                "entityTypes": [],
                "negate": false
              }
            ],
            "fetchLastLevelOnly": false
          }
        },
        "additionalInfo": {
          "description": "",
          "layoutX": 272,
          "layoutY": 868
        }
      },
      {
        "type": "org.thingsboard.rule.engine.transform.TbChangeOriginatorNode",
        "name": "Block C",
        "debugMode": true,
        "singletonMode": false,
        "queueName": null,
        "configurationVersion": 1,
        "configuration": {
          "originatorSource": "ENTITY",
          "preserveOriginatorIfCustomer": false,
          "entityType": "DEVICE",
          "entityNamePattern": "Taylor's Flowmeter: Block C",
          "relationsQuery": {
            "direction": "FROM",
            "maxLevel": 1,
            "filters": [
              {
                "relationType": "Contains",
                "entityTypes": [],
                "negate": false
              }
            ],
            "fetchLastLevelOnly": false
          }
        },
        "additionalInfo": {
          "description": "",
          "layoutX": 268,
          "layoutY": 1010
        }
      },
      {
        "type": "org.thingsboard.rule.engine.transform.TbChangeOriginatorNode",
        "name": "Block D",
        "debugMode": true,
        "singletonMode": false,
        "queueName": null,
        "configurationVersion": 1,
        "configuration": {
          "originatorSource": "ENTITY",
          "preserveOriginatorIfCustomer": false,
          "entityType": "DEVICE",
          "entityNamePattern": "Taylor's Flowmeter: Block D",
          "relationsQuery": {
            "direction": "FROM",
            "maxLevel": 1,
            "filters": [
              {
                "relationType": "Contains",
                "entityTypes": [],
                "negate": false
              }
            ],
            "fetchLastLevelOnly": false
          }
        },
        "additionalInfo": {
          "description": "",
          "layoutX": 275,
          "layoutY": 1169
        }
      },
      {
        "type": "org.thingsboard.rule.engine.metadata.TbGetAttributesNode",
        "name": "fetch A",
        "debugMode": true,
        "singletonMode": false,
        "queueName": null,
        "configurationVersion": 1,
        "configuration": {
          "tellFailureIfAbsent": true,
          "fetchTo": "METADATA",
          "clientAttributeNames": [],
          "sharedAttributeNames": [],
          "serverAttributeNames": [],
          "latestTsKeyNames": [
            "device",
            "prevMonth_totalizerA",
            "prevprevMonth_totalizerA",
            "totalizer A"
          ],
          "getLatestValueWithTs": false
        },
        "additionalInfo": {
          "description": "",
          "layoutX": 585,
          "layoutY": 741
        }
      },
      {
        "type": "org.thingsboard.rule.engine.telemetry.TbMsgAttributesNode",
        "name": "save",
        "debugMode": false,
        "singletonMode": false,
        "queueName": null,
        "configurationVersion": 2,
        "configuration": {
          "scope": "SERVER_SCOPE",
          "notifyDevice": false,
          "sendAttributesUpdatedNotification": false,
          "updateAttributesOnlyOnValueChange": true
        },
        "additionalInfo": {
          "description": "",
          "layoutX": 394,
          "layoutY": 135
        }
      },
      {
        "type": "org.thingsboard.rule.engine.metadata.TbGetTelemetryNode",
        "name": "fetch prev data",
        "debugMode": true,
        "singletonMode": false,
        "queueName": null,
        "configurationVersion": 1,
        "configuration": {
          "latestTsKeyNames": [
            "totalizer A",
            "totalizer B",
            "totalizer C"
          ],
          "aggregation": "NONE",
          "fetchMode": "LAST",
          "orderBy": "ASC",
          "limit": 1000,
          "useMetadataIntervalPatterns": true,
          "startIntervalPattern": "${prevMonth_start}",
          "endIntervalPattern": "${prevMonth_end}",
          "startInterval": 2,
          "startIntervalTimeUnit": "MINUTES",
          "endInterval": 1,
          "endIntervalTimeUnit": "MINUTES"
        },
        "additionalInfo": {
          "description": "",
          "layoutX": 534,
          "layoutY": 388
        }
      },
      {
        "type": "org.thingsboard.rule.engine.transform.TbTransformMsgNode",
        "name": "get prevMonth data",
        "debugMode": true,
        "singletonMode": false,
        "queueName": null,
        "configurationVersion": 0,
        "configuration": {
          "scriptLang": "JS",
          "jsScript": "var newMsg = {};\n\nif (metadata[\"totalizer A\"] != undefined) {\n    newMsg.prevMonth_totalizerA = JSON.parse(metadata[\"totalizer A\"]);\n}\nif (metadata[\"totalizer B\"] != undefined) {\n    newMsg.prevMonth_totalizerB = JSON.parse(metadata[\"totalizer B\"]);\n}\nif (metadata[\"totalizer C\"] != undefined) {\n    newMsg.prevMonth_totalizerC = JSON.parse(metadata[\"totalizer C\"]);\n}\n\n    \ndelete metadata[\"totalizer A\"];\ndelete metadata[\"totalizer B\"];\ndelete metadata[\"totalizer C\"];\n\n\nnewMsg[\"device\"] = metadata[\"deviceName\"];\n\nreturn {msg: newMsg, metadata: metadata, msgType: msgType};",
          "tbelScript": "return {msg: msg, metadata: metadata, msgType: msgType};"
        },
        "additionalInfo": {
          "description": "",
          "layoutX": 809,
          "layoutY": 395
        }
      },
      {
        "type": "org.thingsboard.rule.engine.transform.TbTransformMsgNode",
        "name": "get prevprevMonth data",
        "debugMode": true,
        "singletonMode": false,
        "queueName": null,
        "configurationVersion": 0,
        "configuration": {
          "scriptLang": "JS",
          "jsScript": "var newMsg = {};\n\nif (metadata[\"totalizer A\"] != undefined) {\n    newMsg.prevprevMonth_totalizerA = JSON.parse(metadata[\"totalizer A\"]);\n}\nif (metadata[\"totalizer B\"] != undefined) {\n    newMsg.prevprevMonth_totalizerB = JSON.parse(metadata[\"totalizer B\"]);\n}\nif (metadata[\"totalizer C\"] != undefined) {\n    newMsg.prevprevMonth_totalizerC = JSON.parse(metadata[\"totalizer C\"]);\n}\n\n    \ndelete metadata[\"totalizer A\"];\ndelete metadata[\"totalizer B\"];\ndelete metadata[\"totalizer C\"];\n\n\nnewMsg[\"device\"] = metadata[\"deviceName\"];\n\nreturn {msg: newMsg, metadata: metadata, msgType: msgType};",
          "tbelScript": "return {msg: msg, metadata: metadata, msgType: msgType};"
        },
        "additionalInfo": {
          "description": "",
          "layoutX": 802,
          "layoutY": 514
        }
      },
      {
        "type": "org.thingsboard.rule.engine.telemetry.TbMsgTimeseriesNode",
        "name": "save",
        "debugMode": true,
        "singletonMode": false,
        "queueName": null,
        "configurationVersion": 0,
        "configuration": {
          "defaultTTL": 0,
          "skipLatestPersistence": false,
          "useServerTs": false
        },
        "additionalInfo": {
          "description": "",
          "layoutX": 1060,
          "layoutY": 459
        }
      },
      {
        "type": "org.thingsboard.rule.engine.transform.TbTransformMsgNode",
        "name": "get prevMonth range",
        "debugMode": true,
        "singletonMode": false,
        "queueName": null,
        "configurationVersion": 0,
        "configuration": {
          "scriptLang": "JS",
          "jsScript": "// Use message timestamp if available, else now\r\nvar now = new Date(msg.ts || Date.now());\r\n\r\n// Current year & month (0 = Jan)\r\nvar year = now.getFullYear();\r\nvar month = now.getMonth();\r\n\r\n// Helper: ms → readable (UTC)\r\nfunction toReadable(ts) {\r\n    return new Date(ts).toISOString().replace(\"T\", \" \").replace(\"Z\", \"\");\r\n}\r\n\r\n/* ========= PREVIOUS MONTH ========= */\r\nvar prevMonth = month - 1;\r\nvar prevYear = year;\r\n\r\nif (prevMonth < 0) {\r\n    prevMonth = 11;\r\n    prevYear = year - 1;\r\n}\r\n\r\n// End = last day of previous month\r\nvar prevMonthEndDate =\r\n    new Date(prevYear, prevMonth + 1, 0, 23, 59, 59, 999);\r\n\r\n// Start = 10 days before end (00:00)\r\nvar prevMonthStartDate =\r\n    new Date(prevMonthEndDate.getTime() - (10 * 24 * 60 * 60 * 1000));\r\nprevMonthStartDate.setUTCHours(0, 0, 0, 0);\r\n\r\nmetadata.prevMonth_start = prevMonthStartDate.getTime();\r\nmetadata.prevMonth_end   = prevMonthEndDate.getTime();\r\n\r\n// Debug\r\nmetadata.prevMonth_start_hr = toReadable(metadata.prevMonth_start);\r\nmetadata.prevMonth_end_hr   = toReadable(metadata.prevMonth_end);\r\n\r\n\r\n/* ========= PREV-PREV MONTH ========= */\r\nvar prevPrevMonth = month - 2;\r\nvar prevPrevYear = year;\r\n\r\nif (prevPrevMonth < 0) {\r\n    prevPrevMonth += 12;\r\n    prevPrevYear = year - 1;\r\n}\r\n\r\n// End = last day of prev-prev month\r\nvar prevPrevMonthEndDate =\r\n    new Date(prevPrevYear, prevPrevMonth + 1, 0, 23, 59, 59, 999);\r\n\r\n// Start = 10 days before end (00:00)\r\nvar prevPrevMonthStartDate =\r\n    new Date(prevPrevMonthEndDate.getTime() - (10 * 24 * 60 * 60 * 1000));\r\nprevPrevMonthStartDate.setUTCHours(0, 0, 0, 0);\r\n\r\nmetadata.prevprevMonth_start = prevPrevMonthStartDate.getTime();\r\nmetadata.prevprevMonth_end   = prevPrevMonthEndDate.getTime();\r\n\r\n// Debug\r\nmetadata.prevprevMonth_start_hr = toReadable(metadata.prevprevMonth_start);\r\nmetadata.prevprevMonth_end_hr   = toReadable(metadata.prevprevMonth_end);\r\n\r\n// Optional debug\r\nmetadata.now_hr = toReadable(now.getTime());\r\n\r\nreturn { msg: msg, metadata: metadata };\r\n",
          "tbelScript": "return {msg: msg, metadata: metadata, msgType: msgType};"
        },
        "additionalInfo": {
          "description": "",
          "layoutX": 289,
          "layoutY": 455
        }
      },
      {
        "type": "org.thingsboard.rule.engine.metadata.TbGetAttributesNode",
        "name": "fetch B",
        "debugMode": true,
        "singletonMode": false,
        "queueName": null,
        "configurationVersion": 1,
        "configuration": {
          "tellFailureIfAbsent": true,
          "fetchTo": "METADATA",
          "clientAttributeNames": [],
          "sharedAttributeNames": [],
          "serverAttributeNames": [],
          "latestTsKeyNames": [
            "device",
            "prevMonth_totalizerB",
            "prevprevMonth_totalizerB",
            "totalizer B"
          ],
          "getLatestValueWithTs": false
        },
        "additionalInfo": {
          "description": "",
          "layoutX": 581,
          "layoutY": 871
        }
      },
      {
        "type": "org.thingsboard.rule.engine.metadata.TbGetAttributesNode",
        "name": "fetch C",
        "debugMode": true,
        "singletonMode": false,
        "queueName": null,
        "configurationVersion": 1,
        "configuration": {
          "tellFailureIfAbsent": true,
          "fetchTo": "METADATA",
          "clientAttributeNames": [],
          "sharedAttributeNames": [],
          "serverAttributeNames": [],
          "latestTsKeyNames": [
            "device",
            "prevMonth_totalizerC",
            "prevprevMonth_totalizerC",
            "totalizer C"
          ],
          "getLatestValueWithTs": false
        },
        "additionalInfo": {
          "description": "",
          "layoutX": 586,
          "layoutY": 958
        }
      },
      {
        "type": "org.thingsboard.rule.engine.metadata.TbGetTelemetryNode",
        "name": "fetch prevprev data",
        "debugMode": true,
        "singletonMode": false,
        "queueName": null,
        "configurationVersion": 1,
        "configuration": {
          "latestTsKeyNames": [
            "totalizer A",
            "totalizer B",
            "totalizer C"
          ],
          "aggregation": "NONE",
          "fetchMode": "LAST",
          "orderBy": "ASC",
          "limit": 1000,
          "useMetadataIntervalPatterns": true,
          "startIntervalPattern": "${prevprevMonth_start}",
          "endIntervalPattern": "${prevprevMonth_end}",
          "startInterval": 2,
          "startIntervalTimeUnit": "MINUTES",
          "endInterval": 1,
          "endIntervalTimeUnit": "MINUTES"
        },
        "additionalInfo": {
          "description": "",
          "layoutX": 532,
          "layoutY": 510
        }
      }
    ],
    "connections": [
      {
        "fromIndex": 1,
        "toIndex": 0,
        "type": "Success"
      },
      {
        "fromIndex": 1,
        "toIndex": 19,
        "type": "Success"
      },
      {
        "fromIndex": 2,
        "toIndex": 1,
        "type": "Post telemetry"
      },
      {
        "fromIndex": 2,
        "toIndex": 14,
        "type": "Post attributes"
      },
      {
        "fromIndex": 4,
        "toIndex": 5,
        "type": "Success"
      },
      {
        "fromIndex": 4,
        "toIndex": 6,
        "type": "Success"
      },
      {
        "fromIndex": 4,
        "toIndex": 10,
        "type": "Success"
      },
      {
        "fromIndex": 4,
        "toIndex": 11,
        "type": "Success"
      },
      {
        "fromIndex": 4,
        "toIndex": 12,
        "type": "Success"
      },
      {
        "fromIndex": 5,
        "toIndex": 13,
        "type": "Success"
      },
      {
        "fromIndex": 6,
        "toIndex": 13,
        "type": "Success"
      },
      {
        "fromIndex": 7,
        "toIndex": 8,
        "type": "Success"
      },
      {
        "fromIndex": 8,
        "toIndex": 9,
        "type": "Success"
      },
      {
        "fromIndex": 10,
        "toIndex": 13,
        "type": "Success"
      },
      {
        "fromIndex": 10,
        "toIndex": 20,
        "type": "Success"
      },
      {
        "fromIndex": 11,
        "toIndex": 13,
        "type": "Success"
      },
      {
        "fromIndex": 11,
        "toIndex": 20,
        "type": "Success"
      },
      {
        "fromIndex": 12,
        "toIndex": 13,
        "type": "Success"
      },
      {
        "fromIndex": 12,
        "toIndex": 20,
        "type": "Success"
      },
      {
        "fromIndex": 12,
        "toIndex": 21,
        "type": "Success"
      },
      {
        "fromIndex": 13,
        "toIndex": 7,
        "type": "Success"
      },
      {
        "fromIndex": 15,
        "toIndex": 16,
        "type": "Success"
      },
      {
        "fromIndex": 16,
        "toIndex": 18,
        "type": "Success"
      },
      {
        "fromIndex": 17,
        "toIndex": 18,
        "type": "Success"
      },
      {
        "fromIndex": 19,
        "toIndex": 15,
        "type": "Success"
      },
      {
        "fromIndex": 19,
        "toIndex": 22,
        "type": "Success"
      },
      {
        "fromIndex": 20,
        "toIndex": 7,
        "type": "Success"
      },
      {
        "fromIndex": 21,
        "toIndex": 7,
        "type": "Success"
      },
      {
        "fromIndex": 22,
        "toIndex": 17,
        "type": "Success"
      }
    ],
    "ruleChainConnections": null
  }
}