{
  "ruleChain": {
    "name": "Taylor DPM",
    "type": "CORE",
    "firstRuleNodeId": null,
    "root": false,
    "debugMode": true,
    "configuration": null,
    "additionalInfo": {
      "description": ""
    }
  },
  "metadata": {
    "version": 73,
    "firstNodeIndex": 18,
    "nodes": [
      {
        "type": "org.thingsboard.rule.engine.transform.TbTransformMsgNode",
        "name": "IEEE754 Hex to Float Converter",
        "debugMode": true,
        "singletonMode": false,
        "queueName": null,
        "configurationVersion": 0,
        "configuration": {
          "scriptLang": "JS",
          "jsScript": "function swap(val) {\r\n    return ((val & 0xFFFF) << 16) | ((val >> 16) & 0xFFFF);\r\n}\r\n\r\nfunction IEEE754converter(val) {\r\n    var intval = val;\r\n    var fval = 0.0;\r\n    var x;//exponent\r\n    var m;//mantissa\r\n    var s;//sign\r\n    s = (intval & 0x80000000)?-1:1;\r\n    x = ((intval >> 23) & 0xFF);\r\n    m = (intval & 0x7FFFFF);\r\n    switch(x) {\r\n        case 0:\r\n            //zero, do nothing, ignore negative zero and subnormals\r\n            break;\r\n        case 0xFF:\r\n            if (m) fval = NaN;\r\n            else if (s > 0) fval = Number.POSITIVE_INFINITY;\r\n            else fval = Number.NEGATIVE_INFINITY;\r\n            break;\r\n        default:\r\n            x -= 127;\r\n            m += 0x800000;\r\n            fval = s * (m / 8388608.0) * Math.pow(2, x);\r\n            break;\r\n    }\r\n    return fval.toFixed(2);\r\n}\r\n\r\nfor(var i = 1; i<8; i++){\r\n    var pwrstr = \"pwr\" + i;\r\n    var curstr = \"amp\" + i;\r\n    var volstr = \"volt\" + i;\r\n    var enrstr = \"energy\" + i;\r\n    var mdstr = \"md\" + i;\r\n    var pfstr = \"pf\" + i;\r\n    \r\n    if (pwrstr in msg && msg[pwrstr] !== 42907722990) {\r\n    var pwrx = IEEE754converter(msg[pwrstr]);\r\n    msg[\"Power \"+i+\" (kW)\"] = parseFloat(pwrx);\r\n    msg[\"Raw Power \"+i+\" (kW)\"] = parseFloat(pwrx);\r\n    }\r\n    if (curstr in msg && msg[curstr] !== 42907722990) {\r\n    var ampx = IEEE754converter(msg[curstr]);\r\n    msg[\"Current \"+i+\" (A)\"] = parseFloat(ampx);\r\n    msg[\"Raw Current \"+i+\" (A)\"] = parseFloat(ampx);\r\n    }\r\n    if (pfstr in msg && msg[pfstr] !== 42907722990) {\r\n    var pfx = IEEE754converter(msg[pfstr]);\r\n    msg[\"Power Factor \"+i] = parseFloat(pfx);\r\n    }\r\n    if (volstr in msg && msg[volstr] !== 42907722990) {\r\n    var voltx = IEEE754converter(msg[volstr]);\r\n    msg[\"Voltage \"+i+\" (V)\"] = parseFloat(voltx);\r\n     msg[\"Raw Voltage \"+i+\" (V)\"] = parseFloat(voltx);\r\n    }\r\n    if (enrstr in msg && msg[enrstr] !== 42907722990) {\r\n    var energyx = IEEE754converter(msg[enrstr]);\r\n    msg[\"Energy \"+i+\" (kWh)\"] = parseFloat(energyx);\r\n    }\r\n    \r\n    \r\n    \r\n}\r\n/*if (mdstr in msg && msg[mdstr] !== 42907722990) {\r\n    var mdx = IEEE754converter(msg[mdstr]);\r\n    msg[\"Max Demand \"+i+\" (kW)\"] = parseFloat(mdx);\r\n }*/\r\n//var tes = msg.md1 !== 42907722990;\r\n//metadata.tes = tes;\r\nreturn {msg: msg, metadata: metadata, msgType: msgType};",
          "tbelScript": null
        },
        "additionalInfo": {
          "description": "",
          "layoutX": 161,
          "layoutY": 340
        }
      },
      {
        "type": "org.thingsboard.rule.engine.telemetry.TbMsgTimeseriesNode",
        "name": "save",
        "debugMode": true,
        "singletonMode": false,
        "queueName": null,
        "configurationVersion": 0,
        "configuration": {
          "defaultTTL": 0,
          "skipLatestPersistence": false,
          "useServerTs": false
        },
        "additionalInfo": {
          "description": "",
          "layoutX": 482,
          "layoutY": 185
        }
      },
      {
        "type": "org.thingsboard.rule.engine.flow.TbRuleChainInputNode",
        "name": "arman testing",
        "debugMode": true,
        "singletonMode": false,
        "queueName": null,
        "configurationVersion": 1,
        "configuration": {
          "forwardMsgToDefaultRuleChain": false,
          "ruleChainId": "376a3a80-98fa-11f0-8150-1ffa4442f0c7"
        },
        "additionalInfo": {
          "description": "",
          "layoutX": 525,
          "layoutY": 32
        }
      },
      {
        "type": "org.thingsboard.rule.engine.metadata.TbGetTelemetryNode",
        "name": "fetch prev data",
        "debugMode": true,
        "singletonMode": false,
        "queueName": null,
        "configurationVersion": 1,
        "configuration": {
          "latestTsKeyNames": [
            "Energy 1 (kWh)",
            "Energy 2 (kWh)",
            "Energy 3 (kWh)",
            "Energy 4 (kWh)"
          ],
          "aggregation": "NONE",
          "fetchMode": "LAST",
          "orderBy": "ASC",
          "limit": 1000,
          "useMetadataIntervalPatterns": true,
          "startIntervalPattern": "${prevMonth_start}",
          "endIntervalPattern": "${prevMonth_end}",
          "startInterval": 2,
          "startIntervalTimeUnit": "MINUTES",
          "endInterval": 1,
          "endIntervalTimeUnit": "MINUTES"
        },
        "additionalInfo": {
          "description": "",
          "layoutX": 581,
          "layoutY": 384
        }
      },
      {
        "type": "org.thingsboard.rule.engine.metadata.TbGetTelemetryNode",
        "name": "fetch prevprev data",
        "debugMode": true,
        "singletonMode": false,
        "queueName": null,
        "configurationVersion": 1,
        "configuration": {
          "latestTsKeyNames": [
            "Energy 1 (kWh)",
            "Energy 2 (kWh)",
            "Energy 3 (kWh)",
            "Energy 4 (kWh)"
          ],
          "aggregation": "NONE",
          "fetchMode": "LAST",
          "orderBy": "ASC",
          "limit": 1000,
          "useMetadataIntervalPatterns": true,
          "startIntervalPattern": "${prevprevMonth_start}",
          "endIntervalPattern": "${prevprevMonth_end}",
          "startInterval": 2,
          "startIntervalTimeUnit": "MINUTES",
          "endInterval": 1,
          "endIntervalTimeUnit": "MINUTES"
        },
        "additionalInfo": {
          "description": "",
          "layoutX": 574,
          "layoutY": 523
        }
      },
      {
        "type": "org.thingsboard.rule.engine.transform.TbTransformMsgNode",
        "name": "get prevMonth data",
        "debugMode": true,
        "singletonMode": false,
        "queueName": null,
        "configurationVersion": 0,
        "configuration": {
          "scriptLang": "JS",
          "jsScript": "var newMsg = {};\n\nif(metadata.deviceName == \"Taylors MSB DPM 3 & 4\"){\n    newMsg.prevMonth_Energy3 = JSON.parse(metadata[\"Energy 3 (kWh)\"]);\n    newMsg.prevMonth_Energy4 = JSON.parse(metadata[\"Energy 4 (kWh)\"]);\n    \n    delete metadata[\"Energy 3 (kWh)\"];\n    delete metadata[\"Energy 4 (kWh)\"];\n}\n\nif(metadata.deviceName == \"Taylors MSB DPM 1 & 2\"){\n    newMsg.prevMonth_Energy1 = JSON.parse(metadata[\"Energy 1 (kWh)\"]);\n    newMsg.prevMonth_Energy2 = JSON.parse(metadata[\"Energy 2 (kWh)\"]);\n    \n    delete metadata[\"Energy 1 (kWh)\"];\n    delete metadata[\"Energy 2 (kWh)\"];\n}\n\nnewMsg[\"device\"] = metadata[\"deviceName\"];\n\nreturn {msg: newMsg, metadata: metadata, msgType: msgType};",
          "tbelScript": "return {msg: msg, metadata: metadata, msgType: msgType};"
        },
        "additionalInfo": {
          "description": "",
          "layoutX": 860,
          "layoutY": 395
        }
      },
      {
        "type": "org.thingsboard.rule.engine.transform.TbTransformMsgNode",
        "name": "get prevprevMonth data",
        "debugMode": true,
        "singletonMode": false,
        "queueName": null,
        "configurationVersion": 0,
        "configuration": {
          "scriptLang": "JS",
          "jsScript": "var newMsg = {};\n\nif(metadata.deviceName == \"Taylors MSB DPM 3 & 4\"){\n    newMsg.prevprevMonth_Energy3 = JSON.parse(metadata[\"Energy 3 (kWh)\"]);\n    newMsg.prevprevMonth_Energy4 = JSON.parse(metadata[\"Energy 4 (kWh)\"]);\n    \n    delete metadata[\"Energy 3 (kWh)\"];\n    delete metadata[\"Energy 4 (kWh)\"];\n}\n\nif(metadata.deviceName == \"Taylors MSB DPM 1 & 2\"){\n    newMsg.prevprevMonth_Energy1 = JSON.parse(metadata[\"Energy 1 (kWh)\"]);\n    newMsg.prevprevMonth_Energy2 = JSON.parse(metadata[\"Energy 2 (kWh)\"]);\n    \n    delete metadata[\"Energy 1 (kWh)\"];\n    delete metadata[\"Energy 2 (kWh)\"];\n}\n\nnewMsg[\"device\"] = metadata[\"deviceName\"];\n\nreturn {msg: newMsg, metadata: metadata, msgType: msgType};",
          "tbelScript": "return {msg: msg, metadata: metadata, msgType: msgType};"
        },
        "additionalInfo": {
          "description": "",
          "layoutX": 853,
          "layoutY": 514
        }
      },
      {
        "type": "org.thingsboard.rule.engine.telemetry.TbMsgTimeseriesNode",
        "name": "save",
        "debugMode": true,
        "singletonMode": false,
        "queueName": null,
        "configurationVersion": 0,
        "configuration": {
          "defaultTTL": 0,
          "skipLatestPersistence": false,
          "useServerTs": false
        },
        "additionalInfo": {
          "description": "",
          "layoutX": 1111,
          "layoutY": 459
        }
      },
      {
        "type": "org.thingsboard.rule.engine.debug.TbMsgGeneratorNode",
        "name": "generate",
        "debugMode": true,
        "singletonMode": false,
        "queueName": null,
        "configurationVersion": 2,
        "configuration": {
          "msgCount": 0,
          "periodInSeconds": 30,
          "scriptLang": "TBEL",
          "jsScript": "var msg = { temp: 42, humidity: 77 };\nvar metadata = { data: 40 };\nvar msgType = \"POST_TELEMETRY_REQUEST\";\n\nreturn { msg: msg, metadata: metadata, msgType: msgType };",
          "tbelScript": "var msg = { temp: 42, humidity: 77 };\nvar metadata = { data: 40 };\nvar msgType = \"POST_TELEMETRY_REQUEST\";\n\nreturn { msg: msg, metadata: metadata, msgType: msgType };",
          "originatorId": null,
          "originatorType": "RULE_NODE"
        },
        "additionalInfo": {
          "description": "",
          "layoutX": 55,
          "layoutY": 819
        }
      },
      {
        "type": "org.thingsboard.rule.engine.transform.TbChangeOriginatorNode",
        "name": "Taylors MSB DPM 3 & 4",
        "debugMode": true,
        "singletonMode": false,
        "queueName": null,
        "configurationVersion": 1,
        "configuration": {
          "originatorSource": "ENTITY",
          "preserveOriginatorIfCustomer": false,
          "entityType": "DEVICE",
          "entityNamePattern": "Taylors MSB DPM 3 & 4",
          "relationsQuery": {
            "direction": "FROM",
            "maxLevel": 1,
            "filters": [
              {
                "relationType": "Contains",
                "entityTypes": [],
                "negate": false
              }
            ],
            "fetchLastLevelOnly": false
          }
        },
        "additionalInfo": {
          "description": "",
          "layoutX": 311,
          "layoutY": 864
        }
      },
      {
        "type": "org.thingsboard.rule.engine.transform.TbChangeOriginatorNode",
        "name": "Taylors MSB DPM 1 & 2",
        "debugMode": true,
        "singletonMode": false,
        "queueName": null,
        "configurationVersion": 1,
        "configuration": {
          "originatorSource": "ENTITY",
          "preserveOriginatorIfCustomer": false,
          "entityType": "DEVICE",
          "entityNamePattern": "Taylors MSB DPM 1 & 2",
          "relationsQuery": {
            "direction": "FROM",
            "maxLevel": 1,
            "filters": [
              {
                "relationType": "Contains",
                "entityTypes": [],
                "negate": false
              }
            ],
            "fetchLastLevelOnly": false
          }
        },
        "additionalInfo": {
          "description": "",
          "layoutX": 307,
          "layoutY": 795
        }
      },
      {
        "type": "org.thingsboard.rule.engine.transform.TbTransformMsgNode",
        "name": "das",
        "debugMode": true,
        "singletonMode": false,
        "queueName": null,
        "configurationVersion": 0,
        "configuration": {
          "scriptLang": "JS",
          "jsScript": "var newMsg = {};\n\nif(metadata.device == \"Taylors MSB DPM 1 & 2\"){\n    newMsg[\"lastMonth_Energy1\"] = metadata[\"prevMonth_Energy1\"] - metadata[\"prevprevMonth_Energy1\"];\n    newMsg[\"lastMonth_Energy2\"] = metadata[\"prevMonth_Energy2\"] - metadata[\"prevprevMonth_Energy2\"];\n    \n    newMsg[\"currentMonth_Energy1\"] = metadata[\"Energy 1 (kWh)\"] - metadata[\"prevMonth_Energy1\"];\n    newMsg[\"currentMonth_Energy2\"] = metadata[\"Energy 2 (kWh)\"] - metadata[\"prevMonth_Energy2\"];\n}\n\nif(metadata.device == \"Taylors MSB DPM 3 & 4\"){\n    newMsg[\"lastMonth_Energy3\"] = metadata[\"prevMonth_Energy3\"] - metadata[\"prevprevMonth_Energy3\"];\n    newMsg[\"lastMonth_Energy4\"] = metadata[\"prevMonth_Energy4\"] - metadata[\"prevprevMonth_Energy4\"];\n    \n    newMsg[\"currentMonth_Energy3\"] = metadata[\"Energy 3 (kWh)\"] - metadata[\"prevMonth_Energy3\"];\n    newMsg[\"currentMonth_Energy4\"] = metadata[\"Energy 4 (kWh)\"] - metadata[\"prevMonth_Energy4\"];\n}\n\n\nreturn {msg: newMsg, metadata: metadata, msgType: msgType};",
          "tbelScript": "return {msg: msg, metadata: metadata, msgType: msgType};"
        },
        "additionalInfo": {
          "description": "",
          "layoutX": 850,
          "layoutY": 818
        }
      },
      {
        "type": "org.thingsboard.rule.engine.metadata.TbGetAttributesNode",
        "name": "fetch data",
        "debugMode": true,
        "singletonMode": false,
        "queueName": null,
        "configurationVersion": 1,
        "configuration": {
          "tellFailureIfAbsent": true,
          "fetchTo": "METADATA",
          "clientAttributeNames": [],
          "sharedAttributeNames": [],
          "serverAttributeNames": [],
          "latestTsKeyNames": [
            "Energy 1 (kWh)",
            "Energy 2 (kWh)",
            "prevMonth_Energy1",
            "prevMonth_Energy2",
            "prevprevMonth_Energy1",
            "prevprevMonth_Energy2",
            "device"
          ],
          "getLatestValueWithTs": false
        },
        "additionalInfo": {
          "description": "",
          "layoutX": 550,
          "layoutY": 797
        }
      },
      {
        "type": "org.thingsboard.rule.engine.metadata.TbGetAttributesNode",
        "name": "fetch data",
        "debugMode": true,
        "singletonMode": false,
        "queueName": null,
        "configurationVersion": 1,
        "configuration": {
          "tellFailureIfAbsent": true,
          "fetchTo": "METADATA",
          "clientAttributeNames": [],
          "sharedAttributeNames": [],
          "serverAttributeNames": [],
          "latestTsKeyNames": [
            "Energy 4 (kWh)",
            "Energy 3 (kWh)",
            "prevMonth_Energy3",
            "prevMonth_Energy4",
            "prevprevMonth_Energy3",
            "prevprevMonth_Energy4",
            "device"
          ],
          "getLatestValueWithTs": false
        },
        "additionalInfo": {
          "description": "",
          "layoutX": 551,
          "layoutY": 863
        }
      },
      {
        "type": "org.thingsboard.rule.engine.transform.TbChangeOriginatorNode",
        "name": "Taylor Energy Tracker",
        "debugMode": true,
        "singletonMode": false,
        "queueName": null,
        "configurationVersion": 1,
        "configuration": {
          "originatorSource": "ENTITY",
          "preserveOriginatorIfCustomer": false,
          "entityType": "DEVICE",
          "entityNamePattern": "Taylor Energy Tracker",
          "relationsQuery": {
            "direction": "FROM",
            "maxLevel": 1,
            "filters": [
              {
                "relationType": "Contains",
                "entityTypes": [],
                "negate": false
              }
            ],
            "fetchLastLevelOnly": false
          }
        },
        "additionalInfo": {
          "description": "",
          "layoutX": 1089,
          "layoutY": 814
        }
      },
      {
        "type": "org.thingsboard.rule.engine.telemetry.TbMsgTimeseriesNode",
        "name": "save",
        "debugMode": true,
        "singletonMode": false,
        "queueName": null,
        "configurationVersion": 0,
        "configuration": {
          "defaultTTL": 0,
          "skipLatestPersistence": false,
          "useServerTs": false
        },
        "additionalInfo": {
          "description": "",
          "layoutX": 1110,
          "layoutY": 890
        }
      },
      {
        "type": "org.thingsboard.rule.engine.telemetry.TbMsgAttributesNode",
        "name": "save",
        "debugMode": false,
        "singletonMode": false,
        "queueName": null,
        "configurationVersion": 2,
        "configuration": {
          "scope": "SERVER_SCOPE",
          "notifyDevice": false,
          "sendAttributesUpdatedNotification": false,
          "updateAttributesOnlyOnValueChange": true
        },
        "additionalInfo": {
          "description": "",
          "layoutX": 623,
          "layoutY": 95
        }
      },
      {
        "type": "org.thingsboard.rule.engine.transform.TbTransformMsgNode",
        "name": "get prevMonth range",
        "debugMode": true,
        "singletonMode": false,
        "queueName": null,
        "configurationVersion": 0,
        "configuration": {
          "scriptLang": "JS",
          "jsScript": "// Use message timestamp if available, else now\r\nvar now = new Date(msg.ts || Date.now());\r\n\r\n// Current year & month (0 = Jan)\r\nvar year = now.getFullYear();\r\nvar month = now.getMonth();\r\n\r\n// Helper: ms → readable (UTC)\r\nfunction toReadable(ts) {\r\n    return new Date(ts).toISOString().replace(\"T\", \" \").replace(\"Z\", \"\");\r\n}\r\n\r\n/* ========= PREVIOUS MONTH ========= */\r\nvar prevMonth = month - 1;\r\nvar prevYear = year;\r\n\r\nif (prevMonth < 0) {\r\n    prevMonth = 11;\r\n    prevYear = year - 1;\r\n}\r\n\r\n// FULL last day of previous month (00:00 → 23:59:59.999)\r\nmetadata.prevMonth_start =\r\n    new Date(prevYear, prevMonth + 1, 0, 0, 0, 0, 0).getTime();\r\n\r\nmetadata.prevMonth_end =\r\n    new Date(prevYear, prevMonth + 1, 0, 23, 59, 59, 999).getTime();\r\n\r\n// Debug (human-readable)\r\nmetadata.prevMonth_start_hr = toReadable(metadata.prevMonth_start);\r\nmetadata.prevMonth_end_hr   = toReadable(metadata.prevMonth_end);\r\n\r\n\r\n/* ========= PREV-PREV MONTH ========= */\r\nvar prevPrevMonth = month - 2;\r\nvar prevPrevYear = year;\r\n\r\nif (prevPrevMonth < 0) {\r\n    prevPrevMonth += 12;\r\n    prevPrevYear = year - 1;\r\n}\r\n\r\n// FULL last day of prev-prev month (00:00 → 23:59:59.999)\r\nmetadata.prevprevMonth_start =\r\n    new Date(prevPrevYear, prevPrevMonth + 1, 0, 0, 0, 0, 0).getTime();\r\n\r\nmetadata.prevprevMonth_end =\r\n    new Date(prevPrevYear, prevPrevMonth + 1, 0, 23, 59, 59, 999).getTime();\r\n\r\n// Debug (human-readable)\r\nmetadata.prevprevMonth_start_hr = toReadable(metadata.prevprevMonth_start);\r\nmetadata.prevprevMonth_end_hr   = toReadable(metadata.prevprevMonth_end);\r\n\r\n// Optional debug\r\nmetadata.now_hr = toReadable(now.getTime());\r\n\r\nreturn { msg: msg, metadata: metadata };\r\n",
          "tbelScript": "return {msg: msg, metadata: metadata, msgType: msgType};"
        },
        "additionalInfo": {
          "description": "",
          "layoutX": 340,
          "layoutY": 455
        }
      },
      {
        "type": "org.thingsboard.rule.engine.filter.TbMsgTypeSwitchNode",
        "name": "message type switch",
        "debugMode": false,
        "singletonMode": false,
        "queueName": null,
        "configurationVersion": 0,
        "configuration": {
          "version": 0
        },
        "additionalInfo": {
          "description": "",
          "layoutX": 248,
          "layoutY": 95
        }
      }
    ],
    "connections": [
      {
        "fromIndex": 0,
        "toIndex": 1,
        "type": "Success"
      },
      {
        "fromIndex": 0,
        "toIndex": 17,
        "type": "Success"
      },
      {
        "fromIndex": 3,
        "toIndex": 5,
        "type": "Success"
      },
      {
        "fromIndex": 4,
        "toIndex": 6,
        "type": "Success"
      },
      {
        "fromIndex": 5,
        "toIndex": 7,
        "type": "Success"
      },
      {
        "fromIndex": 6,
        "toIndex": 7,
        "type": "Success"
      },
      {
        "fromIndex": 8,
        "toIndex": 9,
        "type": "Success"
      },
      {
        "fromIndex": 8,
        "toIndex": 10,
        "type": "Success"
      },
      {
        "fromIndex": 9,
        "toIndex": 13,
        "type": "Success"
      },
      {
        "fromIndex": 10,
        "toIndex": 12,
        "type": "Success"
      },
      {
        "fromIndex": 11,
        "toIndex": 14,
        "type": "Success"
      },
      {
        "fromIndex": 12,
        "toIndex": 11,
        "type": "Success"
      },
      {
        "fromIndex": 13,
        "toIndex": 11,
        "type": "Success"
      },
      {
        "fromIndex": 14,
        "toIndex": 15,
        "type": "Success"
      },
      {
        "fromIndex": 17,
        "toIndex": 3,
        "type": "Success"
      },
      {
        "fromIndex": 17,
        "toIndex": 4,
        "type": "Success"
      },
      {
        "fromIndex": 18,
        "toIndex": 0,
        "type": "Post telemetry"
      },
      {
        "fromIndex": 18,
        "toIndex": 16,
        "type": "Post attributes"
      }
    ],
    "ruleChainConnections": null
  }
}