{
  "ruleChain": {
    "name": "Taylor_Device_inactive(reboot)",
    "type": "CORE",
    "firstRuleNodeId": null,
    "root": false,
    "debugMode": false,
    "configuration": null,
    "additionalInfo": {
      "description": ""
    }
  },
  "metadata": {
    "version": 33,
    "firstNodeIndex": 0,
    "nodes": [
      {
        "type": "org.thingsboard.rule.engine.filter.TbMsgTypeSwitchNode",
        "name": "switch",
        "debugMode": false,
        "singletonMode": false,
        "queueName": null,
        "configurationVersion": 0,
        "configuration": {
          "version": 0
        },
        "additionalInfo": {
          "description": "",
          "layoutX": 369,
          "layoutY": 151
        }
      },
      {
        "type": "org.thingsboard.rule.engine.transform.TbChangeOriginatorNode",
        "name": "TaylorTrigger",
        "debugMode": true,
        "singletonMode": false,
        "queueName": null,
        "configurationVersion": 1,
        "configuration": {
          "originatorSource": "ENTITY",
          "preserveOriginatorIfCustomer": false,
          "entityType": "DEVICE",
          "entityNamePattern": "TaylorTrigger",
          "relationsQuery": {
            "direction": "FROM",
            "maxLevel": 1,
            "filters": [
              {
                "relationType": "Contains",
                "entityTypes": [],
                "negate": false
              }
            ],
            "fetchLastLevelOnly": false
          }
        },
        "additionalInfo": {
          "description": "",
          "layoutX": 703,
          "layoutY": 151
        }
      },
      {
        "type": "org.thingsboard.rule.engine.metadata.TbGetAttributesNode",
        "name": "Device State",
        "debugMode": true,
        "singletonMode": false,
        "queueName": null,
        "configurationVersion": 1,
        "configuration": {
          "tellFailureIfAbsent": true,
          "fetchTo": "DATA",
          "clientAttributeNames": [],
          "sharedAttributeNames": [],
          "serverAttributeNames": [],
          "latestTsKeyNames": [
            "active_Taylors MSB DPM 3 & 4",
            "active_Taylors MSB DPM 1 & 2",
            "active_Taylor's Flowmeter: Cooling Tower",
            "active_Taylor's Flowmeter: Block A (and B)",
            "active_Taylor's Flowmeter: Block E",
            "active_Taylor's Flowmeter: Block C",
            "active_Taylor's Flowmeter: Block D"
          ],
          "getLatestValueWithTs": true
        },
        "additionalInfo": {
          "description": "",
          "layoutX": 2018,
          "layoutY": 312
        }
      },
      {
        "type": "org.thingsboard.rule.engine.transform.TbTransformMsgNode",
        "name": "tset",
        "debugMode": true,
        "singletonMode": false,
        "queueName": null,
        "configurationVersion": 0,
        "configuration": {
          "scriptLang": "JS",
          "jsScript": "var msg2 = {};\r\nvar now = Date.now();\r\n\r\nif(msg.active){\r\n    msg2[\"activeTs_\"+metadata.deviceName] = now;\r\n    metadata.Fetch = \"InactiveTs_\"+metadata.deviceName;\r\n\r\n}else{\r\n     msg2[\"InactiveTs_\"+metadata.deviceName] = now;\r\n     metadata.Fetch = \"activeTs_\"+metadata.deviceName;\r\n}\r\nmsg2[\"active_\"+metadata.deviceName] = msg.active;\r\nmetadata.forTotalUse = \"forTotalUse_\"+metadata.deviceName;\r\ndelete metadata.deviceLabel;\r\nreturn { msg: msg2, metadata: metadata, msgType: \"POST_TELEMETRY_REQUEST\" };\r\n",
          "tbelScript": "return {msg: msg, metadata: metadata, msgType: msgType};"
        },
        "additionalInfo": {
          "description": "",
          "layoutX": 420,
          "layoutY": 318
        }
      },
      {
        "type": "org.thingsboard.rule.engine.transform.TbTransformMsgNode",
        "name": "est",
        "debugMode": true,
        "singletonMode": false,
        "queueName": null,
        "configurationVersion": 0,
        "configuration": {
          "scriptLang": "JS",
          "jsScript": "msg[\"forTotalUse_\"+metadata.deviceName] = [0,0];\nreturn {msg: msg, metadata: metadata, msgType: msgType};",
          "tbelScript": "return {msg: msg, metadata: metadata, msgType: msgType};"
        },
        "additionalInfo": {
          "description": "",
          "layoutX": 1086,
          "layoutY": 279
        }
      },
      {
        "type": "org.thingsboard.rule.engine.metadata.TbGetAttributesNode",
        "name": "get",
        "debugMode": true,
        "singletonMode": false,
        "queueName": null,
        "configurationVersion": 1,
        "configuration": {
          "tellFailureIfAbsent": true,
          "fetchTo": "METADATA",
          "clientAttributeNames": [],
          "sharedAttributeNames": [],
          "serverAttributeNames": [],
          "latestTsKeyNames": [
            "${Fetch}",
            "${forTotalUse}"
          ],
          "getLatestValueWithTs": false
        },
        "additionalInfo": {
          "description": "",
          "layoutX": 720,
          "layoutY": 317
        }
      },
      {
        "type": "org.thingsboard.rule.engine.telemetry.TbMsgTimeseriesNode",
        "name": "Save Timeseries",
        "debugMode": true,
        "singletonMode": false,
        "queueName": null,
        "configurationVersion": 0,
        "configuration": {
          "defaultTTL": 0
        },
        "additionalInfo": {
          "description": null,
          "layoutX": 1733,
          "layoutY": 308
        }
      },
      {
        "type": "org.thingsboard.rule.engine.transform.TbTransformMsgNode",
        "name": "strt",
        "debugMode": true,
        "singletonMode": false,
        "queueName": null,
        "configurationVersion": 0,
        "configuration": {
          "scriptLang": "JS",
          "jsScript": "var now = Date.now();\nvar totalup;\nvar dataDelta;\nvar test\n\nvar stores=JSON.parse(metadata[\"forTotalUse_\"+metadata.deviceName]);\nvar manui = JSON.parse(metadata[\"forTotalUse_\"+metadata.deviceName]);\nif(msg[\"active_\"+metadata.deviceName]){\n    dataDelta = now - JSON.parse(metadata[\"InactiveTs_\"+metadata.deviceName]);\n    stores[0] = stores[0]+dataDelta;\n    totalup = msg[\"activeTs_\"+metadata.deviceName]+stores[0];\n\n    msg[\"ActiveInActive_\"+metadata.deviceName] = [\"A_\"+totalup,\"N_\"+msToHHMMSS(stores[0]),stores[0],stores[1]]\n    msg[\"forTotalUse_\"+metadata.deviceName] = stores;\n    msg[\"DIts_\"+metadata.deviceName] = 0;\n    \n    //msg.toHTML = [\"A_\"+msg.activeTs_timestamp,\"N_\"+msToHHMMSS(dataDelta)]\n    \n    \n}else{\n    \n    dataDelta = now - JSON.parse(metadata[\"activeTs_\"+metadata.deviceName]);\n    stores[1] = stores[1]+dataDelta;\n    totalup = msg[\"InactiveTs_\"+metadata.deviceName]+stores[1];\n    \n        msg[\"ActiveInActive_\"+metadata.deviceName] = [\"N_\"+msToHHMMSS(stores[1]),\"A_\"+totalup,stores[0],stores[1]]\n         msg[\"forTotalUse_\"+metadata.deviceName] = stores;\n     msg[\"DIts_\"+metadata.deviceName] = now;\n    \n\n   \n}\n\n\nfunction msToHHMMSS(ms) {\n    if (!ms && ms !== 0) return '';\n\n    // Convert to seconds\n    var totalSeconds = (ms / 1000) >> 0; // bitwise trick = floor for positives\n\n    var hours = (totalSeconds / 3600) >> 0;\n    var minutes = ((totalSeconds % 3600) / 60) >> 0;\n    var seconds = totalSeconds % 60;\n\n    // Add leading zeros\n    hours = ('0' + hours).slice(-2);\n    minutes = ('0' + minutes).slice(-2);\n    seconds = ('0' + seconds).slice(-2);\n\n    return hours + ':' + minutes + ':' + seconds;\n}\n\n\n\nreturn {msg: msg, metadata: metadata, msgType: msgType};",
          "tbelScript": "return {msg: msg, metadata: metadata, msgType: msgType};"
        },
        "additionalInfo": {
          "description": "",
          "layoutX": 1079,
          "layoutY": 371
        }
      },
      {
        "type": "org.thingsboard.rule.engine.transform.TbTransformMsgNode",
        "name": "toHTML(specific)",
        "debugMode": true,
        "singletonMode": false,
        "queueName": null,
        "configurationVersion": 0,
        "configuration": {
          "scriptLang": "JS",
          "jsScript": "var params1 = \"ActiveInActive_\"+metadata.deviceName;\nvar params2 = \"active_\"+metadata.deviceName;\nvar classCondition;\n\n\nfunction deviceStatus(name,condi){\n    var td1 = \"<td>\"+name+\"</td>\";\n    var td2;\n    if(condi){\n        td2 = \"<td><span class='pill active'>Active</span></td>\";\n    }else{\n        td2 = \"<td><span class='pill inactive'>Inactive</span></td>\";\n    }\n\n    \n    return td1 + td2;\n}\n\nvar getFuncHTML= deviceStatus(metadata.deviceName,msg[params2])\n\n\nmsg[\"finalHTML_\"+metadata.deviceName] =  \"<tr class='timestamp-item' data-timestamp='\"+msg[params1]+\"'>\"+getFuncHTML+\"<td class='ActiveTime'>Loading..</td><td class='InActiveTime'>Loading..</td><td class='InActivePeriod'>Loading..</td>\";\n\nreturn {msg: msg, metadata: metadata, msgType: msgType};",
          "tbelScript": "return {msg: msg, metadata: metadata, msgType: msgType};"
        },
        "additionalInfo": {
          "description": "",
          "layoutX": 1403,
          "layoutY": 375
        }
      },
      {
        "type": "org.thingsboard.rule.engine.transform.TbTransformMsgNode",
        "name": "Set Tag Msg",
        "debugMode": true,
        "singletonMode": false,
        "queueName": null,
        "configurationVersion": 0,
        "configuration": {
          "scriptLang": "JS",
          "jsScript": "var newMsg = {};\r\nvar tag = 0;\r\n\r\nfor (var key in msg) {\r\n    if (!msg.hasOwnProperty(key)) continue;\r\n\r\n    // Only capture keys starting with active_\r\n    if (key.startsWith(\"active_\")) {\r\n\r\n        // Must be boolean true/false\r\n        var val = msg[key];\r\n        if (val && typeof val.value === \"boolean\") {\r\n\r\n            tag++;\r\n\r\n            // Remove only the prefix \"active_\"\r\n            var deviceName = key.substring(\"active_\".length);\r\n\r\n            // Build finalHTML_<deviceName>\r\n            newMsg[\"tag\" + tag] = \"finalHTML_\" + deviceName;\r\n        }\r\n    }\r\n}\r\n\r\nreturn { msg: newMsg, metadata: metadata, msgType: msgType };\r\n",
          "tbelScript": "return {msg: msg, metadata: metadata, msgType: msgType};"
        },
        "additionalInfo": {
          "description": "",
          "layoutX": 2348,
          "layoutY": 309
        }
      },
      {
        "type": "org.thingsboard.rule.engine.telemetry.TbMsgTimeseriesNode",
        "name": "Save",
        "debugMode": true,
        "singletonMode": false,
        "queueName": null,
        "configurationVersion": 0,
        "configuration": {
          "defaultTTL": 0,
          "skipLatestPersistence": false,
          "useServerTs": false
        },
        "additionalInfo": {
          "description": "",
          "layoutX": 2750,
          "layoutY": 417
        }
      },
      {
        "type": "org.thingsboard.rule.engine.metadata.TbGetAttributesNode",
        "name": "Device State",
        "debugMode": true,
        "singletonMode": false,
        "queueName": null,
        "configurationVersion": 1,
        "configuration": {
          "tellFailureIfAbsent": true,
          "fetchTo": "DATA",
          "clientAttributeNames": [],
          "sharedAttributeNames": [],
          "serverAttributeNames": [],
          "latestTsKeyNames": [
            "$[tag1]",
            "$[tag2]",
            "$[tag3]",
            "$[tag4]",
            "$[tag5]",
            "$[tag6]",
            "$[tag7]",
            "$[tag8]",
            "$[tag9]",
            "$[tag10]",
            "$[tag11]",
            "$[tag12]",
            "$[tag13]",
            "$[tag14]",
            "$[tag15]",
            "$[tag16]",
            "$[tag17]",
            "$[tag18]",
            "$[tag19]",
            "$[tag20]",
            "$[tag21]",
            "$[tag22]",
            "$[tag23]",
            "$[tag24]",
            "$[tag25]",
            "$[tag26]",
            "$[tag27]",
            "$[tag28]",
            "$[tag29]",
            "$[tag30]",
            "$[tag31]",
            "$[tag32]",
            "$[tag33]",
            "$[tag34]",
            "$[tag35]",
            "$[tag36]",
            "$[tag37]",
            "$[tag38]",
            "$[tag39]",
            "$[tag40]",
            "$[tag41]",
            "$[tag42]",
            "$[43]",
            "$[44]",
            "$[45]",
            "$[46]",
            "$[47]",
            "$[48]"
          ],
          "getLatestValueWithTs": true
        },
        "additionalInfo": {
          "description": "",
          "layoutX": 2232,
          "layoutY": 418
        }
      },
      {
        "type": "org.thingsboard.rule.engine.transform.TbTransformMsgNode",
        "name": "Sort Status",
        "debugMode": true,
        "singletonMode": false,
        "queueName": null,
        "configurationVersion": 0,
        "configuration": {
          "scriptLang": "JS",
          "jsScript": "\r\nfunction sortActive (){\r\n    var statusArr = [];\r\n    for (var key in msg) {\r\n    if (key.startsWith(\"finalHTML_\")) {\r\n        if(msg[key].value.indexOf(\"pill active\") !== -1){\r\n           statusArr.push(msg[key]); \r\n        \r\n        }\r\n    }\r\n    }\r\n    statusArr.sort(function(a, b) {\r\n        return b.ts - a.ts;\r\n    });\r\n    var statusMsg = \"\";\r\n    \r\n    for (var i = 0; i < statusArr.length; i++) {\r\n        statusMsg += statusArr[i].value;\r\n    }\r\n    return statusMsg;\r\n}\r\n\r\nfunction sortInactive (){\r\n    var statusArr = [];\r\n    for (var key in msg) {\r\n    if (key.startsWith(\"finalHTML_\")) {\r\n        if(msg[key].value.indexOf(\"pill inactive\") !== -1){\r\n           statusArr.push(msg[key]); \r\n        }\r\n    }\r\n    }\r\n    statusArr.sort(function(a, b) {\r\n        return a.ts - b.ts;\r\n    });\r\n    \r\n    var statusMsg = \"\";\r\n    \r\n    for (var i = 0; i < statusArr.length; i++) {\r\n        statusMsg += statusArr[i].value;\r\n    }\r\n    return statusMsg;\r\n}\r\nvar newMsg = {};\r\nvar sortedA = sortActive();\r\nvar sortedI = sortInactive();\r\n\r\nnewMsg[\"All Status HTML\"] = sortedI + sortedA;\r\n\r\n\r\n\r\n\r\nreturn {msg: newMsg, metadata: metadata, msgType: msgType};",
          "tbelScript": "return {msg: msg, metadata: metadata, msgType: msgType};"
        },
        "additionalInfo": {
          "description": "",
          "layoutX": 2497,
          "layoutY": 419
        }
      },
      {
        "type": "org.thingsboard.rule.engine.debug.TbMsgGeneratorNode",
        "name": "gen",
        "debugMode": false,
        "singletonMode": false,
        "queueName": null,
        "configurationVersion": 2,
        "configuration": {
          "msgCount": 0,
          "periodInSeconds": 5,
          "scriptLang": "TBEL",
          "jsScript": "var msg = { temp: 42, humidity: 77 };\nvar metadata = { data: 40 };\nvar msgType = \"POST_TELEMETRY_REQUEST\";\n\nreturn { msg: msg, metadata: metadata, msgType: msgType };",
          "tbelScript": "var msg = { temp: 42, humidity: 77 };\nvar metadata = { data: 40 };\nvar msgType = \"POST_TELEMETRY_REQUEST\";\n\nreturn { msg: msg, metadata: metadata, msgType: msgType };",
          "originatorId": "f55e57b0-fb33-11f0-a38e-e56ade1a22b0",
          "originatorType": "DEVICE"
        },
        "additionalInfo": {
          "description": "",
          "layoutX": 205,
          "layoutY": 520
        }
      },
      {
        "type": "org.thingsboard.rule.engine.metadata.TbGetAttributesNode",
        "name": "Device State",
        "debugMode": true,
        "singletonMode": false,
        "queueName": null,
        "configurationVersion": 1,
        "configuration": {
          "tellFailureIfAbsent": true,
          "fetchTo": "DATA",
          "clientAttributeNames": [],
          "sharedAttributeNames": [],
          "serverAttributeNames": [],
          "latestTsKeyNames": [
            "active_Taylors MSB DPM 3 & 4",
            "active_Taylors MSB DPM 1 & 2",
            "active_Taylor's Flowmeter: Cooling Tower",
            "active_Taylor's Flowmeter: Block A (and B)",
            "active_Taylor's Flowmeter: Block E",
            "active_Taylor's Flowmeter: Block C",
            "active_Taylor's Flowmeter: Block D"
          ],
          "getLatestValueWithTs": false
        },
        "additionalInfo": {
          "description": "",
          "layoutX": 556,
          "layoutY": 533
        }
      },
      {
        "type": "org.thingsboard.rule.engine.transform.TbTransformMsgNode",
        "name": "filter for inactive device",
        "debugMode": true,
        "singletonMode": false,
        "queueName": null,
        "configurationVersion": 0,
        "configuration": {
          "scriptLang": "JS",
          "jsScript": "// TB Script Node SAFE pattern\r\nvar payload = msg;\r\n\r\n\r\n// Guard\r\nif (payload === null || typeof payload !== \"object\") {\r\n    return {msg: msg, metadata: metadata, msgType: msgType};\r\n}\r\n\r\nvar inactiveDevices = [];\r\n\r\nObject.keys(payload).forEach(function (key) {\r\n    if (key.startsWith(\"active_\")) {\r\n\r\n        // VALUE IS BOOLEAN\r\n        if (payload[key] === false) {\r\n            inactiveDevices.push({\r\n                name: key.substring(7), // remove \"active_\"\r\n                \r\n            });\r\n        }\r\n    }\r\n});\r\n\r\n// Attach result\r\npayload.inactiveDevices = inactiveDevices;\r\n\r\nreturn {msg: msg, metadata: metadata, msgType: msgType};\r\n",
          "tbelScript": "return {msg: msg, metadata: metadata, msgType: msgType};"
        },
        "additionalInfo": {
          "description": "",
          "layoutX": 895,
          "layoutY": 528
        }
      },
      {
        "type": "org.thingsboard.rule.engine.transform.TbTransformMsgNode",
        "name": "seperate",
        "debugMode": true,
        "singletonMode": false,
        "queueName": null,
        "configurationVersion": 0,
        "configuration": {
          "scriptLang": "JS",
          "jsScript": "// Lookup objects\r\nvar taylor_riser = {\r\n    \"Taylors MSB DPM 1 & 2\": true,\r\n    \"Taylor's Flowmeter: Cooling Tower\": true\r\n};\r\n\r\nvar taylor_rooftop = {\r\n    \"Taylors MSB DPM 3 & 4\": true,\r\n    \"Taylor's Flowmeter: Block A (and B)\": true,\r\n    \"Taylor's Flowmeter: Block E\": true,\r\n    \"Taylor's Flowmeter: Block C\": true,\r\n    \"Taylor's Flowmeter: Block D\": true\r\n};\r\n\r\nvar outputs = [];\r\n\r\n// Guard\r\nif (Array.isArray(msg.rebootDevices)) {\r\n\r\n    msg.rebootDevices.forEach(function (deviceName) {\r\n\r\n        if (taylor_riser[deviceName]) {\r\n            outputs.push(\"TaylorRiser,TaylorRiser_\" + deviceName);\r\n        }\r\n        else if (taylor_rooftop[deviceName]) {\r\n            outputs.push(\"TaylorRooftop,TaylorRooftop_\" + deviceName);\r\n        }\r\n    });\r\n}\r\n\r\n// Join into ONE string\r\nvar result = outputs.join(\";\");\r\n\r\n\r\nreturn {\r\n    msg: result,\r\n    metadata: metadata,\r\n    msgType: msgType\r\n};\r\n",
          "tbelScript": "return {msg: msg, metadata: metadata, msgType: msgType};"
        },
        "additionalInfo": {
          "description": "",
          "layoutX": 2022,
          "layoutY": 548
        }
      },
      {
        "type": "org.thingsboard.rule.engine.metadata.TbGetAttributesNode",
        "name": "Device State",
        "debugMode": true,
        "singletonMode": false,
        "queueName": null,
        "configurationVersion": 1,
        "configuration": {
          "tellFailureIfAbsent": true,
          "fetchTo": "DATA",
          "clientAttributeNames": [],
          "sharedAttributeNames": [],
          "serverAttributeNames": [],
          "latestTsKeyNames": [
            "$[tag1]",
            "$[tag2]",
            "$[tag3]",
            "$[tag4]",
            "$[tag5]",
            "$[tag6]",
            "$[tag7]",
            "$[tag8]",
            "$[tag9]",
            "$[tag10]",
            "$[tag11]",
            "$[tag12]",
            "$[tag13]",
            "$[tag14]",
            "$[tag15]",
            "$[tag16]",
            "$[tag17]",
            "$[tag18]",
            "$[tag19]",
            "$[tag20]",
            "$[tag21]",
            "$[tag22]",
            "$[tag23]",
            "$[tag24]",
            "$[tag25]",
            "$[tag26]",
            "$[tag27]",
            "$[tag28]",
            "$[tag29]",
            "$[tag30]",
            "$[tag31]",
            "$[tag32]",
            "$[tag33]",
            "$[tag34]",
            "$[tag35]",
            "$[tag36]",
            "$[tag37]",
            "$[tag38]",
            "$[tag39]",
            "$[tag40]",
            "$[tag41]",
            "$[tag42]",
            "$[43]",
            "$[44]",
            "$[45]",
            "$[46]",
            "$[47]",
            "$[48]"
          ],
          "getLatestValueWithTs": false
        },
        "additionalInfo": {
          "description": "",
          "layoutX": 1479,
          "layoutY": 544
        }
      },
      {
        "type": "org.thingsboard.rule.engine.transform.TbTransformMsgNode",
        "name": "check time",
        "debugMode": true,
        "singletonMode": false,
        "queueName": null,
        "configurationVersion": 0,
        "configuration": {
          "scriptLang": "JS",
          "jsScript": "// Inactivity threshold: 5 minutes\r\nvar INACTIVE_THRESHOLD = 5 * 60 * 1000; // 300,000 ms\r\n\r\nvar reboot = [];\r\nvar now = Date.now();\r\n\r\nfor (var key in msg) {\r\n    if (!msg.hasOwnProperty(key)) continue;\r\n\r\n    if (key.startsWith(\"InactiveTs_\")) {\r\n\r\n        var ts = Number(msg[key]); // 👈 direct number\r\n\r\n        if (!isNaN(ts) && (now - ts >= INACTIVE_THRESHOLD)) {\r\n            reboot.push(key.substring(\"InactiveTs_\".length));\r\n        }\r\n    }\r\n}\r\n\r\n// ✅ If you only want reboot devices\r\nreturn {\r\n    msg: {\r\n        rebootDevices: reboot\r\n    },\r\n    metadata: metadata,\r\n    msgType: msgType\r\n};\r\n",
          "tbelScript": "return {msg: msg, metadata: metadata, msgType: msgType};"
        },
        "additionalInfo": {
          "description": "",
          "layoutX": 1758,
          "layoutY": 550
        }
      },
      {
        "type": "org.thingsboard.rule.engine.transform.TbTransformMsgNode",
        "name": "Set Tag Msg",
        "debugMode": true,
        "singletonMode": false,
        "queueName": null,
        "configurationVersion": 0,
        "configuration": {
          "scriptLang": "JS",
          "jsScript": "var newMsg = {};\r\nvar tag = 0;\r\n\r\n// inactiveDevices is an array\r\nvar inactiveList = msg.inactiveDevices || [];\r\n\r\nfor (var i = 0; i < inactiveList.length; i++) {\r\n    var device = inactiveList[i];\r\n\r\n    if (!device || !device.name) continue;\r\n\r\n    tag++;\r\n    newMsg[\"tag\" + tag] = \"InactiveTs_\" + device.name;\r\n}\r\n\r\n// Attach result safely\r\nmsg.deviceTags = newMsg;\r\nreturn { msg: newMsg, metadata: metadata, msgType: msgType };\r\n",
          "tbelScript": "return {msg: msg, metadata: metadata, msgType: msgType};"
        },
        "additionalInfo": {
          "description": "",
          "layoutX": 1182,
          "layoutY": 543
        }
      },
      {
        "type": "org.thingsboard.rule.engine.telemetry.TbMsgTimeseriesNode",
        "name": "Save Timeseries",
        "debugMode": true,
        "singletonMode": false,
        "queueName": null,
        "configurationVersion": 0,
        "configuration": {
          "defaultTTL": 0
        },
        "additionalInfo": {
          "description": null,
          "layoutX": 2518,
          "layoutY": 549
        }
      },
      {
        "type": "org.thingsboard.rule.engine.metadata.TbGetAttributesNode",
        "name": "Device State",
        "debugMode": true,
        "singletonMode": false,
        "queueName": null,
        "configurationVersion": 1,
        "configuration": {
          "tellFailureIfAbsent": true,
          "fetchTo": "DATA",
          "clientAttributeNames": [],
          "sharedAttributeNames": [],
          "serverAttributeNames": [],
          "latestTsKeyNames": [
            "InactiveTs_Taylors MSB DPM 1 & 2"
          ],
          "getLatestValueWithTs": false
        },
        "additionalInfo": {
          "description": "",
          "layoutX": 567,
          "layoutY": 633
        }
      },
      {
        "type": "org.thingsboard.rule.engine.transform.TbChangeOriginatorNode",
        "name": "taylorReboot",
        "debugMode": false,
        "singletonMode": false,
        "queueName": null,
        "configurationVersion": 1,
        "configuration": {
          "originatorSource": "ENTITY",
          "preserveOriginatorIfCustomer": false,
          "entityType": "DEVICE",
          "entityNamePattern": "taylorReboot",
          "relationsQuery": {
            "direction": "FROM",
            "maxLevel": 1,
            "filters": [
              {
                "relationType": "Contains",
                "entityTypes": [],
                "negate": false
              }
            ],
            "fetchLastLevelOnly": false
          }
        },
        "additionalInfo": {
          "description": "",
          "layoutX": 2265,
          "layoutY": 548
        }
      },
      {
        "type": "org.thingsboard.rule.engine.transform.TbTransformMsgNode",
        "name": "check time",
        "debugMode": true,
        "singletonMode": false,
        "queueName": null,
        "configurationVersion": 0,
        "configuration": {
          "scriptLang": "JS",
          "jsScript": "// Inactivity threshold: 5 minutes\r\nvar INACTIVE_THRESHOLD = 5 * 60 * 1000; // 300,000 ms\r\n\r\nvar reboot = [];\r\nvar now = Date.now();\r\n\r\nfor (var key in msg) {\r\n    if (!msg.hasOwnProperty(key)) continue;\r\n\r\n    // ✅ Correct case\r\n    if (key.startsWith(\"InactiveTs_\")) {\r\n\r\n        var entry = msg[key];\r\n\r\n        // Ensure correct structure\r\n        if (entry && typeof entry === \"object\" && typeof entry.value === \"number\") {\r\n\r\n            var ts = entry.value;\r\n\r\n            if (now - ts >= INACTIVE_THRESHOLD) {\r\n                reboot.push(key.replace(\"InactiveTs_\", \"\"));\r\n            }\r\n        }\r\n    }\r\n}\r\n\r\n// Attach result safely\r\nmsg.rebootDevices = reboot;\r\nreturn {msg: msg, metadata: metadata, msgType: msgType};\r\n",
          "tbelScript": "return {msg: msg, metadata: metadata, msgType: msgType};"
        },
        "additionalInfo": {
          "description": "",
          "layoutX": 1767,
          "layoutY": 462
        }
      },
      {
        "type": "org.thingsboard.rule.engine.rest.TbRestApiCallNode",
        "name": "call",
        "debugMode": true,
        "singletonMode": false,
        "queueName": null,
        "configurationVersion": 3,
        "configuration": {
          "restEndpointUrlPattern": "http://100.118.155.40/api/reboot",
          "requestMethod": "POST",
          "useSimpleClientHttpFactory": false,
          "parseToPlainText": false,
          "ignoreRequestBody": false,
          "enableProxy": false,
          "useSystemProxyProperties": false,
          "proxyScheme": null,
          "proxyHost": null,
          "proxyPort": 0,
          "proxyUser": null,
          "proxyPassword": null,
          "readTimeoutMs": 0,
          "maxParallelRequestsCount": 0,
          "headers": {
            "Content-Type": "application/json"
          },
          "credentials": {
            "type": "anonymous"
          },
          "maxInMemoryBufferSizeInKb": 256
        },
        "additionalInfo": {
          "description": "",
          "layoutX": 2286,
          "layoutY": 634
        }
      }
    ],
    "connections": [
      {
        "fromIndex": 0,
        "toIndex": 1,
        "type": "Activity Event"
      },
      {
        "fromIndex": 0,
        "toIndex": 1,
        "type": "Inactivity Event"
      },
      {
        "fromIndex": 1,
        "toIndex": 3,
        "type": "Success"
      },
      {
        "fromIndex": 2,
        "toIndex": 9,
        "type": "Success"
      },
      {
        "fromIndex": 3,
        "toIndex": 5,
        "type": "Success"
      },
      {
        "fromIndex": 4,
        "toIndex": 6,
        "type": "Success"
      },
      {
        "fromIndex": 5,
        "toIndex": 4,
        "type": "Failure"
      },
      {
        "fromIndex": 5,
        "toIndex": 7,
        "type": "Success"
      },
      {
        "fromIndex": 6,
        "toIndex": 2,
        "type": "Success"
      },
      {
        "fromIndex": 7,
        "toIndex": 8,
        "type": "Success"
      },
      {
        "fromIndex": 8,
        "toIndex": 6,
        "type": "Success"
      },
      {
        "fromIndex": 9,
        "toIndex": 11,
        "type": "Success"
      },
      {
        "fromIndex": 11,
        "toIndex": 12,
        "type": "Failure"
      },
      {
        "fromIndex": 11,
        "toIndex": 12,
        "type": "Success"
      },
      {
        "fromIndex": 12,
        "toIndex": 10,
        "type": "Success"
      },
      {
        "fromIndex": 13,
        "toIndex": 14,
        "type": "Success"
      },
      {
        "fromIndex": 14,
        "toIndex": 15,
        "type": "Success"
      },
      {
        "fromIndex": 15,
        "toIndex": 19,
        "type": "Success"
      },
      {
        "fromIndex": 16,
        "toIndex": 22,
        "type": "Success"
      },
      {
        "fromIndex": 16,
        "toIndex": 24,
        "type": "Success"
      },
      {
        "fromIndex": 17,
        "toIndex": 18,
        "type": "Failure"
      },
      {
        "fromIndex": 17,
        "toIndex": 18,
        "type": "Success"
      },
      {
        "fromIndex": 18,
        "toIndex": 16,
        "type": "Success"
      },
      {
        "fromIndex": 19,
        "toIndex": 17,
        "type": "Success"
      },
      {
        "fromIndex": 22,
        "toIndex": 20,
        "type": "Success"
      }
    ],
    "ruleChainConnections": null
  }
}