{
  "ruleChain": {
    "name": "Taylor",
    "type": "CORE",
    "firstRuleNodeId": null,
    "root": false,
    "debugMode": false,
    "configuration": null,
    "additionalInfo": {
      "description": ""
    }
  },
  "metadata": {
    "version": 48,
    "firstNodeIndex": 8,
    "nodes": [
      {
        "type": "org.thingsboard.rule.engine.telemetry.TbMsgAttributesNode",
        "name": "Save Attributes",
        "debugMode": true,
        "singletonMode": false,
        "queueName": null,
        "configurationVersion": 2,
        "configuration": {
          "scope": "CLIENT_SCOPE",
          "notifyDevice": false,
          "updateAttributesOnlyOnValueChange": false,
          "sendAttributesUpdatedNotification": false
        },
        "additionalInfo": {
          "description": null,
          "layoutX": 954,
          "layoutY": 202
        }
      },
      {
        "type": "org.thingsboard.rule.engine.filter.TbMsgTypeSwitchNode",
        "name": "Message Type Switch",
        "debugMode": true,
        "singletonMode": false,
        "queueName": null,
        "configurationVersion": 0,
        "configuration": {
          "version": 0
        },
        "additionalInfo": {
          "description": null,
          "layoutX": 482,
          "layoutY": 370
        }
      },
      {
        "type": "org.thingsboard.rule.engine.action.TbLogNode",
        "name": "Log RPC from Device",
        "debugMode": true,
        "singletonMode": false,
        "queueName": null,
        "configurationVersion": 0,
        "configuration": {
          "jsScript": "return '\\nIncoming message:\\n' + JSON.stringify(msg) + '\\nIncoming metadata:\\n' + JSON.stringify(metadata);"
        },
        "additionalInfo": {
          "description": null,
          "layoutX": 1087,
          "layoutY": 334
        }
      },
      {
        "type": "org.thingsboard.rule.engine.action.TbLogNode",
        "name": "Log Other",
        "debugMode": true,
        "singletonMode": false,
        "queueName": null,
        "configurationVersion": 0,
        "configuration": {
          "jsScript": "return '\\nIncoming message:\\n' + JSON.stringify(msg) + '\\nIncoming metadata:\\n' + JSON.stringify(metadata);"
        },
        "additionalInfo": {
          "description": null,
          "layoutX": 1034,
          "layoutY": 266
        }
      },
      {
        "type": "org.thingsboard.rule.engine.rpc.TbSendRPCRequestNode",
        "name": "RPC Call Request",
        "debugMode": false,
        "singletonMode": false,
        "queueName": null,
        "configurationVersion": 0,
        "configuration": {
          "timeoutInSeconds": 60
        },
        "additionalInfo": {
          "layoutX": 1099,
          "layoutY": 396
        }
      },
      {
        "type": "org.thingsboard.rule.engine.filter.TbOriginatorTypeFilterNode",
        "name": "Is Entity Group",
        "debugMode": true,
        "singletonMode": false,
        "queueName": null,
        "configurationVersion": 0,
        "configuration": {
          "originatorTypes": [
            "ENTITY_GROUP"
          ]
        },
        "additionalInfo": {
          "description": null,
          "layoutX": 192,
          "layoutY": 371
        }
      },
      {
        "type": "org.thingsboard.rule.engine.filter.TbMsgTypeFilterNode",
        "name": "Post attributes or RPC request",
        "debugMode": true,
        "singletonMode": false,
        "queueName": null,
        "configurationVersion": 0,
        "configuration": {
          "messageTypes": [
            "POST_ATTRIBUTES_REQUEST",
            "RPC_CALL_FROM_SERVER_TO_DEVICE"
          ]
        },
        "additionalInfo": {
          "description": null,
          "layoutX": 415,
          "layoutY": 206
        }
      },
      {
        "type": "org.thingsboard.rule.engine.transform.TbDuplicateMsgToGroupNode",
        "name": "Duplicate To Group Entities",
        "debugMode": true,
        "singletonMode": false,
        "queueName": null,
        "configurationVersion": 1,
        "configuration": {
          "entityGroupId": null,
          "entityGroupIsMessageOriginator": true
        },
        "additionalInfo": {
          "description": null,
          "layoutX": 666,
          "layoutY": 203
        }
      },
      {
        "type": "org.thingsboard.rule.engine.profile.TbDeviceProfileNode",
        "name": "Device Profile Node",
        "debugMode": true,
        "singletonMode": false,
        "queueName": null,
        "configurationVersion": 1,
        "configuration": {
          "persistAlarmRulesState": false,
          "fetchAlarmRulesStateOnStart": false
        },
        "additionalInfo": {
          "description": "Process incoming messages from devices with the alarm rules defined in the device profile. Dispatch all incoming messages with \"Success\" relation type.",
          "layoutX": 129,
          "layoutY": 237
        }
      },
      {
        "type": "org.thingsboard.rule.engine.telemetry.TbMsgTimeseriesNode",
        "name": "save",
        "debugMode": true,
        "singletonMode": false,
        "queueName": null,
        "configurationVersion": 0,
        "configuration": {
          "defaultTTL": 0,
          "skipLatestPersistence": false,
          "useServerTs": false
        },
        "additionalInfo": {
          "description": "",
          "layoutX": 948,
          "layoutY": 558
        }
      },
      {
        "type": "org.thingsboard.rule.engine.action.TbLogNode",
        "name": "Log RPC from Device",
        "debugMode": true,
        "singletonMode": false,
        "queueName": null,
        "configurationVersion": 0,
        "configuration": {
          "jsScript": "return '\\nIncoming message:\\n' + JSON.stringify(msg) + '\\nIncoming metadata:\\n' + JSON.stringify(metadata);"
        },
        "additionalInfo": {
          "description": null,
          "layoutX": 1148,
          "layoutY": 474
        }
      },
      {
        "type": "org.thingsboard.rule.engine.filter.TbJsFilterNode",
        "name": "Filter Flowmeter",
        "debugMode": true,
        "singletonMode": false,
        "queueName": null,
        "configurationVersion": 0,
        "configuration": {
          "scriptLang": "TBEL",
          "jsScript": "return msg.temperature > 20;",
          "tbelScript": "if (metadata.deviceName == \"Taylor's Flowmeter: Block A (and B)\"\n    ||metadata.deviceName == \"Taylor's Flowmeter: Block E\"\n    ||metadata.deviceName == \"Taylor's Flowmeter: Block C\"\n    ||metadata.deviceName == \"Taylor's Flowmeter: Block D\"\n    ||metadata.deviceName == \"Taylor's Flowmeter: Cooling Tower\"){\n    return true;\n}else{\n    return false;\n    \n}\n"
        },
        "additionalInfo": {
          "description": "",
          "layoutX": 496,
          "layoutY": 478
        }
      },
      {
        "type": "org.thingsboard.rule.engine.flow.TbRuleChainInputNode",
        "name": "Convert flowmeter value",
        "debugMode": true,
        "singletonMode": false,
        "queueName": null,
        "configurationVersion": 1,
        "configuration": {
          "forwardMsgToDefaultRuleChain": false,
          "ruleChainId": "42d58ae0-5dff-11f0-8150-1ffa4442f0c7"
        },
        "additionalInfo": {
          "description": "",
          "layoutX": 487,
          "layoutY": 545
        }
      },
      {
        "type": "org.thingsboard.rule.engine.filter.TbJsFilterNode",
        "name": "Filter DPM",
        "debugMode": true,
        "singletonMode": false,
        "queueName": null,
        "configurationVersion": 0,
        "configuration": {
          "scriptLang": "TBEL",
          "jsScript": "return msg.temperature > 20;",
          "tbelScript": "if (metadata.deviceName == \"Taylors MSB DPM 3 & 4\"\n    ||metadata.deviceName == \"Taylors MSB DPM 1 & 2\"){\n    return true;\n}else{\n    return false;\n    \n}\n"
        },
        "additionalInfo": {
          "description": "",
          "layoutX": 262,
          "layoutY": 475
        }
      },
      {
        "type": "org.thingsboard.rule.engine.flow.TbRuleChainInputNode",
        "name": "Convert DPM value",
        "debugMode": true,
        "singletonMode": false,
        "queueName": null,
        "configurationVersion": 1,
        "configuration": {
          "forwardMsgToDefaultRuleChain": false,
          "ruleChainId": "67b5f620-7668-11f0-8150-1ffa4442f0c7"
        },
        "additionalInfo": {
          "description": "",
          "layoutX": 253,
          "layoutY": 542
        }
      },
      {
        "type": "org.thingsboard.rule.engine.flow.TbRuleChainInputNode",
        "name": "Taylor_Device_inactive(reboot)",
        "debugMode": true,
        "singletonMode": false,
        "queueName": null,
        "configurationVersion": 1,
        "configuration": {
          "forwardMsgToDefaultRuleChain": false,
          "ruleChainId": "c9b84a40-fb32-11f0-a38e-e56ade1a22b0"
        },
        "additionalInfo": {
          "description": "",
          "layoutX": 711,
          "layoutY": 621
        }
      }
    ],
    "connections": [
      {
        "fromIndex": 1,
        "toIndex": 0,
        "type": "Post attributes"
      },
      {
        "fromIndex": 1,
        "toIndex": 2,
        "type": "RPC Request from Device"
      },
      {
        "fromIndex": 1,
        "toIndex": 3,
        "type": "Other"
      },
      {
        "fromIndex": 1,
        "toIndex": 4,
        "type": "RPC Request to Device"
      },
      {
        "fromIndex": 1,
        "toIndex": 9,
        "type": "Post telemetry"
      },
      {
        "fromIndex": 1,
        "toIndex": 10,
        "type": "Activity Event"
      },
      {
        "fromIndex": 1,
        "toIndex": 10,
        "type": "Inactivity Event"
      },
      {
        "fromIndex": 1,
        "toIndex": 11,
        "type": "Post telemetry"
      },
      {
        "fromIndex": 1,
        "toIndex": 13,
        "type": "Post telemetry"
      },
      {
        "fromIndex": 1,
        "toIndex": 15,
        "type": "Activity Event"
      },
      {
        "fromIndex": 1,
        "toIndex": 15,
        "type": "Inactivity Event"
      },
      {
        "fromIndex": 5,
        "toIndex": 1,
        "type": "False"
      },
      {
        "fromIndex": 5,
        "toIndex": 6,
        "type": "True"
      },
      {
        "fromIndex": 6,
        "toIndex": 1,
        "type": "False"
      },
      {
        "fromIndex": 6,
        "toIndex": 7,
        "type": "True"
      },
      {
        "fromIndex": 7,
        "toIndex": 1,
        "type": "Success"
      },
      {
        "fromIndex": 8,
        "toIndex": 5,
        "type": "Success"
      },
      {
        "fromIndex": 11,
        "toIndex": 12,
        "type": "True"
      },
      {
        "fromIndex": 13,
        "toIndex": 14,
        "type": "True"
      }
    ],
    "ruleChainConnections": null
  }
}