{
  "ruleChain": {
    "name": "DPM Rule Chain",
    "type": "CORE",
    "firstRuleNodeId": null,
    "root": false,
    "debugMode": true,
    "configuration": null,
    "additionalInfo": {
      "description": ""
    }
  },
  "metadata": {
    "version": 19,
    "firstNodeIndex": 2,
    "nodes": [
      {
        "type": "org.thingsboard.rule.engine.transform.TbTransformMsgNode",
        "name": "IEEE754 Hex to Float Converter",
        "debugSettings": {
          "failuresEnabled": true,
          "allEnabled": false,
          "allEnabledUntil": 1765331666922
        },
        "singletonMode": false,
        "queueName": null,
        "configurationVersion": 0,
        "configuration": {
          "scriptLang": "JS",
          "jsScript": "function swap(val) {\r\n    return ((val & 0xFFFF) << 16) | ((val >> 16) & 0xFFFF);\r\n}\r\n\r\nfunction IEEE754converter(val) {\r\n    var intval = val;\r\n    var fval = 0.0;\r\n    var x;//exponent\r\n    var m;//mantissa\r\n    var s;//sign\r\n    s = (intval & 0x80000000)?-1:1;\r\n    x = ((intval >> 23) & 0xFF);\r\n    m = (intval & 0x7FFFFF);\r\n    switch(x) {\r\n        case 0:\r\n            //zero, do nothing, ignore negative zero and subnormals\r\n            break;\r\n        case 0xFF:\r\n            if (m) fval = NaN;\r\n            else if (s > 0) fval = Number.POSITIVE_INFINITY;\r\n            else fval = Number.NEGATIVE_INFINITY;\r\n            break;\r\n        default:\r\n            x -= 127;\r\n            m += 0x800000;\r\n            fval = s * (m / 8388608.0) * Math.pow(2, x);\r\n            break;\r\n    }\r\n    return fval.toFixed(2);\r\n}\r\n\r\nif (typeof msg.pf1 !== 'undefined' && msg.pf1 !== 4290772992) {\r\n    var pfx1 = IEEE754converter(msg.pf1);\r\n    msg[\"Power Factor 1\"] = parseFloat(pfx1);\r\n}\r\nif (typeof msg.pf2 !== 'undefined' && msg.pf2 !== 4290772992) {\r\n    var pfx2 = IEEE754converter(msg.pf2);\r\n    msg[\"Power Factor 2\"] = parseFloat(pfx2);\r\n}\r\nif (typeof msg.pf3 !== 'undefined' && msg.pf3 !== 4290772992) {\r\n    var pfx3 = IEEE754converter(msg.pf3);\r\n    msg[\"Power Factor 3\"] = parseFloat(pfx3);\r\n}\r\nif (typeof msg.pf4 !== 'undefined' && msg.pf4 !== 4290772992) {\r\n    var pfx4 = IEEE754converter(msg.pf4);\r\n    msg[\"Power Factor 4\"] = parseFloat(pfx4);\r\n}\r\nif (typeof msg.pf5 !== 'undefined' && msg.pf5 !== 4290772992) {\r\n    var pfx5 = IEEE754converter(msg.pf5);\r\n    msg[\"Power Factor 5\"] = parseFloat(pfx5);\r\n}\r\nif (typeof msg.pf6 !== 'undefined' && msg.pf6 !== 4290772992) {\r\n    var pfx6 = IEEE754converter(msg.pf6);\r\n    msg[\"Power Factor 6\"] = parseFloat(pfx6);\r\n}\r\nif (typeof msg.amp1 !== 'undefined') {\r\n    var i1 = IEEE754converter(msg.amp1);\r\n    msg[\"Current 1 (A)\"] = parseFloat(i1);\r\n    msg[\"Raw Current 1 (A)\"] = parseFloat(i1);\r\n}\r\nif (typeof msg.amp2 !== 'undefined') {\r\n    var i2 = IEEE754converter(msg.amp2);\r\n    msg[\"Current 2 (A)\"] = parseFloat(i2);\r\n    msg[\"Raw Current 2 (A)\"] = parseFloat(i2);\r\n}\r\nif (typeof msg.amp3 !== 'undefined') {\r\n    var i3 = IEEE754converter(msg.amp3);\r\n    msg[\"Current 3 (A)\"] = parseFloat(i3);\r\n    msg[\"Raw Current 3 (A)\"] = parseFloat(i3);\r\n}\r\nif (typeof msg.amp4 !== 'undefined') {\r\n    var i4 = IEEE754converter(msg.amp4);\r\n    msg[\"Current 4 (A)\"] = parseFloat(i4);\r\n}\r\nif (typeof msg.amp5 !== 'undefined') {\r\n    var i5 = IEEE754converter(msg.amp5);\r\n    msg[\"Current 5 (A)\"] = parseFloat(i5);\r\n}\r\nif (typeof msg.amp5a !== 'undefined') {\r\n    var i5a = IEEE754converter(msg.amp5a);\r\n    msg[\"Current 5a (A)\"] = parseFloat(i5a);\r\n}\r\nif (typeof msg.amp5b !== 'undefined') {\r\n    var i5b = IEEE754converter(msg.amp5b);\r\n    msg[\"Current 5b (A)\"] = parseFloat(i5b);\r\n}\r\nif (typeof msg.amp5c !== 'undefined') {\r\n    var i5c = IEEE754converter(msg.amp5c);\r\n    msg[\"Current 5c (A)\"] = parseFloat(i5c);\r\n}\r\nif (typeof msg.amp5g !== 'undefined') {\r\n    var i5g = IEEE754converter(msg.amp5g);\r\n    msg[\"Current 5g (A)\"] = parseFloat(i5g);\r\n}\r\nif (typeof msg.amp5n !== 'undefined') {\r\n    var i5n = IEEE754converter(msg.amp5n);\r\n    msg[\"Current 5n (A)\"] = parseFloat(i5n);\r\n}\r\nif (typeof msg.amp6 !== 'undefined') {\r\n    var i6 = IEEE754converter(msg.amp6);\r\n    msg[\"Current 6 (A)\"] = parseFloat(i6);\r\n}\r\nif (typeof msg.amp6a !== 'undefined') {\r\n    var i6a = IEEE754converter(msg.amp6a);\r\n    msg[\"Current 6A (A)\"] = parseFloat(i6a);\r\n}\r\nif (typeof msg.amp6b !== 'undefined') {\r\n    var i6b = IEEE754converter(msg.amp6b);\r\n    msg[\"Current 6B (A)\"] = parseFloat(i6b);\r\n}\r\nif (typeof msg.amp6c !== 'undefined') {\r\n    var i6c = IEEE754converter(msg.amp6c);\r\n    msg[\"Current 6C (A)\"] = parseFloat(i6c);\r\n}\r\nif (typeof msg.UnbAmpA !== 'undefined') {\r\n    var i6uA = IEEE754converter(msg.UnbAmpA);\r\n    msg[\"Current Unb 6A (%)\"] = parseFloat(i6uA);\r\n}\r\nif (typeof msg.UnbAmpB !== 'undefined') {\r\n    var i6uB = IEEE754converter(msg.UnbAmpB);\r\n    msg[\"Current Unb 6B (%)\"] = parseFloat(i6uB);\r\n}\r\nif (typeof msg.UnbAmpC !== 'undefined') {\r\n    var i6uC = IEEE754converter(msg.UnbAmpC);\r\n    msg[\"Current Unb 6C (%)\"] = parseFloat(i6uC);\r\n}\r\n/* if (typeof msg.phA !== 'undefined') {\r\n    var ph6A = IEEE754converter(msg.phA);\r\n    msg[\"Phase 6A (deg)\"] = parseFloat(ph6A);\r\n}\r\nif (typeof msg.phB !== 'undefined') {\r\n    var ph6B = IEEE754converter(msg.phB);\r\n    msg[\"Phase 6B (deg)\"] = parseFloat(ph6B);\r\n}\r\nif (typeof msg.phC !== 'undefined') {\r\n    var ph6C = IEEE754converter(msg.phC);\r\n    msg[\"Phase 6C (deg)\"] = parseFloat(ph6C);\r\n} */\r\nif (typeof msg.volt1 !== 'undefined') {\r\n    var v1 = IEEE754converter(msg.volt1);\r\n    msg[\"Voltage 1 (V)\"] = parseFloat(v1);\r\n    msg[\"Raw Voltage 1 (V)\"] = parseFloat(v1);\r\n}\r\nif (typeof msg.volt2 !== 'undefined') {\r\n    var v2 = IEEE754converter(msg.volt2);\r\n    msg[\"Voltage 2 (V)\"] = parseFloat(v2);\r\n    msg[\"Raw Voltage 2 (V)\"] = parseFloat(v2);\r\n}\r\nif (typeof msg.volt3 !== 'undefined') {\r\n    var v3 = IEEE754converter(msg.volt3);\r\n    msg[\"Voltage 3 (V)\"] = parseFloat(v3);\r\n    msg[\"Raw Voltage 3 (V)\"] = parseFloat(v3);\r\n}\r\nif (typeof msg.volt4 !== 'undefined') {\r\n    var v4 = IEEE754converter(msg.volt4);\r\n    msg[\"Voltage 4 (V)\"] = parseFloat(v4);\r\n}\r\nif (typeof msg.volt5 !== 'undefined') {\r\n    var v5 = IEEE754converter(msg.volt5);\r\n    msg[\"Voltage 5 (V)\"] = parseFloat(v5);\r\n}\r\nif (typeof msg.volt6 !== 'undefined') {\r\n    var v6 = IEEE754converter(msg.volt6);\r\n    msg[\"Voltage 6 (V)\"] = parseFloat(v6);\r\n}\r\nif (typeof msg.volt6ab !== 'undefined') {\r\n    var v6ab = IEEE754converter(msg.volt6ab);\r\n    msg[\"Voltage 6AB (V)\"] = parseFloat(v6ab);\r\n}\r\nif (typeof msg.volt6an !== 'undefined') {\r\n    var v6an = IEEE754converter(msg.volt6an);\r\n    msg[\"Voltage 6AN (V)\"] = parseFloat(v6an);\r\n}\r\nif (typeof msg.volt6n !== 'undefined') {\r\n    var v6n = IEEE754converter(msg.volt6n);\r\n    msg[\"Voltage 6N (V)\"] = parseFloat(v6n);\r\n}\r\nif (typeof msg.pwr1 !== 'undefined') {\r\n    var p1 = IEEE754converter(msg.pwr1);\r\n    msg[\"Power 1 (kW)\"] = parseFloat(p1);\r\n    msg[\"Raw Power 1 (kW)\"] = parseFloat(p1);\r\n}\r\nif (typeof msg.pwr2 !== 'undefined') {\r\n    var p2 = IEEE754converter(msg.pwr2);\r\n    msg[\"Power 2 (kW)\"] = parseFloat(p2);\r\n    msg[\"Raw Power 2 (kW)\"] = parseFloat(p2);\r\n}\r\nif (typeof msg.pwr3 !== 'undefined') {\r\n    var p3 = IEEE754converter(msg.pwr3);\r\n    msg[\"Power 3 (kW)\"] = parseFloat(p3);\r\n    msg[\"Raw Power 3 (kW)\"] = parseFloat(p3);\r\n}\r\nif (typeof msg.pwr4 !== 'undefined') {\r\n    var p4 = IEEE754converter(msg.pwr4);\r\n    msg[\"Power 4 (kW)\"] = parseFloat(p4);\r\n}\r\nif (typeof msg.pwr5 !== 'undefined') {\r\n    var p5 = IEEE754converter(msg.pwr5);\r\n    msg[\"Power 5 (kW)\"] = parseFloat(p5);\r\n}\r\nif (typeof msg.pwr5a !== 'undefined') {\r\n    var p5a = IEEE754converter(msg.pwr5a);\r\n    msg[\"Power 5A (kW)\"] = parseFloat(p5a);\r\n}\r\nif (typeof msg.pwr5b !== 'undefined') {\r\n    var p5b = IEEE754converter(msg.pwr5b);\r\n    msg[\"Power 5B (kW)\"] = parseFloat(p5b);\r\n}\r\nif (typeof msg.pwr5c !== 'undefined') {\r\n    var p5c = IEEE754converter(msg.pwr5c);\r\n    msg[\"Power 5C (kW)\"] = parseFloat(p5c);\r\n}\r\nif (typeof msg.pwr5R !== 'undefined') {\r\n    var p5R = IEEE754converter(msg.pwr5R);\r\n    msg[\"Power Reactive 5 (kVAR)\"] = parseFloat(p5R);\r\n}\r\nif (typeof msg.pwr5A !== 'undefined') {\r\n    var p5A = IEEE754converter(msg.pwr5A);\r\n    msg[\"Power Apparent 5 (kVA)\"] = parseFloat(p5A);\r\n}\r\nif (typeof msg.pwr6R !== 'undefined') {\r\n    var p6R = IEEE754converter(msg.pwr6R);\r\n    msg[\"Power Reactive 6 (kVAR)\"] = parseFloat(p6R);\r\n}\r\nif (typeof msg.pwr5A !== 'undefined') {\r\n    var p6A = IEEE754converter(msg.pwr6A);\r\n    msg[\"Power Apparent 6 (kVA)\"] = parseFloat(p6A);\r\n}\r\nif (typeof msg.pwr6 !== 'undefined') {\r\n    var p6 = IEEE754converter(msg.pwr6);\r\n    msg[\"Power 6 (kW)\"] = parseFloat(p6);\r\n}\r\nif (typeof msg.pwr6a !== 'undefined') {\r\n    var p6a = IEEE754converter(msg.pwr6a);\r\n    msg[\"Power 6A (kW)\"] = parseFloat(p6a);\r\n}\r\nif (typeof msg.pwr6b !== 'undefined') {\r\n    var p6b = IEEE754converter(msg.pwr6b);\r\n    msg[\"Power 6B (kW)\"] = parseFloat(p6b);\r\n}\r\nif (typeof msg.pwr6c !== 'undefined') {\r\n    var p6c = IEEE754converter(msg.pwr6c);\r\n    msg[\"Power 6C (kW)\"] = parseFloat(p6c);\r\n}\r\nif (typeof msg.energy1 !== 'undefined') {\r\n    var e1 = IEEE754converter(msg.energy1);\r\n    msg[\"Energy 1 (kWh)\"] = parseFloat(e1);\r\n}\r\nif (typeof msg.energy2 !== 'undefined') {\r\n    var e2 = IEEE754converter(msg.energy2);\r\n    msg[\"Energy 2 (kWh)\"] = parseFloat(e2);\r\n}\r\nif (typeof msg.energy3 !== 'undefined') {\r\n    var e3 = IEEE754converter(msg.energy3);\r\n    msg[\"Energy 3 (kWh)\"] = parseFloat(e3);\r\n}\r\nif (typeof msg.energy4 !== 'undefined') {\r\n    var e4 = IEEE754converter(msg.energy4);\r\n    msg[\"Energy 4 (kWh)\"] = parseFloat(e4);\r\n}\r\nif (typeof msg.energy5 !== 'undefined') {\r\n    var e5 = IEEE754converter(msg.energy5);\r\n    msg[\"Energy 5 (kWh)\"] = parseFloat(e5);\r\n}\r\nif (typeof msg.energy6 !== 'undefined') {\r\n    var e6 = IEEE754converter(msg.energy6);\r\n    msg[\"Energy 6 (kWh)\"] = parseFloat(e6);\r\n}\r\nif (typeof msg.md1 !== 'undefined' && msg.md1 !== 4290772992) {\r\n    var m1 = IEEE754converter(msg.md1);\r\n    msg[\"Max Demand 1 (kW)\"] = parseFloat(m1);\r\n}\r\nif (typeof msg.md2 !== 'undefined' && msg.md2 !== 4290772992) {\r\n    var m2 = IEEE754converter(msg.md2);\r\n    msg[\"Max Demand 2 (kW)\"] = parseFloat(m2);\r\n}\r\nif (typeof msg.md3 !== 'undefined' && msg.md3 !== 4290772992) {\r\n    var m3 = IEEE754converter(msg.md3);\r\n    msg[\"Max Demand 3 (kW)\"] = parseFloat(m3);\r\n}\r\nif (typeof msg.md4 !== 'undefined' && msg.md4 !== 4290772992) {\r\n    var m4 = IEEE754converter(msg.md4);\r\n    msg[\"Max Demand 4 (kW)\"] = parseFloat(m4);\r\n}\r\nif (typeof msg.md5 !== 'undefined' && msg.md5 !== 4290772992) {\r\n    var m5 = IEEE754converter(msg.md5);\r\n    msg[\"Max Demand 5 (kW)\"] = parseFloat(m5);\r\n}\r\nif (typeof msg.md6 !== 'undefined' && msg.md6 !== 4290772992) {\r\n    var m6 = IEEE754converter(msg.md6);\r\n    msg[\"Max Demand 6 (kW)\"] = parseFloat(m6);\r\n}\r\nif (typeof msg.mdt1 !== 'undefined' && msg.mdt1 !== 4294967295) {\r\n    msg[\"Max Demand Time 1\"] = msg.mdt1;\r\n}\r\nif (typeof msg.mdt2 !== 'undefined' && msg.mdt2 !== 4294967295) {\r\n    msg[\"Max Demand Time 2\"] = msg.mdt2;\r\n}\r\nif (typeof msg.mdt3 !== 'undefined' && msg.mdt3 !== 4294967295) {\r\n    msg[\"Max Demand Time 3\"] = msg.mdt3;\r\n}\r\nif (typeof msg.mdt4 !== 'undefined' && msg.mdt4 !== 4294967295) {\r\n    msg[\"Max Demand Time 4\"] = msg.mdt4;\r\n}\r\nif (typeof msg.mdt5 !== 'undefined' && msg.mdt5 !== 4294967295) {\r\n    msg[\"Max Demand Time 5\"] = msg.mdt5;\r\n}\r\nif (typeof msg.mdt6 !== 'undefined' && msg.mdt6 !== 4294967295) {\r\n    msg[\"Max Demand Time 6\"] = msg.mdt6;\r\n}\r\n\r\nreturn {msg: msg, metadata: metadata, msgType: msgType};",
          "tbelScript": null
        },
        "additionalInfo": {
          "description": "",
          "layoutX": 692,
          "layoutY": 152
        }
      },
      {
        "type": "org.thingsboard.rule.engine.rest.TbRestApiCallNode",
        "name": "Send to SCM",
        "debugSettings": {
          "failuresEnabled": true,
          "allEnabled": false,
          "allEnabledUntil": 1745200422554
        },
        "singletonMode": false,
        "queueName": null,
        "configurationVersion": 3,
        "configuration": {
          "restEndpointUrlPattern": "https://scmboard.com/api/v1/${deviceName}/telemetry",
          "requestMethod": "POST",
          "useSimpleClientHttpFactory": false,
          "ignoreRequestBody": false,
          "enableProxy": false,
          "useSystemProxyProperties": false,
          "proxyScheme": null,
          "proxyHost": null,
          "proxyPort": 0,
          "proxyUser": null,
          "proxyPassword": null,
          "readTimeoutMs": 0,
          "maxParallelRequestsCount": 0,
          "headers": {
            "Content-Type": "application/json"
          },
          "credentials": {
            "type": "anonymous"
          },
          "maxInMemoryBufferSizeInKb": 256
        },
        "additionalInfo": {
          "description": "",
          "layoutX": 2069,
          "layoutY": 429
        }
      },
      {
        "type": "org.thingsboard.rule.engine.filter.TbMsgTypeSwitchNode",
        "name": "Message Type Switch",
        "debugSettings": {
          "failuresEnabled": true,
          "allEnabled": false,
          "allEnabledUntil": 1745200422554
        },
        "singletonMode": false,
        "queueName": null,
        "configurationVersion": 0,
        "configuration": {
          "version": 0
        },
        "additionalInfo": {
          "description": "",
          "layoutX": 357,
          "layoutY": 150
        }
      },
      {
        "type": "org.thingsboard.rule.engine.telemetry.TbMsgAttributesNode",
        "name": "Save Attributes",
        "debugSettings": {
          "failuresEnabled": true,
          "allEnabled": false,
          "allEnabledUntil": 1745200422554
        },
        "singletonMode": false,
        "queueName": null,
        "configurationVersion": 2,
        "configuration": {
          "scope": "CLIENT_SCOPE",
          "notifyDevice": false,
          "sendAttributesUpdatedNotification": false,
          "updateAttributesOnlyOnValueChange": false
        },
        "additionalInfo": {
          "description": "",
          "layoutX": 730,
          "layoutY": 39
        }
      },
      {
        "type": "org.thingsboard.rule.engine.action.TbCreateAlarmNode",
        "name": "Create Inactivity Alarm",
        "debugSettings": {
          "failuresEnabled": true,
          "allEnabled": false,
          "allEnabledUntil": 1745200422554
        },
        "singletonMode": false,
        "queueName": null,
        "configurationVersion": 0,
        "configuration": {
          "scriptLang": "TBEL",
          "alarmDetailsBuildJs": "var details = {};\nif (metadata.prevAlarmDetails) {\n    details = JSON.parse(metadata.prevAlarmDetails);\n    //remove prevAlarmDetails from metadata\n    delete metadata.prevAlarmDetails;\n    //now metadata is the same as it comes IN this rule node\n}\n\n\nreturn details;",
          "alarmDetailsBuildTbel": "var details = {};\nif (metadata.prevAlarmDetails != null) {\n    details = JSON.parse(metadata.prevAlarmDetails);\n    //remove prevAlarmDetails from metadata\n    metadata.remove('prevAlarmDetails');\n    //now metadata is the same as it comes IN this rule node\n}\n\n\nreturn details;",
          "useMessageAlarmData": false,
          "overwriteAlarmDetails": false,
          "alarmType": "Inactivity Timeout",
          "severity": "CRITICAL",
          "propagate": false,
          "relationTypes": [],
          "propagateToOwner": false,
          "propagateToOwnerHierarchy": false,
          "propagateToTenant": false,
          "dynamicSeverity": false
        },
        "additionalInfo": {
          "description": "",
          "layoutX": 642,
          "layoutY": 400
        }
      },
      {
        "type": "org.thingsboard.rule.engine.mail.TbMsgToEmailNode",
        "name": "Inactivity Email",
        "debugSettings": null,
        "singletonMode": false,
        "queueName": null,
        "configurationVersion": 0,
        "configuration": {
          "fromTemplate": "sqcmboard@gmail.com",
          "toTemplate": "sqcmboard@gmail.com",
          "ccTemplate": "",
          "bccTemplate": "roslee@mimos.my, pannir@mimos.my, pannirk@gmail.com",
          "subjectTemplate": "Numed TB: Device ${deviceName} is Inactive",
          "mailBodyType": "false",
          "isHtmlTemplate": null,
          "bodyTemplate": "Numed: Device ${deviceName} is Inactive"
        },
        "additionalInfo": {
          "description": "",
          "layoutX": 947,
          "layoutY": 399
        }
      },
      {
        "type": "org.thingsboard.rule.engine.mail.TbSendEmailNode",
        "name": "Send Gmail",
        "debugSettings": null,
        "singletonMode": false,
        "queueName": null,
        "configurationVersion": 0,
        "configuration": {
          "useSystemSmtpSettings": true,
          "smtpHost": "localhost",
          "smtpPort": 25,
          "username": null,
          "password": null,
          "smtpProtocol": "smtp",
          "timeout": 10000,
          "enableTls": false,
          "tlsVersion": "TLSv1.2",
          "enableProxy": false,
          "proxyHost": null,
          "proxyPort": null,
          "proxyUser": null,
          "proxyPassword": null
        },
        "additionalInfo": {
          "description": "",
          "layoutX": 1307,
          "layoutY": 398
        }
      },
      {
        "type": "org.thingsboard.rule.engine.action.TbClearAlarmNode",
        "name": "Clear Inactivity Alarm",
        "debugSettings": null,
        "singletonMode": false,
        "queueName": null,
        "configurationVersion": 0,
        "configuration": {
          "scriptLang": "TBEL",
          "alarmDetailsBuildJs": "var details = {};\nif (metadata.prevAlarmDetails) {\n    details = JSON.parse(metadata.prevAlarmDetails);\n    //remove prevAlarmDetails from metadata\n    delete metadata.prevAlarmDetails;\n    //now metadata is the same as it comes IN this rule node\n}\n\n\nreturn details;",
          "alarmDetailsBuildTbel": "var details = {};\nif (metadata.prevAlarmDetails != null) {\n    details = JSON.parse(metadata.prevAlarmDetails);\n    //remove prevAlarmDetails from metadata\n    metadata.remove('prevAlarmDetails');\n    //now metadata is the same as it comes IN this rule node\n}\n\n\nreturn details;",
          "alarmType": "Inactivity Timeout"
        },
        "additionalInfo": {
          "description": "",
          "layoutX": 555,
          "layoutY": 504
        }
      },
      {
        "type": "org.thingsboard.rule.engine.mail.TbMsgToEmailNode",
        "name": "Activity Email",
        "debugSettings": null,
        "singletonMode": false,
        "queueName": null,
        "configurationVersion": 0,
        "configuration": {
          "fromTemplate": "sqcmboard@gmail.com",
          "toTemplate": "sqcmboard@gmail.com",
          "ccTemplate": "",
          "bccTemplate": "roslee@mimos.my, pannir@mimos.my, pannirk@gmail.com",
          "subjectTemplate": "Numed TB: Device ${deviceName} is Active",
          "mailBodyType": "false",
          "isHtmlTemplate": null,
          "bodyTemplate": "Numed: Device ${deviceName} is Active"
        },
        "additionalInfo": {
          "description": "",
          "layoutX": 870,
          "layoutY": 507
        }
      },
      {
        "type": "org.thingsboard.rule.engine.flow.TbRuleChainInputNode",
        "name": "Trigger Power Factor",
        "debugSettings": null,
        "singletonMode": false,
        "queueName": null,
        "configurationVersion": 1,
        "configuration": {
          "ruleChainId": "5ab18a60-ae43-11ed-bb01-25cc4d06eb8e",
          "forwardMsgToDefaultRuleChain": false
        },
        "additionalInfo": {
          "description": "",
          "layoutX": 1791,
          "layoutY": 275
        }
      },
      {
        "type": "org.thingsboard.rule.engine.metadata.TbGetTelemetryNode",
        "name": "Get Previous Telemetry",
        "debugSettings": {
          "failuresEnabled": true,
          "allEnabled": false,
          "allEnabledUntil": 1745200422554
        },
        "singletonMode": false,
        "queueName": null,
        "configurationVersion": 2,
        "configuration": {
          "latestTsKeyNames": [
            "Voltage 1 (V)",
            "Voltage 2 (V)",
            "Voltage 3 (V)",
            "Voltage 4 (V)",
            "Voltage 5 (V)",
            "Voltage 6 (V)",
            "Current 1 (A)",
            "Current 2 (A)",
            "Current 3 (A)",
            "Current 4 (A)",
            "Current 5 (A)",
            "Current 6 (A)",
            "Power 1 (kW)",
            "Power 2 (kW)",
            "Power 3 (kW)",
            "Power 4 (kW)",
            "Power 5 (kW)",
            "Power 6 (kW)",
            "Power Factor 1",
            "Power Factor 2",
            "Power Factor 3",
            "Power Factor 4",
            "Power Factor 5",
            "Power Factor 6",
            "Energy 1 (kWh)",
            "Energy 2 (kWh)",
            "Energy 3 (kWh)",
            "Energy 4 (kWh)",
            "Energy 5 (kWh)",
            "Energy 6 (kWh)",
            "Max Demand 1 (kW)",
            "Max Demand 2 (kW)",
            "Max Demand 3 (kW)",
            "Max Demand 4 (kW)",
            "Max Demand 5 (kW)",
            "Max Demand 6 (kW)"
          ],
          "aggregation": "NONE",
          "fetchMode": "LAST",
          "orderBy": "DESC",
          "limit": 1000,
          "useMetadataIntervalPatterns": false,
          "startInterval": 30,
          "startIntervalTimeUnit": "MINUTES",
          "endInterval": 30,
          "endIntervalTimeUnit": "SECONDS",
          "startIntervalPattern": "",
          "endIntervalPattern": ""
        },
        "additionalInfo": {
          "description": "",
          "layoutX": 1363,
          "layoutY": 154
        }
      },
      {
        "type": "org.thingsboard.rule.engine.transform.TbTransformMsgNode",
        "name": "Filter Telemetry",
        "debugSettings": {
          "failuresEnabled": true,
          "allEnabled": false,
          "allEnabledUntil": 1751878790211
        },
        "singletonMode": false,
        "queueName": null,
        "configurationVersion": 0,
        "configuration": {
          "scriptLang": "JS",
          "jsScript": "if (typeof msg[\"Energy 1 (kWh)\"] !== undefined) {\r\n    if(msg[\"Energy 1 (kWh)\"] <= 0 || msg[\"Energy 1 (kWh)\"] > 1e7 || msg.energy1 == 1939406849 || msg.energy1 == 1227104256) {\r\n        msg[\"Energy 1 (kWh)\"] = parseFloat(JSON.parse(metadata[\"Energy 1 (kWh)\"]));\r\n    }\r\n}\r\n\r\nif (typeof msg[\"Energy 2 (kWh)\"] !== undefined) {\r\n    if(msg[\"Energy 2 (kWh)\"] <= 0 || msg[\"Energy 2 (kWh)\"] > 1e7 || msg.energy2 == 1939406849 || msg.energy2 == 1227104256) {\r\n        msg[\"Energy 2 (kWh)\"] = parseFloat(JSON.parse(metadata[\"Energy 2 (kWh)\"]));\r\n    }\r\n}\r\n\r\nif (typeof msg[\"Energy 3 (kWh)\"] !== undefined) {\r\n    if(msg[\"Energy 3 (kWh)\"] <= 0 || msg[\"Energy 3 (kWh)\"] > 1e7 || msg.energy3 == 1939406849 || msg.energy3 == 1227104256) {\r\n        msg[\"Energy 3 (kWh)\"] = parseFloat(JSON.parse(metadata[\"Energy 3 (kWh)\"]));\r\n    }\r\n}\r\n\r\nif (typeof msg[\"Energy 4 (kWh)\"] !== undefined) {\r\n    if(msg[\"Energy 4 (kWh)\"] <= 0 || msg[\"Energy 4 (kWh)\"] > 1e7 || msg.energy4 == 1939406849 || msg.energy4 == 1227104256) {\r\n        msg[\"Energy 4 (kWh)\"] = parseFloat(JSON.parse(metadata[\"Energy 4 (kWh)\"]));\r\n    }\r\n}\r\n\r\nif (typeof msg[\"Energy 5 (kWh)\"] !== undefined) {\r\n    if(msg[\"Energy 5 (kWh)\"] <= 0 || msg[\"Energy 5 (kWh)\"] > 1e7 || msg.energy5 == 1939406849 || msg.energy5 == 1227104256) {\r\n        msg[\"Energy 5 (kWh)\"] = parseFloat(JSON.parse(metadata[\"Energy 5 (kWh)\"]));\r\n    }\r\n}\r\n\r\nif (typeof msg[\"Energy 6 (kWh)\"] !== undefined) {\r\n    if(msg[\"Energy 6 (kWh)\"] <= 0 || msg[\"Energy 6 (kWh)\"] > 1e7 || msg.energy6 == 1939406849 || msg.energy6 == 1227104256) {\r\n        msg[\"Energy 6 (kWh)\"] = parseFloat(JSON.parse(metadata[\"Energy 6 (kWh)\"]));\r\n    }\r\n}\r\n\r\nif (typeof msg[\"Max Demand 1 (kW)\"] !== undefined) {\r\n    if(msg[\"Max Demand 1 (kW)\"] <= 0 || msg.md1 == 1939406849 || msg[\"Max Demand 1 (kW)\"] > 1e5) {\r\n        msg[\"Max Demand 1 (kW)\"] = parseFloat(JSON.parse(metadata[\"Max Demand 1 (kW)\"]));\r\n    }\r\n}\r\n\r\nif (typeof msg[\"Max Demand 2 (kW)\"] !== undefined) {\r\n    if(msg[\"Max Demand 2 (kW)\"] <= 0 || msg.md2 == 1939406849 || msg[\"Max Demand 2 (kW)\"] > 1e5) {\r\n        msg[\"Max Demand 2 (kW)\"] = parseFloat(JSON.parse(metadata[\"Max Demand 2 (kW)\"]));\r\n    }\r\n}\r\n\r\nif (typeof msg[\"Max Demand 3 (kW)\"] !== undefined) {\r\n    if(msg[\"Max Demand 3 (kW)\"] <= 0 || msg.md3 == 1939406849 || msg[\"Max Demand 3 (kW)\"] > 1e5) {\r\n        msg[\"Max Demand 3 (kW)\"] = parseFloat(JSON.parse(metadata[\"Max Demand 3 (kW)\"]));\r\n    }\r\n}\r\n\r\nif (typeof msg[\"Max Demand 4 (kW)\"] !== undefined) {\r\n    if(msg[\"Max Demand 4 (kW)\"] <= 0 || msg.md4 == 1939406849 || msg[\"Max Demand 4 (kW)\"] > 1e5) {\r\n        msg[\"Max Demand 4 (kW)\"] = parseFloat(JSON.parse(metadata[\"Max Demand 4 (kW)\"]));\r\n    }\r\n}\r\n\r\nif (typeof msg[\"Max Demand 5 (kW)\"] !== undefined) {\r\n    if(msg[\"Max Demand 5 (kW)\"] <= 0 || msg.md5 == 1939406849 || msg[\"Max Demand 5 (kW)\"] > 1e5) {\r\n        msg[\"Max Demand 5 (kW)\"] = parseFloat(JSON.parse(metadata[\"Max Demand 5 (kW)\"]));\r\n    }\r\n}\r\n\r\nif (typeof msg[\"Max Demand 6 (kW)\"] !== undefined) {\r\n    if(msg[\"Max Demand 6 (kW)\"] <= 0 || msg.md6 == 1939406849 || msg[\"Max Demand 6 (kW)\"] > 1e5) {\r\n        msg[\"Max Demand 6 (kW)\"] = parseFloat(JSON.parse(metadata[\"Max Demand 6 (kW)\"]));\r\n    }\r\n}\r\n\r\nif (typeof msg[\"Voltage 1 (V)\"] !== undefined) {\r\n    if(msg[\"Voltage 1 (V)\"] <= 0 || msg[\"Voltage 1 (V)\"] > 500) {\r\n        msg[\"Voltage 1 (V)\"] = parseFloat(JSON.parse(metadata[\"Voltage 1 (V)\"]));\r\n    }\r\n}\r\n\r\nif (typeof msg[\"Voltage 2 (V)\"] !== undefined) {\r\n    if(msg[\"Voltage 2 (V)\"] <= 0 || msg[\"Voltage 2 (V)\"] > 500) {\r\n        msg[\"Voltage 2 (V)\"] = parseFloat(JSON.parse(metadata[\"Voltage 2 (V)\"]));\r\n    }\r\n}\r\n\r\nif (typeof msg[\"Voltage 3 (V)\"] !== undefined) {\r\n    if(msg[\"Voltage 3 (V)\"] <= 0 || msg[\"Voltage 3 (V)\"] > 500) {\r\n        msg[\"Voltage 3 (V)\"] = parseFloat(JSON.parse(metadata[\"Voltage 3 (V)\"]));\r\n    }\r\n}\r\n\r\nif (typeof msg[\"Voltage 4 (V)\"] !== undefined) {\r\n    if(msg[\"Voltage 4 (V)\"] <= 0 || msg[\"Voltage 4 (V)\"] > 500) {\r\n        msg[\"Voltage 4 (V)\"] = parseFloat(JSON.parse(metadata[\"Voltage 4 (V)\"]));\r\n    }\r\n}\r\n\r\nif (typeof msg[\"Voltage 5 (V)\"] !== undefined) {\r\n    if(msg[\"Voltage 5 (V)\"] <= 0 || msg[\"Voltage 5 (V)\"] > 500) {\r\n        msg[\"Voltage 5 (V)\"] = parseFloat(JSON.parse(metadata[\"Voltage 5 (V)\"]));\r\n    }\r\n}\r\n\r\nif (typeof msg[\"Voltage 6 (V)\"] !== undefined) {\r\n    if(msg[\"Voltage 6 (V)\"] <= 0 || msg[\"Voltage 6 (V)\"] > 500) {\r\n        msg[\"Voltage 6 (V)\"] = parseFloat(JSON.parse(metadata[\"Voltage 6 (V)\"]));\r\n    }\r\n}\r\n/*\r\nif (typeof msg[\"Power Factor 1\"] !== undefined) {\r\n    if(msg[\"Power Factor 1\"] > 1) {\r\n        msg[\"Power Factor 1\"] = parseFloat(JSON.parse(metadata[\"Power Factor 1\"]));\r\n    }\r\n}\r\n\r\nif (typeof msg[\"Power Factor 2\"] !== undefined) {\r\n    if(msg[\"Power Factor 2\"] > 1) {\r\n        msg[\"Power Factor 2\"] = parseFloat(JSON.parse(metadata[\"Power Factor 2\"]));\r\n    }\r\n}\r\n\r\nif (typeof msg[\"Power Factor 3\"] !== undefined) {\r\n    if(msg[\"Power Factor 3\"] > 1) {\r\n        msg[\"Power Factor 3\"] = parseFloat(JSON.parse(metadata[\"Power Factor 3\"]));\r\n    }\r\n}\r\n\r\nif (typeof msg[\"Power Factor 4\"] !== undefined) {\r\n    if(msg[\"Power Factor 4\"] > 1) {\r\n        msg[\"Power Factor 4\"] = parseFloat(JSON.parse(metadata[\"Power Factor 4\"]));\r\n    }\r\n}\r\n\r\nif (typeof msg[\"Power Factor 5\"] !== undefined) {\r\n    if(msg[\"Power Factor 5\"] > 1) {\r\n        msg[\"Power Factor 5\"] = parseFloat(JSON.parse(metadata[\"Power Factor 5\"]));\r\n    }\r\n}\r\n\r\nif (typeof msg[\"Power Factor 6\"] !== undefined) {\r\n    if(msg[\"Power Factor 6\"] > 1) {\r\n        msg[\"Power Factor 6\"] = parseFloat(JSON.parse(metadata[\"Power Factor 6\"]));\r\n    }\r\n}\r\n*/\r\nif(typeof msg[\"Current 1 (A)\"] !== undefined && typeof msg[\"Power 1 (kW)\"] !== undefined && typeof msg[\"Power Factor 1\"] !== undefined) {\r\n    if((msg[\"Current 1 (A)\"] <= 0 || msg[\"Current 1 (A)\"] > 5000) && (msg[\"Power 1 (kW)\"] != 0 || msg[\"Power Factor 1\"] != 0)) {\r\n        msg[\"Current 1 (A)\"] = parseFloat(JSON.parse(metadata[\"Current 1 (A)\"]));\r\n    }\r\n\r\n    if((msg[\"Power 1 (kW)\"] <= 0 || msg[\"Power 1 (kW)\"] > 1e5 || msg.pwr1 == 1939406849 || msg.pwr1 == 1227104256) && (msg[\"Current 1 (A)\"] != 0 || msg[\"Power Factor 1\"] != 0)) {\r\n        msg[\"Power 1 (kW)\"] = parseFloat(JSON.parse(metadata[\"Power 1 (kW)\"]));\r\n    }\r\n\r\n    if(msg[\"Power Factor 1\"] <= 0 || msg[\"Power Factor 1\"] > 1 && (msg[\"Power 1 (kW)\"] != 0 || msg[\"Current 1 (A)\"] != 0)) {\r\n        msg[\"Power Factor 1\"] = parseFloat(JSON.parse(metadata[\"Power Factor 1\"]));\r\n    }\r\n}\r\n\r\nif(typeof msg[\"Current 2 (A)\"] !== undefined && typeof msg[\"Power 2 (kW)\"] !== undefined && typeof msg[\"Power Factor 2\"] !== undefined) {\r\n    if((msg[\"Current 2 (A)\"] <= 0 || msg[\"Current 2 (A)\"] > 5000) && (msg[\"Power 2 (kW)\"] != 0 || msg[\"Power Factor 2\"] != 0)) {\r\n        msg[\"Current 2 (A)\"] = parseFloat(JSON.parse(metadata[\"Current 2 (A)\"]));\r\n    }\r\n\r\n    if((msg[\"Power 2 (kW)\"] <= 0 || msg[\"Power 2 (kW)\"] > 1e5 || msg.pwr2 == 1939406849 || msg.pwr2 == 1227104256) && (msg[\"Current 2 (A)\"] != 0 || msg[\"Power Factor 2\"] != 0)) {\r\n        msg[\"Power 2 (kW)\"] = parseFloat(JSON.parse(metadata[\"Power 2 (kW)\"]));\r\n    }\r\n\r\n    if(msg[\"Power Factor 2\"] <= 0 || msg[\"Power Factor 2\"] > 1 && (msg[\"Power 2 (kW)\"] != 0 || msg[\"Current 2 (A)\"] != 0)) {\r\n        msg[\"Power Factor 2\"] = parseFloat(JSON.parse(metadata[\"Power Factor 2\"]));\r\n    }\r\n}\r\n\r\nif(typeof msg[\"Current 3 (A)\"] !== undefined && typeof msg[\"Power 3 (kW)\"] !== undefined && typeof msg[\"Power Factor 3\"] !== undefined) {\r\n    if((msg[\"Current 3 (A)\"] <= 0 || msg[\"Current 3 (A)\"] > 5000) && (msg[\"Power 3 (kW)\"] != 0 || msg[\"Power Factor 3\"] != 0)) {\r\n        msg[\"Current 3 (A)\"] = parseFloat(JSON.parse(metadata[\"Current 3 (A)\"]));\r\n    }\r\n\r\n    if((msg[\"Power 3 (kW)\"] <= 0 || msg[\"Power 3 (kW)\"] > 1e5 || msg.pwr3 == 1939406849 || msg.pwr3 == 1227104256) && (msg[\"Current 3 (A)\"] != 0 || msg[\"Power Factor 3\"] != 0)) {\r\n        msg[\"Power 3 (kW)\"] = parseFloat(JSON.parse(metadata[\"Power 3 (kW)\"]));\r\n    }\r\n\r\n    if(msg[\"Power Factor 3\"] <= 0 || msg[\"Power Factor 3\"] > 1 && (msg[\"Power 3 (kW)\"] != 0 || msg[\"Current 3 (A)\"] != 0)) {\r\n        msg[\"Power Factor 3\"] = parseFloat(JSON.parse(metadata[\"Power Factor 3\"]));\r\n    }\r\n}\r\n\r\nif(typeof msg[\"Current 4 (A)\"] !== undefined && typeof msg[\"Power 4 (kW)\"] !== undefined && typeof msg[\"Power Factor 4\"] !== undefined) {\r\n    if((msg[\"Current 4 (A)\"] <= 0 || msg[\"Current 4 (A)\"] > 5000) && (msg[\"Power 4 (kW)\"] != 0 || msg[\"Power Factor 4\"] != 0)) {\r\n        msg[\"Current 4 (A)\"] = parseFloat(JSON.parse(metadata[\"Current 4 (A)\"]));\r\n    }\r\n\r\n    if((msg[\"Power 4 (kW)\"] <= 0 || msg[\"Power 4 (kW)\"] > 1e5 || msg.pwr4 == 1939406849 || msg.pwr4 == 1227104256) && (msg[\"Current 4 (A)\"] != 0 || msg[\"Power Factor 4\"] != 0)) {\r\n        msg[\"Power 4 (kW)\"] = parseFloat(JSON.parse(metadata[\"Power 4 (kW)\"]));\r\n    }\r\n\r\n    if(msg[\"Power Factor 4\"] <= 0 || msg[\"Power Factor 4\"] > 1 && (msg[\"Power 4 (kW)\"] != 0 || msg[\"Current 4 (A)\"] != 0)) {\r\n        msg[\"Power Factor 4\"] = parseFloat(JSON.parse(metadata[\"Power Factor 4\"]));\r\n    }\r\n}\r\n\r\nif(typeof msg[\"Current 5 (A)\"] !== undefined && typeof msg[\"Power 5 (kW)\"] !== undefined && typeof msg[\"Power Factor 5\"] !== undefined) {\r\n    if((msg[\"Current 5 (A)\"] <= 0 || msg[\"Current 5 (A)\"] > 5000) && (msg[\"Power 5 (kW)\"] != 0 || msg[\"Power Factor 5\"] != 0)) {\r\n        msg[\"Current 5 (A)\"] = parseFloat(JSON.parse(metadata[\"Current 5 (A)\"]));\r\n    }\r\n\r\n    if((msg[\"Power 5 (kW)\"] <= 0 || msg[\"Power 5 (kW)\"] > 1e5 || msg.pwr5 == 1939406849 || msg.pwr5 == 1227104256) && (msg[\"Current 5 (A)\"] != 0 || msg[\"Power Factor 5\"] != 0)) {\r\n        msg[\"Power 5 (kW)\"] = parseFloat(JSON.parse(metadata[\"Power 5 (kW)\"]));\r\n    }\r\n\r\n    if(msg[\"Power Factor 5\"] <= 0 || msg[\"Power Factor 5\"] > 1 && (msg[\"Power 5 (kW)\"] != 0 || msg[\"Current 5 (A)\"] != 0)) {\r\n        msg[\"Power Factor 5\"] = parseFloat(JSON.parse(metadata[\"Power Factor 5\"]));\r\n    }\r\n}\r\n\r\nif(typeof msg[\"Current 6 (A)\"] !== undefined && typeof msg[\"Power 6 (kW)\"] !== undefined && typeof msg[\"Power Factor 6\"] !== undefined) {\r\n    if((msg[\"Current 6 (A)\"] <= 0 || msg[\"Current 6 (A)\"] > 5000) && (msg[\"Power 6 (kW)\"] != 0 || msg[\"Power Factor 6\"] != 0)) {\r\n        msg[\"Current 6 (A)\"] = parseFloat(JSON.parse(metadata[\"Current 6 (A)\"]));\r\n    }\r\n\r\n    if((msg[\"Power 6 (kW)\"] <= 0 || msg[\"Power 6 (kW)\"] > 1e5 || msg.pwr6 == 1939406849 || msg.pwr6 == 1227104256) && (msg[\"Current 6 (A)\"] != 0 || msg[\"Power Factor 6\"] != 0)) {\r\n        msg[\"Power 6 (kW)\"] = parseFloat(JSON.parse(metadata[\"Power 6 (kW)\"]));\r\n    }\r\n\r\n    if(msg[\"Power Factor 6\"] <= 0 || msg[\"Power Factor 6\"] > 1 && (msg[\"Power 6 (kW)\"] != 0 || msg[\"Current 6 (A)\"] != 0)) {\r\n        msg[\"Power Factor 6\"] = parseFloat(JSON.parse(metadata[\"Power Factor 6\"]));\r\n    }\r\n}\r\n\r\nreturn {msg: msg, metadata: metadata, msgType: msgType};",
          "tbelScript": "return {msg: msg, metadata: metadata, msgType: msgType};"
        },
        "additionalInfo": {
          "description": "",
          "layoutX": 1680,
          "layoutY": 153
        }
      },
      {
        "type": "org.thingsboard.rule.engine.telemetry.TbMsgTimeseriesNode",
        "name": "Save Filtered Telemetry",
        "debugSettings": {
          "failuresEnabled": true,
          "allEnabled": false,
          "allEnabledUntil": 1745200422554
        },
        "singletonMode": false,
        "queueName": null,
        "configurationVersion": 0,
        "configuration": {
          "defaultTTL": 0,
          "skipLatestPersistence": false,
          "useServerTs": false
        },
        "additionalInfo": {
          "description": "",
          "layoutX": 1047,
          "layoutY": 163
        }
      },
      {
        "type": "org.thingsboard.rule.engine.filter.TbJsFilterNode",
        "name": "Is Initial Attributes?",
        "debugSettings": {
          "failuresEnabled": true,
          "allEnabled": false,
          "allEnabledUntil": 1745200422554
        },
        "singletonMode": false,
        "queueName": null,
        "configurationVersion": 0,
        "configuration": {
          "scriptLang": "JS",
          "jsScript": "if(typeof msg.Init !== undefined) {\n    return msg.Init > 0;\n}\n\nreturn false;",
          "tbelScript": "return msg.temperature > 20;"
        },
        "additionalInfo": {
          "description": "",
          "layoutX": 1041,
          "layoutY": 41
        }
      },
      {
        "type": "org.thingsboard.rule.engine.transform.TbTransformMsgNode",
        "name": "Set Timestamp",
        "debugSettings": {
          "failuresEnabled": true,
          "allEnabled": false,
          "allEnabledUntil": 1745200422554
        },
        "singletonMode": false,
        "queueName": null,
        "configurationVersion": 0,
        "configuration": {
          "scriptLang": "JS",
          "jsScript": "var today = new Date();\nvar gmtTime = today.getTime();\nvar localOffset = (-1) * today.getTimezoneOffset() * 60000;\nvar localTime = Math.round(new Date(gmtTime+localOffset).getTime() / 1000);\n\nreturn {msg: {\"setTimestamp\": localTime}, metadata: metadata, msgType: msgType};",
          "tbelScript": "return {msg: msg, metadata: metadata, msgType: msgType};"
        },
        "additionalInfo": {
          "description": "",
          "layoutX": 1360,
          "layoutY": 42
        }
      },
      {
        "type": "org.thingsboard.rule.engine.telemetry.TbMsgAttributesNode",
        "name": "Save Shared Attributes",
        "debugSettings": {
          "failuresEnabled": true,
          "allEnabled": false,
          "allEnabledUntil": 1745200422554
        },
        "singletonMode": false,
        "queueName": null,
        "configurationVersion": 2,
        "configuration": {
          "scope": "SHARED_SCOPE",
          "notifyDevice": true,
          "sendAttributesUpdatedNotification": false,
          "updateAttributesOnlyOnValueChange": false
        },
        "additionalInfo": {
          "description": "",
          "layoutX": 1674,
          "layoutY": 44
        }
      },
      {
        "type": "org.thingsboard.rule.engine.action.TbLogNode",
        "name": "Log RPC From Device",
        "debugSettings": {
          "failuresEnabled": true,
          "allEnabled": false,
          "allEnabledUntil": 1745200422554
        },
        "singletonMode": false,
        "queueName": null,
        "configurationVersion": 0,
        "configuration": {
          "scriptLang": "JS",
          "jsScript": "return '\\nIncoming message:\\n' + JSON.stringify(msg) + '\\nIncoming metadata:\\n' + JSON.stringify(metadata);",
          "tbelScript": "return '\\nIncoming message:\\n' + JSON.stringify(msg) + '\\nIncoming metadata:\\n' + JSON.stringify(metadata);"
        },
        "additionalInfo": {
          "description": "",
          "layoutX": 784,
          "layoutY": 280
        }
      },
      {
        "type": "org.thingsboard.rule.engine.transform.TbTransformMsgNode",
        "name": "Device RPC Request",
        "debugSettings": {
          "failuresEnabled": true,
          "allEnabled": false,
          "allEnabledUntil": 1745200422554
        },
        "singletonMode": false,
        "queueName": null,
        "configurationVersion": 0,
        "configuration": {
          "scriptLang": "JS",
          "jsScript": "if(typeof msg[\"method\"] !== 'undefined') {\n    if(msg[\"method\"] === \"getTime\") {\n        var today = new Date();\n        var gmtTime = today.getTime();\n        var localOffset = (-1)*today.getTimezoneOffset()*60000;\n        var localTime = Math.round(new Date(gmtTime+localOffset).getTime()/1000);\n        msg.method = \"setTime\";\n        msg.params = localTime;\n        msgType = \"RPC Message\";\n    }\n}\n\nreturn {msg: msg, metadata: metadata, msgType: msgType};",
          "tbelScript": "return {msg: msg, metadata: metadata, msgType: msgType};"
        },
        "additionalInfo": {
          "description": "",
          "layoutX": 1117,
          "layoutY": 277
        }
      },
      {
        "type": "org.thingsboard.rule.engine.filter.TbJsFilterNode",
        "name": "Is RPC Message?",
        "debugSettings": {
          "failuresEnabled": true,
          "allEnabled": false,
          "allEnabledUntil": 1745200422554
        },
        "singletonMode": false,
        "queueName": null,
        "configurationVersion": 0,
        "configuration": {
          "scriptLang": "JS",
          "jsScript": "return msgType == \"RPC Message\";",
          "tbelScript": "return msg.temperature > 20;"
        },
        "additionalInfo": {
          "description": "",
          "layoutX": 1439,
          "layoutY": 280
        }
      },
      {
        "type": "org.thingsboard.rule.engine.rpc.TbSendRPCReplyNode",
        "name": "Device RPC Response",
        "debugSettings": {
          "failuresEnabled": true,
          "allEnabled": false,
          "allEnabledUntil": 1745200422554
        },
        "singletonMode": false,
        "queueName": null,
        "configurationVersion": 0,
        "configuration": {
          "serviceIdMetaDataAttribute": "serviceId",
          "sessionIdMetaDataAttribute": "sessionId",
          "requestIdMetaDataAttribute": "requestId"
        },
        "additionalInfo": {
          "description": "",
          "layoutX": 1667,
          "layoutY": 367
        }
      },
      {
        "type": "org.thingsboard.rule.engine.rest.TbRestApiCallNode",
        "name": "Send to Cranes",
        "debugSettings": {
          "failuresEnabled": true,
          "allEnabled": false,
          "allEnabledUntil": 1745200422554
        },
        "singletonMode": false,
        "queueName": null,
        "configurationVersion": 3,
        "configuration": {
          "restEndpointUrlPattern": "https://cranes.asia/api/v1/${deviceName}/telemetry",
          "requestMethod": "POST",
          "useSimpleClientHttpFactory": false,
          "ignoreRequestBody": false,
          "enableProxy": false,
          "useSystemProxyProperties": false,
          "proxyScheme": null,
          "proxyHost": null,
          "proxyPort": 0,
          "proxyUser": null,
          "proxyPassword": null,
          "readTimeoutMs": 0,
          "maxParallelRequestsCount": 0,
          "headers": {
            "Content-Type": "application/json"
          },
          "credentials": {
            "type": "anonymous"
          },
          "parseToPlainText": false,
          "maxInMemoryBufferSizeInKb": 256
        },
        "additionalInfo": {
          "description": "",
          "layoutX": 2067,
          "layoutY": 357
        }
      },
      {
        "type": "org.thingsboard.rule.engine.rest.TbRestApiCallNode",
        "name": "Send to Cranes",
        "debugSettings": {
          "failuresEnabled": true,
          "allEnabled": false,
          "allEnabledUntil": 1751879084804
        },
        "singletonMode": false,
        "queueName": null,
        "configurationVersion": 3,
        "configuration": {
          "restEndpointUrlPattern": "https://cranes.asia/api/v1/${deviceName}/telemetry",
          "requestMethod": "POST",
          "useSimpleClientHttpFactory": false,
          "ignoreRequestBody": false,
          "enableProxy": false,
          "useSystemProxyProperties": false,
          "proxyScheme": null,
          "proxyHost": null,
          "proxyPort": 0,
          "proxyUser": null,
          "proxyPassword": null,
          "readTimeoutMs": 0,
          "maxParallelRequestsCount": 0,
          "headers": {
            "Content-Type": "application/json"
          },
          "credentials": {
            "type": "anonymous"
          },
          "parseToPlainText": false,
          "maxInMemoryBufferSizeInKb": 256
        },
        "additionalInfo": {
          "description": "",
          "layoutX": 1223,
          "layoutY": 210
        }
      },
      {
        "type": "org.thingsboard.rule.engine.flow.TbRuleChainInputNode",
        "name": "DPM Filter",
        "debugSettings": null,
        "singletonMode": false,
        "queueName": null,
        "configurationVersion": 1,
        "configuration": {
          "forwardMsgToDefaultRuleChain": false,
          "ruleChainId": "1c2c16c0-9527-11f0-8b9c-778b3280bcc6"
        },
        "additionalInfo": {
          "description": "",
          "layoutX": 839,
          "layoutY": 204
        }
      },
      {
        "type": "org.thingsboard.rule.engine.transform.TbTransformMsgNode",
        "name": "IEEE754 Hex to Float Converter",
        "debugSettings": {
          "failuresEnabled": true,
          "allEnabled": false,
          "allEnabledUntil": 1759293246381
        },
        "singletonMode": false,
        "queueName": null,
        "configurationVersion": 0,
        "configuration": {
          "scriptLang": "JS",
          "jsScript": "function swap(val) {\r\n    return ((val & 0xFFFF) << 16) | ((val >> 16) & 0xFFFF);\r\n}\r\n\r\nfunction IEEE754converter(val) {\r\n    var intval = val;\r\n    var fval = 0.0;\r\n    var x;//exponent\r\n    var m;//mantissa\r\n    var s;//sign\r\n    s = (intval & 0x80000000)?-1:1;\r\n    x = ((intval >> 23) & 0xFF);\r\n    m = (intval & 0x7FFFFF);\r\n    switch(x) {\r\n        case 0:\r\n            //zero, do nothing, ignore negative zero and subnormals\r\n            break;\r\n        case 0xFF:\r\n            if (m) fval = NaN;\r\n            else if (s > 0) fval = Number.POSITIVE_INFINITY;\r\n            else fval = Number.NEGATIVE_INFINITY;\r\n            break;\r\n        default:\r\n            x -= 127;\r\n            m += 0x800000;\r\n            fval = s * (m / 8388608.0) * Math.pow(2, x);\r\n            break;\r\n    }\r\n    return fval.toFixed(2);\r\n}\r\n\r\n\r\nif (typeof msg.amp1 !== 'undefined') {\r\n    var i1 = IEEE754converter(msg.amp1);\r\n    msg[\"Current 1 (A)\"] = parseFloat(i1);\r\n    msg[\"Raw Current 1 (A)\"] = parseFloat(i1);\r\n}\r\nif (typeof msg.amp2 !== 'undefined') {\r\n    var i2 = IEEE754converter(msg.amp2);\r\n    msg[\"Current 2 (A)\"] = parseFloat(i2);\r\n    msg[\"Raw Current 2 (A)\"] = parseFloat(i2);\r\n}\r\nif (typeof msg.amp3 !== 'undefined') {\r\n    var i3 = IEEE754converter(msg.amp3);\r\n    msg[\"Current 3 (A)\"] = parseFloat(i3);\r\n    msg[\"Raw Current 3 (A)\"] = parseFloat(i3);\r\n}\r\n\r\n///////////////////////////////////////////////////////////////////////////////\r\nif (typeof msg.volt1 !== 'undefined') {\r\n    var v1 = IEEE754converter(msg.volt1);\r\n    msg[\"Voltage 1 (V)\"] = parseFloat(v1);\r\n    msg[\"Raw Voltage 1 (V)\"] = parseFloat(v1);\r\n}\r\nif (typeof msg.volt2 !== 'undefined') {\r\n    var v2 = IEEE754converter(msg.volt2);\r\n    msg[\"Voltage 2 (V)\"] = parseFloat(v2);\r\n    msg[\"Raw Voltage 2 (V)\"] = parseFloat(v2);\r\n}\r\nif (typeof msg.volt3 !== 'undefined') {\r\n    var v3 = IEEE754converter(msg.volt3);\r\n    msg[\"Voltage 3 (V)\"] = parseFloat(v3);\r\n    msg[\"Raw Voltage 3 (V)\"] = parseFloat(v3);\r\n}\r\n\r\n////////////////////////////////////////////////////////////\r\nif (typeof msg.pwr1 !== 'undefined') {\r\n    var p1 = IEEE754converter(msg.pwr1);\r\n    msg[\"Power 1 (kW)\"] = parseFloat(p1);\r\n    msg[\"Raw Power 1 (kW)\"] = parseFloat(p1);\r\n}\r\nif (typeof msg.pwr2 !== 'undefined') {\r\n    var p2 = IEEE754converter(msg.pwr2);\r\n    msg[\"Power 2 (kW)\"] = parseFloat(p2);\r\n    msg[\"Raw Power 2 (kW)\"] = parseFloat(p2);\r\n}\r\nif (typeof msg.pwr3 !== 'undefined') {\r\n    var p3 = IEEE754converter(msg.pwr3);\r\n    msg[\"Power 3 (kW)\"] = parseFloat(p3);\r\n    msg[\"Raw Power 3 (kW)\"] = parseFloat(p3);\r\n}\r\n\r\n\r\n/////////////////////////////////////////////////////////////////////////\r\nif (typeof msg.energy1 !== 'undefined') {\r\n    var e1 = IEEE754converter(msg.energy1);\r\n    msg[\"Energy 1 (kWh)\"] = parseFloat(e1);\r\n}\r\nif (typeof msg.energy2 !== 'undefined') {\r\n    var e2 = IEEE754converter(msg.energy2);\r\n    msg[\"Energy 2 (kWh)\"] = parseFloat(e2);\r\n}\r\nif (typeof msg.energy3 !== 'undefined') {\r\n    var e3 = IEEE754converter(msg.energy3);\r\n    msg[\"Energy 3 (kWh)\"] = parseFloat(e3);\r\n}\r\n\r\n\r\nreturn {msg: msg, metadata: metadata, msgType: msgType};",
          "tbelScript": null
        },
        "additionalInfo": {
          "description": "",
          "layoutX": 692,
          "layoutY": 91
        }
      }
    ],
    "connections": [
      {
        "fromIndex": 0,
        "toIndex": 22,
        "type": "Success"
      },
      {
        "fromIndex": 2,
        "toIndex": 0,
        "type": "Post telemetry"
      },
      {
        "fromIndex": 2,
        "toIndex": 3,
        "type": "Post attributes"
      },
      {
        "fromIndex": 2,
        "toIndex": 4,
        "type": "Inactivity Event"
      },
      {
        "fromIndex": 2,
        "toIndex": 7,
        "type": "Activity Event"
      },
      {
        "fromIndex": 2,
        "toIndex": 16,
        "type": "RPC Request from Device"
      },
      {
        "fromIndex": 2,
        "toIndex": 23,
        "type": "Post telemetry"
      },
      {
        "fromIndex": 3,
        "toIndex": 13,
        "type": "Success"
      },
      {
        "fromIndex": 4,
        "toIndex": 5,
        "type": "Created"
      },
      {
        "fromIndex": 5,
        "toIndex": 6,
        "type": "Success"
      },
      {
        "fromIndex": 7,
        "toIndex": 8,
        "type": "Cleared"
      },
      {
        "fromIndex": 8,
        "toIndex": 6,
        "type": "Success"
      },
      {
        "fromIndex": 10,
        "toIndex": 11,
        "type": "Success"
      },
      {
        "fromIndex": 12,
        "toIndex": 9,
        "type": "Success"
      },
      {
        "fromIndex": 12,
        "toIndex": 20,
        "type": "Success"
      },
      {
        "fromIndex": 13,
        "toIndex": 14,
        "type": "True"
      },
      {
        "fromIndex": 14,
        "toIndex": 15,
        "type": "Success"
      },
      {
        "fromIndex": 16,
        "toIndex": 17,
        "type": "Success"
      },
      {
        "fromIndex": 17,
        "toIndex": 18,
        "type": "Success"
      },
      {
        "fromIndex": 18,
        "toIndex": 19,
        "type": "True"
      }
    ],
    "ruleChainConnections": null
  }
}