{
  "ruleChain": {
    "name": "RTD Rule Chain",
    "type": "CORE",
    "firstRuleNodeId": null,
    "root": false,
    "debugMode": true,
    "configuration": null,
    "additionalInfo": {
      "description": ""
    }
  },
  "metadata": {
    "version": 16,
    "firstNodeIndex": 3,
    "nodes": [
      {
        "type": "org.thingsboard.rule.engine.telemetry.TbMsgTimeseriesNode",
        "name": "Save Timeseries",
        "debugSettings": {
          "failuresEnabled": true,
          "allEnabled": false,
          "allEnabledUntil": 1751862858561
        },
        "singletonMode": false,
        "queueName": null,
        "configurationVersion": 0,
        "configuration": {
          "defaultTTL": 0
        },
        "additionalInfo": {
          "description": null,
          "layoutX": 1038,
          "layoutY": 152
        }
      },
      {
        "type": "org.thingsboard.rule.engine.transform.TbTransformMsgNode",
        "name": "IEEE754 Hex to Float Converter",
        "debugSettings": {
          "failuresEnabled": false,
          "allEnabled": false,
          "allEnabledUntil": 1761186246563
        },
        "singletonMode": false,
        "queueName": null,
        "configurationVersion": 0,
        "configuration": {
          "scriptLang": "JS",
          "jsScript": "function swap(val) {\r\n    return ((val & 0xFFFF) << 16) | ((val >> 16) & 0xFFFF);\r\n}\r\n\r\nfunction IEEE754converter(val) {\r\n    var intval = val;\r\n    var fval = 0.0;\r\n    var x;//exponent\r\n    var m;//mantissa\r\n    var s;//sign\r\n    s = (intval & 0x80000000)?-1:1;\r\n    x = ((intval >> 23) & 0xFF);\r\n    m = (intval & 0x7FFFFF);\r\n    switch(x) {\r\n        case 0:\r\n            //zero, do nothing, ignore negative zero and subnormals\r\n            break;\r\n        case 0xFF:\r\n            if (m) fval = NaN;\r\n            else if (s > 0) fval = Number.POSITIVE_INFINITY;\r\n            else fval = Number.NEGATIVE_INFINITY;\r\n            break;\r\n        default:\r\n            x -= 127;\r\n            m += 0x800000;\r\n            fval = s * (m / 8388608.0) * Math.pow(2, x);\r\n            break;\r\n    }\r\n    return fval.toFixed(2);\r\n}\r\n\r\n//if(typeof msg.rtd-15 !== 'undefined') {\r\n// if(\"rtd-25\" in msg) {\r\n//    msg[\"RTD #25 (C)\"] = msg[\"rtd-25\"] / 10;\r\n//}\r\n\r\nif(\"temp28\" in msg) {\r\n    msg[\"chwrt1\"] = parseFloat(IEEE754converter(msg[\"temp28\"]));\r\n}\r\nif(\"temp25\" in msg) {\r\n    msg[\"chwst1\"] = parseFloat(IEEE754converter(msg[\"temp25\"]));\r\n}\r\nif(\"temp34\" in msg) {\r\n    msg[\"cwrt1\"] = parseFloat(IEEE754converter(msg[\"temp34\"]));\r\n}\r\nif(\"temp35\" in msg) {\r\n    msg[\"cwst1\"] = parseFloat(IEEE754converter(msg[\"temp35\"]));\r\n}\r\n\r\nif(\"temp37\" in msg) {\r\n    msg[\"chwrt2\"] = parseFloat(IEEE754converter(msg[\"temp37\"]));\r\n}\r\nif(\"temp32\" in msg) {\r\n    msg[\"chwst2\"] = IEEE754converter(msg[\"temp32\"]);\r\n    msg[\"chwst2\"] = msg[\"chwst2\"] - 0.55; //Calibrated\r\n}\r\nif(\"temp41\" in msg) {\r\n    msg[\"cwrt2\"] = parseFloat(IEEE754converter(msg[\"temp41\"]));\r\n}\r\nif(\"temp33\" in msg) {\r\n    msg[\"cwst2\"] = parseFloat(IEEE754converter(msg[\"temp33\"]));\r\n}\r\n\r\nif(\"temp38\" in msg) {\r\n    msg[\"chwrt3\"] = parseFloat(IEEE754converter(msg[\"temp38\"]));\r\n}\r\nif(\"temp42\" in msg) {\r\n    msg[\"chwst3\"] = parseFloat(IEEE754converter(msg[\"temp42\"]));\r\n}\r\nif(\"temp36\" in msg) {\r\n    msg[\"cwrt3\"] = parseFloat(IEEE754converter(msg[\"temp36\"]));\r\n}\r\nif(\"temp39\" in msg) {\r\n    msg[\"cwst3\"] = parseFloat(IEEE754converter(msg[\"temp39\"]));\r\n}\r\n\r\n\r\n\r\n\r\nreturn {msg: msg, metadata: metadata, msgType: msgType};",
          "tbelScript": null
        },
        "additionalInfo": {
          "description": "",
          "layoutX": 731,
          "layoutY": 153
        }
      },
      {
        "type": "org.thingsboard.rule.engine.rest.TbRestApiCallNode",
        "name": "Send to SCM",
        "debugSettings": {
          "failuresEnabled": true,
          "allEnabled": false,
          "allEnabledUntil": 1751862858561
        },
        "singletonMode": false,
        "queueName": null,
        "configurationVersion": 3,
        "configuration": {
          "restEndpointUrlPattern": "https://scmboard.com/api/v1/${deviceName}/telemetry",
          "requestMethod": "POST",
          "useSimpleClientHttpFactory": false,
          "ignoreRequestBody": false,
          "enableProxy": false,
          "useSystemProxyProperties": false,
          "proxyScheme": null,
          "proxyHost": null,
          "proxyPort": 0,
          "proxyUser": null,
          "proxyPassword": null,
          "readTimeoutMs": 0,
          "maxParallelRequestsCount": 0,
          "headers": {
            "Content-Type": "application/json"
          },
          "credentials": {
            "type": "anonymous"
          },
          "maxInMemoryBufferSizeInKb": 256
        },
        "additionalInfo": {
          "description": "",
          "layoutX": 1667,
          "layoutY": 258
        }
      },
      {
        "type": "org.thingsboard.rule.engine.filter.TbMsgTypeSwitchNode",
        "name": "Message Type Switch",
        "debugSettings": {
          "failuresEnabled": true,
          "allEnabled": false,
          "allEnabledUntil": 1751862858561
        },
        "singletonMode": false,
        "queueName": null,
        "configurationVersion": 0,
        "configuration": {
          "version": 0
        },
        "additionalInfo": {
          "description": "",
          "layoutX": 357,
          "layoutY": 150
        }
      },
      {
        "type": "org.thingsboard.rule.engine.telemetry.TbMsgAttributesNode",
        "name": "Save Attributes",
        "debugSettings": {
          "failuresEnabled": true,
          "allEnabled": false,
          "allEnabledUntil": 1751862858561
        },
        "singletonMode": false,
        "queueName": null,
        "configurationVersion": 2,
        "configuration": {
          "scope": "CLIENT_SCOPE",
          "notifyDevice": false,
          "sendAttributesUpdatedNotification": false,
          "updateAttributesOnlyOnValueChange": false
        },
        "additionalInfo": {
          "description": "",
          "layoutX": 730,
          "layoutY": 39
        }
      },
      {
        "type": "org.thingsboard.rule.engine.action.TbCreateAlarmNode",
        "name": "Create Inactivity Alarm",
        "debugSettings": {
          "failuresEnabled": true,
          "allEnabled": false,
          "allEnabledUntil": 1751862858561
        },
        "singletonMode": false,
        "queueName": null,
        "configurationVersion": 0,
        "configuration": {
          "scriptLang": "TBEL",
          "alarmDetailsBuildJs": "var details = {};\nif (metadata.prevAlarmDetails) {\n    details = JSON.parse(metadata.prevAlarmDetails);\n    //remove prevAlarmDetails from metadata\n    delete metadata.prevAlarmDetails;\n    //now metadata is the same as it comes IN this rule node\n}\n\n\nreturn details;",
          "alarmDetailsBuildTbel": "var details = {};\nif (metadata.prevAlarmDetails != null) {\n    details = JSON.parse(metadata.prevAlarmDetails);\n    //remove prevAlarmDetails from metadata\n    metadata.remove('prevAlarmDetails');\n    //now metadata is the same as it comes IN this rule node\n}\n\n\nreturn details;",
          "useMessageAlarmData": false,
          "overwriteAlarmDetails": false,
          "alarmType": "Inactivity Timeout",
          "severity": "CRITICAL",
          "propagate": false,
          "relationTypes": [],
          "propagateToOwner": false,
          "propagateToOwnerHierarchy": false,
          "propagateToTenant": false,
          "dynamicSeverity": false
        },
        "additionalInfo": {
          "description": "",
          "layoutX": 642,
          "layoutY": 400
        }
      },
      {
        "type": "org.thingsboard.rule.engine.mail.TbMsgToEmailNode",
        "name": "Inactivity Email",
        "debugSettings": null,
        "singletonMode": false,
        "queueName": null,
        "configurationVersion": 0,
        "configuration": {
          "fromTemplate": "sqcmboard@gmail.com",
          "toTemplate": "Jian.Han.Lim@knowles.com, Wen.Yaw.lim@knowles.com",
          "ccTemplate": "slim.efflean@gmail.com, sqcmboard@gmail.com",
          "bccTemplate": "roslee@mimos.my, pannir@mimos.my, pannirk@gmail.com",
          "subjectTemplate": "Knowles TB: Device ${deviceName} is Inactive",
          "mailBodyType": "false",
          "isHtmlTemplate": null,
          "bodyTemplate": "Knowles: Device ${deviceName} is Inactive"
        },
        "additionalInfo": {
          "description": "",
          "layoutX": 947,
          "layoutY": 399
        }
      },
      {
        "type": "org.thingsboard.rule.engine.mail.TbSendEmailNode",
        "name": "Send Gmail",
        "debugSettings": null,
        "singletonMode": false,
        "queueName": null,
        "configurationVersion": 0,
        "configuration": {
          "useSystemSmtpSettings": true,
          "smtpHost": "localhost",
          "smtpPort": 25,
          "username": null,
          "password": null,
          "smtpProtocol": "smtp",
          "timeout": 10000,
          "enableTls": false,
          "tlsVersion": "TLSv1.2",
          "enableProxy": false,
          "proxyHost": null,
          "proxyPort": null,
          "proxyUser": null,
          "proxyPassword": null
        },
        "additionalInfo": {
          "description": "",
          "layoutX": 1307,
          "layoutY": 398
        }
      },
      {
        "type": "org.thingsboard.rule.engine.action.TbClearAlarmNode",
        "name": "Clear Inactivity Alarm",
        "debugSettings": null,
        "singletonMode": false,
        "queueName": null,
        "configurationVersion": 0,
        "configuration": {
          "scriptLang": "TBEL",
          "alarmDetailsBuildJs": "var details = {};\nif (metadata.prevAlarmDetails) {\n    details = JSON.parse(metadata.prevAlarmDetails);\n    //remove prevAlarmDetails from metadata\n    delete metadata.prevAlarmDetails;\n    //now metadata is the same as it comes IN this rule node\n}\n\n\nreturn details;",
          "alarmDetailsBuildTbel": "var details = {};\nif (metadata.prevAlarmDetails != null) {\n    details = JSON.parse(metadata.prevAlarmDetails);\n    //remove prevAlarmDetails from metadata\n    metadata.remove('prevAlarmDetails');\n    //now metadata is the same as it comes IN this rule node\n}\n\n\nreturn details;",
          "alarmType": "Inactivity Timeout"
        },
        "additionalInfo": {
          "description": "",
          "layoutX": 555,
          "layoutY": 504
        }
      },
      {
        "type": "org.thingsboard.rule.engine.mail.TbMsgToEmailNode",
        "name": "Activity Email",
        "debugSettings": null,
        "singletonMode": false,
        "queueName": null,
        "configurationVersion": 0,
        "configuration": {
          "fromTemplate": "sqcmboard@gmail.com",
          "toTemplate": "Jian.Han.Lim@knowles.com, Wen.Yaw.lim@knowles.com",
          "ccTemplate": "slim.efflean@gmail.com, sqcmboard@gmail.com",
          "bccTemplate": "roslee@mimos.my, pannir@mimos.my, pannirk@gmail.com",
          "subjectTemplate": "Knowles TB: Device ${deviceName} is Active",
          "mailBodyType": "false",
          "isHtmlTemplate": null,
          "bodyTemplate": "Knowles: Device ${deviceName} is Active"
        },
        "additionalInfo": {
          "description": "",
          "layoutX": 870,
          "layoutY": 507
        }
      },
      {
        "type": "org.thingsboard.rule.engine.filter.TbJsFilterNode",
        "name": "Is Initial Attributes?",
        "debugSettings": {
          "failuresEnabled": true,
          "allEnabled": false,
          "allEnabledUntil": 1751862858561
        },
        "singletonMode": false,
        "queueName": null,
        "configurationVersion": 0,
        "configuration": {
          "scriptLang": "JS",
          "jsScript": "if(typeof msg.Init !== undefined) {\n    return msg.Init > 0;\n}\n\nreturn false;",
          "tbelScript": "return msg.temperature > 20;"
        },
        "additionalInfo": {
          "description": "",
          "layoutX": 1041,
          "layoutY": 41
        }
      },
      {
        "type": "org.thingsboard.rule.engine.transform.TbTransformMsgNode",
        "name": "Set Timestamp",
        "debugSettings": {
          "failuresEnabled": true,
          "allEnabled": false,
          "allEnabledUntil": 1751862858561
        },
        "singletonMode": false,
        "queueName": null,
        "configurationVersion": 0,
        "configuration": {
          "scriptLang": "JS",
          "jsScript": "var today = new Date();\nvar gmtTime = today.getTime();\nvar localOffset = (-1) * today.getTimezoneOffset() * 60000;\nvar localTime = Math.round(new Date(gmtTime+localOffset).getTime() / 1000);\n\nreturn {msg: {\"setTimestamp\": localTime}, metadata: metadata, msgType: msgType};",
          "tbelScript": "return {msg: msg, metadata: metadata, msgType: msgType};"
        },
        "additionalInfo": {
          "description": "",
          "layoutX": 1360,
          "layoutY": 42
        }
      },
      {
        "type": "org.thingsboard.rule.engine.telemetry.TbMsgAttributesNode",
        "name": "Save Shared Attributes",
        "debugSettings": {
          "failuresEnabled": true,
          "allEnabled": false,
          "allEnabledUntil": 1751862858561
        },
        "singletonMode": false,
        "queueName": null,
        "configurationVersion": 2,
        "configuration": {
          "scope": "SHARED_SCOPE",
          "notifyDevice": true,
          "sendAttributesUpdatedNotification": false,
          "updateAttributesOnlyOnValueChange": false
        },
        "additionalInfo": {
          "description": "",
          "layoutX": 1674,
          "layoutY": 44
        }
      },
      {
        "type": "org.thingsboard.rule.engine.metadata.TbGetTelemetryNode",
        "name": "Get Previous Temperature",
        "debugSettings": {
          "failuresEnabled": true,
          "allEnabled": false,
          "allEnabledUntil": 1751862858561
        },
        "singletonMode": false,
        "queueName": null,
        "configurationVersion": 2,
        "configuration": {
          "latestTsKeyNames": [
            "RTD #26 (C)",
            "RTD #27 (C)",
            "RTD #28 (C)",
            "RTD #29 (C)",
            "RTD #30 (C)",
            "RTD #34 (C)",
            "RTD #25 (C)",
            "RTD #42 (C)"
          ],
          "aggregation": "NONE",
          "fetchMode": "LAST",
          "orderBy": "DESC",
          "limit": 1000,
          "useMetadataIntervalPatterns": false,
          "startIntervalPattern": "",
          "endIntervalPattern": "",
          "startInterval": 5,
          "startIntervalTimeUnit": "MINUTES",
          "endInterval": 30,
          "endIntervalTimeUnit": "SECONDS"
        },
        "additionalInfo": {
          "description": "",
          "layoutX": 1358,
          "layoutY": 148
        }
      },
      {
        "type": "org.thingsboard.rule.engine.transform.TbTransformMsgNode",
        "name": "Filter Temperature",
        "debugSettings": {
          "failuresEnabled": true,
          "allEnabled": false,
          "allEnabledUntil": 1751862858561
        },
        "singletonMode": false,
        "queueName": null,
        "configurationVersion": 0,
        "configuration": {
          "scriptLang": "JS",
          "jsScript": "/*\r\nThe supply and return lines of the condenser and evaporator operate at different temps, as follows:\r\n1. Condenser supply temp: min = 27C, max = 31C, range = 4C (RTD# 12L, 21S, 17L, 19L)\r\n2. Condenser return temp: min = 31C, max = 36C, range = 5C (RTD# 11L, 15L, 23S, 32S)\r\n3. Evaporator supply temp: min = 5.5C, max = 10C, range = 4.5C (RTD# 13L, 22S, 24S, 20L)\r\n3a. Evaporator supply temp: min = 5.5C, max = 12C, range = 4.5C (RTD# 13L, 22S, 24S, 20L)\r\n4. Evaporator return temp: min = 9.5C, max = 14.5C, range = 5C (RTD# 14L, 16L, 18L, 25S)\r\n*/\r\nvar condSupplyMin = 27;\r\nvar condSupplyMax = 36;\r\nvar condSupplyMean = (condSupplyMax + condSupplyMin) / 2;\r\nvar condSupplyRange = condSupplyMax - condSupplyMin;\r\nvar condRetMin = 27;\r\nvar condRetMax = 36;\r\nvar condRetMean = (condRetMax + condRetMin) / 2;\r\nvar condRetRange = condRetMax - condRetMin;\r\nvar evaSupplyMin = 5;\r\nvar evaSupplyMax = 14;\r\nvar evaSupplyMean = (evaSupplyMax + evaSupplyMin) / 2;\r\nvar evaSupplyRange = evaSupplyMax - evaSupplyMin;\r\nvar evaRetMin = 5;\r\nvar evaRetMax = 14;\r\nvar evaRetMean = (evaRetMax + evaRetMin) / 2;\r\nvar evaRetRange = evaRetMax - evaRetMin;\r\n\r\n/*\r\nFiltering logic:\r\nIf curr temp is zero or NaN, set to prev temp (because 0C and NaN shouldn't happen)\r\nElse if delta btw curr and prev temp is outside of operating range\r\n   b. If curr temp is closer to operating range midpoint, set to curr Temp\r\n   b. Else, set to prev temp\r\nElse do nothing\r\n*/\r\n\r\n// Filter condenser supply RTDs (#28, #29)\r\nif(msg.hasOwnProperty('RTD #28 (C)')) {\r\n    var curr = msg[\"RTD #28 (C)\"];\r\n    var prev = parseFloat(JSON.parse(metadata[\"RTD #28 (C)\"]));\r\n    if(isNaN(curr) || curr == 0) {\r\n        msg[\"RTD #28 (C)\"] = prev;\r\n    } else if(Math.abs(curr - prev) > condSupplyRange) {\r\n        var currDiff = Math.abs(curr - condSupplyMean);\r\n        var prevDiff = Math.abs(prev - condSupplyMean);\r\n        if(currDiff <= prevDiff) {\r\n            msg[\"RTD #28 (C)\"] = curr;\r\n        } else {\r\n            msg[\"RTD #28 (C)\"] = prev;\r\n        }\r\n    }\r\n}\r\n\r\nif(msg.hasOwnProperty('RTD #29 (C)')) {\r\n    var curr = msg[\"RTD #29 (C)\"];\r\n    var prev = parseFloat(JSON.parse(metadata[\"RTD #29 (C)\"]));\r\n    if(isNaN(curr) || curr == 0) {\r\n        msg[\"RTD #29 (C)\"] = prev;\r\n    } else if (Math.abs(curr - prev) > condSupplyRange) {\r\n        var currDiff = Math.abs(curr - condSupplyMean);\r\n        var prevDiff = Math.abs(prev - condSupplyMean);\r\n        if(currDiff <= prevDiff) {\r\n            msg[\"RTD #29 (C)\"] = curr;\r\n        } else {\r\n            msg[\"RTD #29 (C)\"] = prev;\r\n        }\r\n    }\r\n}\r\n\r\n// Filter condenser return RTDs (#34, #26)\r\nif(msg.hasOwnProperty('RTD #34 (C)')) {\r\n    var curr = msg[\"RTD #34 (C)\"];\r\n    var prev = parseFloat(JSON.parse(metadata[\"RTD #34 (C)\"]));\r\n    if(isNaN(curr) || curr == 0) {\r\n        msg[\"RTD #34 (C)\"] = prev;\r\n    } else if(Math.abs(curr - prev) > condRetRange) {\r\n        var currDiff = Math.abs(curr - condRetMean);\r\n        var prevDiff = Math.abs(prev - condRetMean);\r\n        if(currDiff <= prevDiff) {\r\n            msg[\"RTD #34 (C)\"] = curr;\r\n        } else {\r\n            msg[\"RTD #34 (C)\"] = prev;\r\n        }\r\n    }\r\n}\r\n\r\nif(msg.hasOwnProperty('RTD #26 (C)')) {\r\n    var curr = msg[\"RTD #26 (C)\"];\r\n    var prev = parseFloat(JSON.parse(metadata[\"RTD #26 (C)\"]));\r\n    if(isNaN(curr) || curr == 0) {\r\n        msg[\"RTD #26 (C)\"] = prev;\r\n    } else if(Math.abs(curr - prev) > condRetRange) {\r\n        var currDiff = Math.abs(curr - condRetMean);\r\n        var prevDiff = Math.abs(prev - condRetMean);\r\n        if(currDiff <= prevDiff) {\r\n            msg[\"RTD #26 (C)\"] = curr;\r\n        } else {\r\n            msg[\"RTD #26 (C)\"] = prev;\r\n        }\r\n    }\r\n}\r\n\r\n// Filter evaporator supply RTDs (#42, #30)\r\nif(msg.hasOwnProperty('RTD #42 (C)')) {\r\n    var curr = msg[\"RTD #42 (C)\"];\r\n    var prev = parseFloat(JSON.parse(metadata[\"RTD #42 (C)\"]));\r\n    if(isNaN(curr) || curr == 0) {\r\n        msg[\"RTD #42 (C)\"] = prev;\r\n    } else if(Math.abs(curr - prev) > evaSupplyRange) {\r\n        var currDiff = Math.abs(curr - evaSupplyMean);\r\n        var prevDiff = Math.abs(prev - evaSupplyMean);\r\n        if(currDiff <= prevDiff) {\r\n            msg[\"RTD #42 (C)\"] = curr;\r\n        } else {\r\n            msg[\"RTD #42 (C)\"] = prev;\r\n        }\r\n    }\r\n}\r\n\r\nif(msg.hasOwnProperty('RTD #30 (C)')) {\r\n    var curr = msg[\"RTD #30 (C)\"];\r\n    var prev = parseFloat(JSON.parse(metadata[\"RTD #30 (C)\"]));\r\n    if(isNaN(curr) || curr == 0) {\r\n        msg[\"RTD #30 (C)\"] = prev;\r\n    } else if(Math.abs(curr - prev) > evaSupplyRange) {\r\n        var currDiff = Math.abs(curr - evaSupplyMean);\r\n        var prevDiff = Math.abs(prev - evaSupplyMean);\r\n        if(currDiff <= prevDiff) {\r\n            msg[\"RTD #30 (C)\"] = curr;\r\n        } else {\r\n            msg[\"RTD #30 (C)\"] = prev;\r\n        }\r\n    }\r\n}\r\n\r\n// Filter evaporator return RTDs (#25, #27)\r\nif(msg.hasOwnProperty('RTD #25 (C)')) {\r\n    var curr = msg[\"RTD #25 (C)\"];\r\n    var prev = parseFloat(JSON.parse(metadata[\"RTD #25 (C)\"]));\r\n    if(isNaN(curr) || curr == 0) {\r\n        msg[\"RTD #25 (C)\"] = prev;\r\n    } else if(Math.abs(curr - prev) > evaRetRange) {\r\n        var currDiff = Math.abs(curr - evaRetMean);\r\n        var prevDiff = Math.abs(prev - evaRetMean);\r\n        if(currDiff <= prevDiff) {\r\n            msg[\"RTD #25 (C)\"] = curr;\r\n        } else {\r\n            msg[\"RTD #25 (C)\"] = prev;\r\n        }\r\n    }\r\n}\r\n\r\nif(msg.hasOwnProperty('RTD #27 (C)')) {\r\n    var curr = msg[\"RTD #27 (C)\"];\r\n    var prev = parseFloat(JSON.parse(metadata[\"RTD #27 (C)\"]));\r\n    if(isNaN(curr) || curr == 0) {\r\n        msg[\"RTD #27 (C)\"] = prev;\r\n    } else if(Math.abs(curr - prev) > evaRetRange) {\r\n        var currDiff = Math.abs(curr - evaRetMean);\r\n        var prevDiff = Math.abs(prev - evaRetMean);\r\n        if(currDiff <= prevDiff) {\r\n            msg[\"RTD #27 (C)\"] = curr;\r\n        } else {\r\n            msg[\"RTD #27 (C)\"] = prev;\r\n        }\r\n    }\r\n}\r\n\r\nreturn {msg: msg, metadata: metadata, msgType: msgType};",
          "tbelScript": "return {msg: msg, metadata: metadata, msgType: msgType};"
        },
        "additionalInfo": {
          "description": "",
          "layoutX": 1687,
          "layoutY": 150
        }
      },
      {
        "type": "org.thingsboard.rule.engine.telemetry.TbMsgTimeseriesNode",
        "name": "Save Filtered Temperature",
        "debugSettings": {
          "failuresEnabled": true,
          "allEnabled": false,
          "allEnabledUntil": 1751862858561
        },
        "singletonMode": false,
        "queueName": null,
        "configurationVersion": 0,
        "configuration": {
          "defaultTTL": 0,
          "skipLatestPersistence": false,
          "useServerTs": false
        },
        "additionalInfo": {
          "description": "",
          "layoutX": 1359,
          "layoutY": 270
        }
      },
      {
        "type": "org.thingsboard.rule.engine.rest.TbRestApiCallNode",
        "name": "Send to cranes",
        "debugSettings": {
          "failuresEnabled": true,
          "allEnabled": false,
          "allEnabledUntil": 1751862858561
        },
        "singletonMode": false,
        "queueName": null,
        "configurationVersion": 3,
        "configuration": {
          "restEndpointUrlPattern": "https://cranes.asia/api/v1/${deviceName}/telemetry",
          "requestMethod": "POST",
          "useSimpleClientHttpFactory": false,
          "parseToPlainText": null,
          "ignoreRequestBody": false,
          "enableProxy": false,
          "useSystemProxyProperties": false,
          "proxyScheme": null,
          "proxyHost": null,
          "proxyPort": 0,
          "proxyUser": null,
          "proxyPassword": null,
          "readTimeoutMs": 0,
          "maxParallelRequestsCount": 0,
          "headers": {
            "Content-Type": "application/json"
          },
          "credentials": {
            "type": "anonymous"
          },
          "maxInMemoryBufferSizeInKb": 256
        },
        "additionalInfo": {
          "description": "",
          "layoutX": 1246,
          "layoutY": 331
        }
      },
      {
        "type": "org.thingsboard.rule.engine.telemetry.TbMsgTimeseriesNode",
        "name": "save",
        "debugSettings": null,
        "singletonMode": false,
        "queueName": null,
        "configurationVersion": 0,
        "configuration": {
          "defaultTTL": 0,
          "skipLatestPersistence": false,
          "useServerTs": false
        },
        "additionalInfo": {
          "description": "",
          "layoutX": 711,
          "layoutY": 228
        }
      }
    ],
    "connections": [
      {
        "fromIndex": 0,
        "toIndex": 2,
        "type": "Success"
      },
      {
        "fromIndex": 0,
        "toIndex": 16,
        "type": "Success"
      },
      {
        "fromIndex": 1,
        "toIndex": 0,
        "type": "Success"
      },
      {
        "fromIndex": 3,
        "toIndex": 1,
        "type": "Post telemetry"
      },
      {
        "fromIndex": 3,
        "toIndex": 4,
        "type": "Post attributes"
      },
      {
        "fromIndex": 3,
        "toIndex": 5,
        "type": "Inactivity Event"
      },
      {
        "fromIndex": 3,
        "toIndex": 8,
        "type": "Activity Event"
      },
      {
        "fromIndex": 3,
        "toIndex": 17,
        "type": "Post telemetry"
      },
      {
        "fromIndex": 4,
        "toIndex": 10,
        "type": "Success"
      },
      {
        "fromIndex": 5,
        "toIndex": 6,
        "type": "Created"
      },
      {
        "fromIndex": 6,
        "toIndex": 7,
        "type": "Success"
      },
      {
        "fromIndex": 8,
        "toIndex": 9,
        "type": "Cleared"
      },
      {
        "fromIndex": 9,
        "toIndex": 7,
        "type": "Success"
      },
      {
        "fromIndex": 10,
        "toIndex": 11,
        "type": "True"
      },
      {
        "fromIndex": 11,
        "toIndex": 12,
        "type": "Success"
      },
      {
        "fromIndex": 13,
        "toIndex": 14,
        "type": "Success"
      },
      {
        "fromIndex": 14,
        "toIndex": 15,
        "type": "Success"
      },
      {
        "fromIndex": 15,
        "toIndex": 2,
        "type": "Success"
      }
    ],
    "ruleChainConnections": null
  }
}