{
  "ruleChain": {
    "name": "Device Activity Alert",
    "type": "CORE",
    "firstRuleNodeId": null,
    "root": false,
    "debugMode": false,
    "configuration": null,
    "additionalInfo": {
      "description": ""
    }
  },
  "metadata": {
    "version": 21,
    "firstNodeIndex": 0,
    "nodes": [
      {
        "type": "org.thingsboard.rule.engine.filter.TbMsgTypeSwitchNode",
        "name": "switch",
        "debugSettings": null,
        "singletonMode": false,
        "queueName": null,
        "configurationVersion": 0,
        "configuration": {
          "version": 0
        },
        "additionalInfo": {
          "description": "",
          "layoutX": 323,
          "layoutY": 152
        }
      },
      {
        "type": "org.thingsboard.rule.engine.transform.TbTransformMsgNode",
        "name": "inactivity alert msg",
        "debugSettings": {
          "failuresEnabled": false,
          "allEnabled": false,
          "allEnabledUntil": 1753168787255
        },
        "singletonMode": false,
        "queueName": null,
        "configurationVersion": 0,
        "configuration": {
          "scriptLang": "JS",
          "jsScript": "var newMsg = {};\n\nvar finalString = metadata.deviceName + \" is now Inactive\";\n\nnewMsg.text = finalString;\nnewMsg.chat_id = -1002566758347;\n\nreturn {msg: newMsg, metadata: metadata, msgType: msgType};",
          "tbelScript": "return {msg: msg, metadata: metadata, msgType: msgType};"
        },
        "additionalInfo": {
          "description": "",
          "layoutX": 653,
          "layoutY": 78
        }
      },
      {
        "type": "org.thingsboard.rule.engine.transform.TbTransformMsgNode",
        "name": "activity alert msg",
        "debugSettings": {
          "failuresEnabled": false,
          "allEnabled": false,
          "allEnabledUntil": 1753168787255
        },
        "singletonMode": false,
        "queueName": null,
        "configurationVersion": 0,
        "configuration": {
          "scriptLang": "JS",
          "jsScript": "var newMsg = {};\n\nvar finalString = metadata.deviceName + \" is now Active\";\n\nnewMsg.text = finalString;\nnewMsg.chat_id = -1002566758347;\n\nreturn {msg: newMsg, metadata: metadata, msgType: msgType};",
          "tbelScript": "return {msg: msg, metadata: metadata, msgType: msgType};"
        },
        "additionalInfo": {
          "description": "",
          "layoutX": 651,
          "layoutY": 253
        }
      },
      {
        "type": "org.thingsboard.rule.engine.rest.TbRestApiCallNode",
        "name": "Post to Telegram",
        "debugSettings": {
          "failuresEnabled": true,
          "allEnabled": false,
          "allEnabledUntil": 1753165942692
        },
        "singletonMode": false,
        "queueName": null,
        "configurationVersion": 3,
        "configuration": {
          "restEndpointUrlPattern": "https://api.telegram.org/bot6554617884:AAGS1yEo2X_w4OhMzJqCZHFh5EWu-Rxgkc4/sendMessage",
          "requestMethod": "POST",
          "useSimpleClientHttpFactory": false,
          "parseToPlainText": false,
          "ignoreRequestBody": false,
          "enableProxy": false,
          "useSystemProxyProperties": false,
          "proxyScheme": null,
          "proxyHost": null,
          "proxyPort": 0,
          "proxyUser": null,
          "proxyPassword": null,
          "readTimeoutMs": 0,
          "maxParallelRequestsCount": 0,
          "headers": {
            "Content-Type": "application/json"
          },
          "credentials": {
            "type": "anonymous"
          },
          "maxInMemoryBufferSizeInKb": 256
        },
        "additionalInfo": {
          "description": "",
          "layoutX": 987,
          "layoutY": 154
        }
      },
      {
        "type": "org.thingsboard.rule.engine.transform.TbTransformMsgNode",
        "name": "activity alert msg",
        "debugSettings": {
          "failuresEnabled": false,
          "allEnabled": false,
          "allEnabledUntil": 0
        },
        "singletonMode": false,
        "queueName": null,
        "configurationVersion": 0,
        "configuration": {
          "scriptLang": "JS",
          "jsScript": "var newMsg = {};\n\nvar finalString = \"Msg is Sent!\";\n\nnewMsg.text = finalString;\nnewMsg.chat_id = -1002566758347;\n\nreturn {msg: newMsg, metadata: metadata, msgType: msgType};",
          "tbelScript": "return {msg: msg, metadata: metadata, msgType: msgType};"
        },
        "additionalInfo": {
          "description": "",
          "layoutX": 654,
          "layoutY": 425
        }
      },
      {
        "type": "org.thingsboard.rule.engine.debug.TbMsgGeneratorNode",
        "name": "test",
        "debugSettings": null,
        "singletonMode": false,
        "queueName": null,
        "configurationVersion": 2,
        "configuration": {
          "msgCount": 0,
          "periodInSeconds": 30,
          "scriptLang": "JS",
          "jsScript": "var msg = { temp: 42, humidity: 77 };\nvar metadata = { data: 40 };\nvar msgType = \"POST_TELEMETRY_REQUEST\";\n\nreturn { msg: msg, metadata: metadata, msgType: msgType };",
          "tbelScript": "var msg = { temp: 42, humidity: 77 };\nvar metadata = { data: 40 };\nvar msgType = \"POST_TELEMETRY_REQUEST\";\n\nreturn { msg: msg, metadata: metadata, msgType: msgType };",
          "originatorId": null,
          "originatorType": "RULE_NODE"
        },
        "additionalInfo": {
          "description": "",
          "layoutX": 367,
          "layoutY": 423
        }
      },
      {
        "type": "org.thingsboard.rule.engine.rest.TbRestApiCallNode",
        "name": "Send to Cranes",
        "debugSettings": {
          "failuresEnabled": true,
          "allEnabled": false,
          "allEnabledUntil": 0
        },
        "singletonMode": false,
        "queueName": null,
        "configurationVersion": 3,
        "configuration": {
          "restEndpointUrlPattern": "https://cranes.asia/api/v1/${deviceName}/telemetry",
          "requestMethod": "POST",
          "useSimpleClientHttpFactory": false,
          "ignoreRequestBody": false,
          "enableProxy": false,
          "useSystemProxyProperties": false,
          "proxyScheme": null,
          "proxyHost": null,
          "proxyPort": 0,
          "proxyUser": null,
          "proxyPassword": null,
          "readTimeoutMs": 0,
          "maxParallelRequestsCount": 0,
          "headers": {
            "Content-Type": "application/json"
          },
          "credentials": {
            "type": "anonymous"
          },
          "parseToPlainText": false,
          "maxInMemoryBufferSizeInKb": 256
        },
        "additionalInfo": {
          "description": "",
          "layoutX": 919,
          "layoutY": 422
        }
      },
      {
        "type": "org.thingsboard.rule.engine.transform.TbChangeOriginatorNode",
        "name": "alert test",
        "debugSettings": null,
        "singletonMode": false,
        "queueName": null,
        "configurationVersion": 0,
        "configuration": {
          "originatorSource": "ENTITY",
          "entityType": "DEVICE",
          "entityNamePattern": "Alert Test",
          "relationsQuery": {
            "direction": "FROM",
            "maxLevel": 1,
            "filters": [
              {
                "relationType": "Contains",
                "entityTypes": [],
                "negate": false
              }
            ],
            "fetchLastLevelOnly": false
          }
        },
        "additionalInfo": {
          "description": "",
          "layoutX": 357,
          "layoutY": 554
        }
      },
      {
        "type": "org.thingsboard.rule.engine.telemetry.TbMsgTimeseriesNode",
        "name": "save test",
        "debugSettings": null,
        "singletonMode": false,
        "queueName": null,
        "configurationVersion": 0,
        "configuration": {
          "defaultTTL": 0,
          "skipLatestPersistence": false,
          "useServerTs": false
        },
        "additionalInfo": {
          "description": "",
          "layoutX": 439,
          "layoutY": 666
        }
      }
    ],
    "connections": [
      {
        "fromIndex": 0,
        "toIndex": 1,
        "type": "Inactivity Event"
      },
      {
        "fromIndex": 0,
        "toIndex": 2,
        "type": "Activity Event"
      },
      {
        "fromIndex": 1,
        "toIndex": 3,
        "type": "Success"
      },
      {
        "fromIndex": 2,
        "toIndex": 3,
        "type": "Success"
      },
      {
        "fromIndex": 4,
        "toIndex": 3,
        "type": "Success"
      },
      {
        "fromIndex": 7,
        "toIndex": 8,
        "type": "Success"
      }
    ],
    "ruleChainConnections": null
  }
}