{
  "ruleChain": {
    "name": "DPM Filter",
    "type": "CORE",
    "firstRuleNodeId": null,
    "root": false,
    "debugMode": true,
    "configuration": null,
    "additionalInfo": {
      "description": ""
    }
  },
  "metadata": {
    "version": 43,
    "firstNodeIndex": 0,
    "nodes": [
      {
        "type": "org.thingsboard.rule.engine.filter.TbJsFilterNode",
        "name": "DPM 5/6",
        "debugSettings": {
          "failuresEnabled": false,
          "allEnabled": false,
          "allEnabledUntil": 1750929454005
        },
        "singletonMode": false,
        "queueName": null,
        "configurationVersion": 0,
        "configuration": {
          "scriptLang": "JS",
          "jsScript": "return metadata.deviceName == \"Numed_DPM_5&6\" ? true:false;",
          "tbelScript": "return msg.temperature > 20;"
        },
        "additionalInfo": {
          "description": "",
          "layoutX": 323,
          "layoutY": 152
        }
      },
      {
        "type": "org.thingsboard.rule.engine.transform.TbTransformMsgNode",
        "name": "DPM 5&6",
        "debugSettings": {
          "failuresEnabled": false,
          "allEnabled": false,
          "allEnabledUntil": 1769574868777
        },
        "singletonMode": false,
        "queueName": null,
        "configurationVersion": 0,
        "configuration": {
          "scriptLang": "JS",
          "jsScript": "var config = {\n  Current: { max: 500, min: 0, spikeDrop: -100 },\n  Voltage: { max: 350, min: 200, spikeDrop: -100 },\n  Power:   { max: 500, min: 0, spikeDrop: -100 }\n};\n\nfunction filter1(NewVal, Counter, minValue, maxValue,pastVal,spikeDrop) {\n    var delta = NewVal - pastVal; \n    return (NewVal > maxValue || NewVal < minValue || NewVal === 0 || delta < spikeDrop ) ? Counter + 1 : 1;\n}\n\nfunction filter2(NewVal, PastVal, minValue, maxValue,spikeDrop) {\n    var delta = NewVal - PastVal;\n    return (NewVal > maxValue || NewVal < minValue || delta < spikeDrop) ? PastVal : NewVal;\n}\n\nfunction filter3(NewVal, filVal, oldFilVal, counter) {\n    return (NewVal === 0 && counter < 3) ? oldFilVal : filVal;\n}\n\nfunction filter4(newVal,finalVal,counter,spikeDrop,pastVal,minValue){\n    var delta = newVal - pastVal;\n    return (delta < spikeDrop && counter > 2 && newVal >= minValue) ? newVal:finalVal;\n}\n\nfunction safeParse(val) {\n    try {\n        return parseFloat(JSON.parse(val));\n    } catch (e) {\n        return 0;\n    }\n}\n\nvar signals = [\n    { phase: \"5\", label: \"Voltage\", unit: \"(V)\" },\n    { phase: \"6\", label: \"Voltage\", unit: \"(V)\" }\n];\n\nfor (var i = 0; i < signals.length; i++) {\n    var s = signals[i];\n    var baseLabel = s.label + \" \" + s.phase + \" \" + s.unit;\n    var rawKey = \"Raw \" + baseLabel;\n    var counterKey = \"c\" + s.label.charAt(0).toLowerCase() + s.phase;\n    var filterKey = \"f1\" + s.label.charAt(0).toLowerCase() + s.phase;\n\n    if (rawKey in msg) {\n        var cfg = config[s.label]; // use label to get config (Current, Power, Voltage)\n        var newVal = msg[rawKey];\n        var pastVal = safeParse(metadata[baseLabel]);\n        var counter = safeParse(metadata[counterKey]);\n        var oldFilVal = safeParse(metadata[filterKey]);\n\n        var updatedCounter = filter1(newVal, counter, cfg.min, cfg.max,pastVal,cfg.spikeDrop);\n        var filteredVal = filter2(newVal, pastVal, cfg.min, cfg.max,cfg.spikeDrop);\n        var finalVal = filter3(newVal, filteredVal, oldFilVal, counter);\n        var finalVal2 = filter4(newVal,finalVal,counter,cfg.spikeDrop,pastVal,cfg.min);\n\n        msg[counterKey] = updatedCounter;\n        msg[filterKey] = filteredVal;\n        msg[baseLabel] = finalVal2;\n    }\n}\n\nreturn { msg: msg, metadata: metadata, msgType: msgType };\n",
          "tbelScript": "return {msg: msg, metadata: metadata, msgType: msgType};"
        },
        "additionalInfo": {
          "description": "",
          "layoutX": 842,
          "layoutY": 139
        }
      },
      {
        "type": "org.thingsboard.rule.engine.metadata.TbGetTelemetryNode",
        "name": "Fetch DPM val",
        "debugSettings": {
          "failuresEnabled": false,
          "allEnabled": false,
          "allEnabledUntil": 1769575146424
        },
        "singletonMode": false,
        "queueName": null,
        "configurationVersion": 2,
        "configuration": {
          "latestTsKeyNames": [
            "Voltage 5 (V)",
            "Voltage 6 (V)",
            "Raw Voltage 5 (V)",
            "Raw Voltage 6 (V)",
            "cv5",
            "cv6",
            "f1v5",
            "f1v6"
          ],
          "aggregation": "NONE",
          "fetchMode": "LAST",
          "orderBy": "ASC",
          "limit": 1000,
          "useMetadataIntervalPatterns": false,
          "startIntervalPattern": "",
          "endIntervalPattern": "",
          "startInterval": 2,
          "startIntervalTimeUnit": "HOURS",
          "endInterval": 1,
          "endIntervalTimeUnit": "MINUTES"
        },
        "additionalInfo": {
          "description": "",
          "layoutX": 574,
          "layoutY": 143
        }
      },
      {
        "type": "org.thingsboard.rule.engine.filter.TbJsFilterNode",
        "name": "DPM 1",
        "debugSettings": {
          "failuresEnabled": false,
          "allEnabled": false,
          "allEnabledUntil": 0
        },
        "singletonMode": false,
        "queueName": null,
        "configurationVersion": 0,
        "configuration": {
          "scriptLang": "JS",
          "jsScript": "return metadata.deviceName == \"Numed_DPM_1\" ? true:false;",
          "tbelScript": "return msg.temperature > 20;"
        },
        "additionalInfo": {
          "description": "",
          "layoutX": 327,
          "layoutY": 234
        }
      },
      {
        "type": "org.thingsboard.rule.engine.metadata.TbGetTelemetryNode",
        "name": "Fetch DPM val",
        "debugSettings": {
          "failuresEnabled": false,
          "allEnabled": false,
          "allEnabledUntil": 1769575146424
        },
        "singletonMode": false,
        "queueName": null,
        "configurationVersion": 2,
        "configuration": {
          "latestTsKeyNames": [
            "Voltage 1 (V)",
            "Current 1 (A)",
            "Power 1 (kW)",
            "Raw Voltage 1 (V)",
            "Raw Current 1 (A)",
            "Raw Power 1 (kW)"
          ],
          "aggregation": "NONE",
          "fetchMode": "LAST",
          "orderBy": "ASC",
          "limit": 1000,
          "useMetadataIntervalPatterns": false,
          "startIntervalPattern": "",
          "endIntervalPattern": "",
          "startInterval": 2,
          "startIntervalTimeUnit": "HOURS",
          "endInterval": 1,
          "endIntervalTimeUnit": "MINUTES"
        },
        "additionalInfo": {
          "description": "",
          "layoutX": 573,
          "layoutY": 230
        }
      },
      {
        "type": "org.thingsboard.rule.engine.transform.TbTransformMsgNode",
        "name": "DPM 1",
        "debugSettings": {
          "failuresEnabled": false,
          "allEnabled": false,
          "allEnabledUntil": 1769574868777
        },
        "singletonMode": false,
        "queueName": null,
        "configurationVersion": 0,
        "configuration": {
          "scriptLang": "JS",
          "jsScript": "var config = {\n  Current: { max: 500, min: 0, threshold: 100 },\n  Voltage: { max: 350, min: 200, threshold: 100 },\n  Power:   { max: 500, min: 0, threshold: 100 }\n};\nvar chiller = \"1\";\nvar signals = [\n    { phase: chiller, label: \"Current\", unit: \"(A)\" },\n    { phase: chiller, label: \"Power\", unit: \"(kW)\" },\n    { phase: chiller, label: \"Voltage\", unit: \"(V)\" }\n];\n\nfor (var i = 0; i < signals.length; i++) {\n    var s = signals[i];\n    var baseLabel = s.label + \" \" + s.phase + \" \" + s.unit;\n    var rawKey = \"Raw \" + baseLabel;\n    \n    if (rawKey in msg) {\n        var cfg = config[s.label];\n        var curr_Raw = msg[rawKey];\n        var past_Raw = safeParse(metadata[rawKey]);\n        var past_Val = safeParse(metadata[baseLabel]);\n        var filter;\n        if (past_Raw === null || past_Val === null ) {\n            filter = newValue(curr_Raw,cfg.max,cfg.min);\n        }else{\n            if(s.label === \"Voltage\"){\n                filter = validatorVoltage(curr_Raw,past_Raw,past_Val,cfg.threshold,cfg.max,cfg.min);\n            }else{\n                filter = validator(curr_Raw,past_Raw,past_Val,cfg.threshold,cfg.max,cfg.min);\n            }\n        }\n        \n        if (filter !== \"invalid\") {\n            msg[baseLabel] = filter;\n        }else{\n            delete msg[baseLabel];\n        }\n    }\n}\n\nfunction safeParse(val) {\n    try {\n        return parseFloat(JSON.parse(val));\n    } catch (e) {\n        return null;\n    }\n}\nfunction validator(value,prevOrigValue,prevValue,threshold,max,min){\n\n    var alpha  = 0.1;\n\n    var delta = Math.abs(value - prevValue);\n    if (value == 0) {\n        return prevOrigValue == 0 ? value : prevValue ;\n    }\n\n    if (value > max || value < min) {\n        return prevValue;\n    }\n    \n    if (delta > threshold * 5) {\n        return prevValue;\n    }\n     \n    \n    if (prevValue < 50 ) {\n\n        if (value <= 50) {\n            return value;\n        }\n\n        if (prevOrigValue > 50 && prevOrigValue < max) {\n            return value;\n        }\n\n        return prevValue;\n    }else {\n        if ( delta > threshold && prevValue !== 0) {\n            return alpha * value + (1 - alpha) * prevValue;\n        }else{\n            return value;\n        }\n    }\n    \n    \n}\n\nfunction validatorVoltage(value,prevOrigValue,prevValue,threshold,max,min){\n\n    var alpha  = 0.1;\n\n    var delta = Math.abs(value - prevValue);\n\n    if (value > max || value < min) {\n        return prevValue;\n    }\n    \n    if (delta > threshold * 5) {\n        return prevValue;\n    }\n     \n    if ( delta > threshold && prevValue !== 0) {\n            return alpha * value + (1 - alpha) * prevValue;\n    }\n    return value;\n    \n}\n\nfunction newValue(value,max,min){\n\n    if (value > max || value < min) {\n        return \"invalid\";\n    }else{\n        return value;\n    }\n    \n}\nreturn {msg: msg, metadata: metadata, msgType: msgType};\n",
          "tbelScript": "return {msg: msg, metadata: metadata, msgType: msgType};"
        },
        "additionalInfo": {
          "description": "",
          "layoutX": 842,
          "layoutY": 237
        }
      },
      {
        "type": "org.thingsboard.rule.engine.filter.TbJsFilterNode",
        "name": "DPM 2",
        "debugSettings": {
          "failuresEnabled": false,
          "allEnabled": false,
          "allEnabledUntil": 1751945642514
        },
        "singletonMode": false,
        "queueName": null,
        "configurationVersion": 0,
        "configuration": {
          "scriptLang": "JS",
          "jsScript": "return metadata.deviceName == \"Numed_DPM_2\" ? true:false;",
          "tbelScript": "return msg.temperature > 20;"
        },
        "additionalInfo": {
          "description": "",
          "layoutX": 327,
          "layoutY": 325
        }
      },
      {
        "type": "org.thingsboard.rule.engine.metadata.TbGetTelemetryNode",
        "name": "Fetch DPM val",
        "debugSettings": {
          "failuresEnabled": false,
          "allEnabled": false,
          "allEnabledUntil": 1769575146424
        },
        "singletonMode": false,
        "queueName": null,
        "configurationVersion": 2,
        "configuration": {
          "latestTsKeyNames": [
            "Voltage 2 (V)",
            "Current 2 (A)",
            "Power 2 (kW)",
            "cv2",
            "cc2",
            "cp2",
            "f1c2",
            "f1p2",
            "f1v2",
            "Raw Voltage 2 (V)",
            "Raw Current 2 (A)",
            "Raw Power 2 (kW)"
          ],
          "aggregation": "NONE",
          "fetchMode": "LAST",
          "orderBy": "ASC",
          "limit": 1000,
          "useMetadataIntervalPatterns": false,
          "startIntervalPattern": "",
          "endIntervalPattern": "",
          "startInterval": 2,
          "startIntervalTimeUnit": "HOURS",
          "endInterval": 1,
          "endIntervalTimeUnit": "MINUTES"
        },
        "additionalInfo": {
          "description": "",
          "layoutX": 573,
          "layoutY": 319
        }
      },
      {
        "type": "org.thingsboard.rule.engine.transform.TbTransformMsgNode",
        "name": "DPM 2",
        "debugSettings": {
          "failuresEnabled": false,
          "allEnabled": false,
          "allEnabledUntil": 1769574868777
        },
        "singletonMode": false,
        "queueName": null,
        "configurationVersion": 0,
        "configuration": {
          "scriptLang": "JS",
          "jsScript": "var config = {\n  Current: { max: 500, min: 0, threshold: 100 },\n  Voltage: { max: 350, min: 200, threshold: 100 },\n  Power:   { max: 500, min: 0, threshold: 100 }\n};\nvar chiller = \"2\";\nvar signals = [\n    { phase: chiller, label: \"Current\", unit: \"(A)\" },\n    { phase: chiller, label: \"Power\", unit: \"(kW)\" },\n    { phase: chiller, label: \"Voltage\", unit: \"(V)\" }\n];\n\nfor (var i = 0; i < signals.length; i++) {\n    var s = signals[i];\n    var baseLabel = s.label + \" \" + s.phase + \" \" + s.unit;\n    var rawKey = \"Raw \" + baseLabel;\n    \n    if (rawKey in msg) {\n        var cfg = config[s.label];\n        var curr_Raw = msg[rawKey];\n        var past_Raw = safeParse(metadata[rawKey]);\n        var past_Val = safeParse(metadata[baseLabel]);\n        var filter;\n        if (past_Raw === null || past_Val === null ) {\n            filter = newValue(curr_Raw,cfg.max,cfg.min);\n        }else{\n            if(s.label === \"Voltage\"){\n                filter = validatorVoltage(curr_Raw,past_Raw,past_Val,cfg.threshold,cfg.max,cfg.min);\n            }else{\n                filter = validator(curr_Raw,past_Raw,past_Val,cfg.threshold,cfg.max,cfg.min);\n            }\n        }\n        \n        if (filter !== \"invalid\") {\n            msg[baseLabel] = filter;\n        }else{\n            delete msg[baseLabel];\n        }\n    }\n}\n\nfunction safeParse(val) {\n    try {\n        return parseFloat(JSON.parse(val));\n    } catch (e) {\n        return null;\n    }\n}\nfunction validator(value,prevOrigValue,prevValue,threshold,max,min){\n\n    var alpha  = 0.1;\n\n    var delta = Math.abs(value - prevValue);\n    if (value == 0) {\n        return prevOrigValue == 0 ? value : prevValue ;\n    }\n\n    if (value > max || value < min) {\n        return prevValue;\n    }\n    \n    if (delta > threshold * 5) {\n        return prevValue;\n    }\n     \n    \n    if (prevValue < 50 ) {\n\n        if (value <= 50) {\n            return value;\n        }\n\n        if (prevOrigValue > 50 && prevOrigValue < max) {\n            return value;\n        }\n\n        return prevValue;\n    }else {\n        if ( delta > threshold && prevValue !== 0) {\n            return alpha * value + (1 - alpha) * prevValue;\n        }else{\n            return value;\n        }\n    }\n    \n    \n}\n\nfunction validatorVoltage(value,prevOrigValue,prevValue,threshold,max,min){\n\n    var alpha  = 0.1;\n\n    var delta = Math.abs(value - prevValue);\n\n    if (value > max || value < min) {\n        return prevValue;\n    }\n    \n    if (delta > threshold * 5) {\n        return prevValue;\n    }\n     \n    if ( delta > threshold && prevValue !== 0) {\n            return alpha * value + (1 - alpha) * prevValue;\n    }\n    return value;\n    \n}\n\nfunction newValue(value,max,min){\n\n    if (value > max || value < min) {\n        return \"invalid\";\n    }else{\n        return value;\n    }\n    \n}\nreturn {msg: msg, metadata: metadata, msgType: msgType};\n",
          "tbelScript": "return {msg: msg, metadata: metadata, msgType: msgType};"
        },
        "additionalInfo": {
          "description": "",
          "layoutX": 842,
          "layoutY": 312
        }
      },
      {
        "type": "org.thingsboard.rule.engine.filter.TbJsFilterNode",
        "name": "DPM 3",
        "debugSettings": {
          "failuresEnabled": false,
          "allEnabled": false,
          "allEnabledUntil": 1751947761517
        },
        "singletonMode": false,
        "queueName": null,
        "configurationVersion": 0,
        "configuration": {
          "scriptLang": "JS",
          "jsScript": "return metadata.deviceName == \"Numed_DPM_3\" ? true:false;",
          "tbelScript": "return msg.temperature > 20;"
        },
        "additionalInfo": {
          "description": "",
          "layoutX": 320,
          "layoutY": 399
        }
      },
      {
        "type": "org.thingsboard.rule.engine.metadata.TbGetTelemetryNode",
        "name": "Fetch DPM val",
        "debugSettings": {
          "failuresEnabled": false,
          "allEnabled": false,
          "allEnabledUntil": 1769575146424
        },
        "singletonMode": false,
        "queueName": null,
        "configurationVersion": 2,
        "configuration": {
          "latestTsKeyNames": [
            "Voltage 3 (V)",
            "Current 3 (A)",
            "Power 3 (kW)",
            "cv3",
            "cc3",
            "cp3",
            "f1c3",
            "f1p3",
            "f1v3",
            "Raw Voltage 3 (V)",
            "Raw Current 3 (A)",
            "Raw Power 3 (kW)"
          ],
          "aggregation": "NONE",
          "fetchMode": "LAST",
          "orderBy": "ASC",
          "limit": 1000,
          "useMetadataIntervalPatterns": false,
          "startIntervalPattern": "",
          "endIntervalPattern": "",
          "startInterval": 2,
          "startIntervalTimeUnit": "HOURS",
          "endInterval": 1,
          "endIntervalTimeUnit": "MINUTES"
        },
        "additionalInfo": {
          "description": "",
          "layoutX": 573,
          "layoutY": 401
        }
      },
      {
        "type": "org.thingsboard.rule.engine.transform.TbTransformMsgNode",
        "name": "DPM 3",
        "debugSettings": {
          "failuresEnabled": false,
          "allEnabled": false,
          "allEnabledUntil": 1769574868777
        },
        "singletonMode": false,
        "queueName": null,
        "configurationVersion": 0,
        "configuration": {
          "scriptLang": "JS",
          "jsScript": "var config = {\n  Current: { max: 500, min: 0, threshold: 100 },\n  Voltage: { max: 350, min: 200, threshold: 100 },\n  Power:   { max: 500, min: 0, threshold: 100 }\n};\n\nvar signals = [\n    { phase: \"3\", label: \"Current\", unit: \"(A)\" },\n    { phase: \"3\", label: \"Power\", unit: \"(kW)\" },\n    { phase: \"3\", label: \"Voltage\", unit: \"(V)\" }\n];\n\nfor (var i = 0; i < signals.length; i++) {\n    var s = signals[i];\n    var baseLabel = s.label + \" \" + s.phase + \" \" + s.unit;\n    var rawKey = \"Raw \" + baseLabel;\n    \n    if (rawKey in msg) {\n        var cfg = config[s.label];\n        var curr_Raw = msg[rawKey];\n        var past_Raw = safeParse(metadata[rawKey]);\n        var past_Val = safeParse(metadata[baseLabel]);\n        var filter;\n        if (past_Raw === null || past_Val === null ) {\n            filter = newValue(curr_Raw,cfg.max,cfg.min);\n        }else{\n            if(s.label === \"Voltage\"){\n                filter = validatorVoltage(curr_Raw,past_Raw,past_Val,cfg.threshold,cfg.max,cfg.min);\n            }else{\n                filter = validator(curr_Raw,past_Raw,past_Val,cfg.threshold,cfg.max,cfg.min);\n            }\n        }\n        \n        if (filter !== \"invalid\") {\n            msg[baseLabel] = filter;\n        }else{\n            delete msg[baseLabel];\n        }\n    }\n}\n\nfunction safeParse(val) {\n    try {\n        return parseFloat(JSON.parse(val));\n    } catch (e) {\n        return null;\n    }\n}\nfunction validator(value,prevOrigValue,prevValue,threshold,max,min){\n\n    var alpha  = 0.1;\n\n    var delta = Math.abs(value - prevValue);\n    if (value == 0) {\n        return prevOrigValue == 0 ? value : prevValue ;\n    }\n\n    if (value > max || value < min) {\n        return prevValue;\n    }\n    \n    if (delta > threshold * 5) {\n        return prevValue;\n    }\n     \n    \n    if (prevValue < 50 ) {\n\n        if (value <= 50) {\n            return value;\n        }\n\n        if (prevOrigValue > 50 && prevOrigValue < max) {\n            return value;\n        }\n\n        return prevValue;\n    }else {\n        if ( delta > threshold && prevValue !== 0) {\n            return alpha * value + (1 - alpha) * prevValue;\n        }else{\n            return value;\n        }\n    }\n    \n    \n}\n\nfunction validatorVoltage(value,prevOrigValue,prevValue,threshold,max,min){\n\n    var alpha  = 0.1;\n\n    var delta = Math.abs(value - prevValue);\n\n    if (value > max || value < min) {\n        return prevValue;\n    }\n    \n    if (delta > threshold * 5) {\n        return prevValue;\n    }\n     \n    if ( delta > threshold && prevValue !== 0) {\n            return alpha * value + (1 - alpha) * prevValue;\n    }\n    return value;\n    \n}\n\nfunction newValue(value,max,min){\n\n    if (value > max || value < min) {\n        return \"invalid\";\n    }else{\n        return value;\n    }\n    \n}\nreturn {msg: msg, metadata: metadata, msgType: msgType};\n",
          "tbelScript": "return {msg: msg, metadata: metadata, msgType: msgType};"
        },
        "additionalInfo": {
          "description": "",
          "layoutX": 849,
          "layoutY": 394
        }
      },
      {
        "type": "org.thingsboard.rule.engine.telemetry.TbMsgTimeseriesNode",
        "name": "Save Timeseries",
        "debugSettings": {
          "failuresEnabled": true,
          "allEnabled": false,
          "allEnabledUntil": 1751947761517
        },
        "singletonMode": false,
        "queueName": null,
        "configurationVersion": 0,
        "configuration": {
          "defaultTTL": 0
        },
        "additionalInfo": {
          "description": null,
          "layoutX": 1112,
          "layoutY": 274
        }
      },
      {
        "type": "org.thingsboard.rule.engine.filter.TbJsFilterNode",
        "name": "DPM 4",
        "debugSettings": {
          "failuresEnabled": false,
          "allEnabled": false,
          "allEnabledUntil": 0
        },
        "singletonMode": false,
        "queueName": null,
        "configurationVersion": 0,
        "configuration": {
          "scriptLang": "JS",
          "jsScript": "return metadata.deviceName == \"Numed_DPM_4\" ? true:false;",
          "tbelScript": "return msg.temperature > 20;"
        },
        "additionalInfo": {
          "description": "",
          "layoutX": 314,
          "layoutY": 497
        }
      },
      {
        "type": "org.thingsboard.rule.engine.metadata.TbGetTelemetryNode",
        "name": "Fetch DPM val",
        "debugSettings": {
          "failuresEnabled": false,
          "allEnabled": false,
          "allEnabledUntil": 1769575146424
        },
        "singletonMode": false,
        "queueName": null,
        "configurationVersion": 2,
        "configuration": {
          "latestTsKeyNames": [
            "Voltage 4 (V)",
            "Current 4 (A)",
            "Power 4 (kW)",
            "cv4",
            "cc4",
            "cp4",
            "f1c4",
            "f1p4",
            "f1v4",
            "Raw Voltage 4 (V)",
            "Raw Current 4 (A)",
            "Raw Power 4 (kW)"
          ],
          "aggregation": "NONE",
          "fetchMode": "LAST",
          "orderBy": "ASC",
          "limit": 1000,
          "useMetadataIntervalPatterns": false,
          "startIntervalPattern": "",
          "endIntervalPattern": "",
          "startInterval": 2,
          "startIntervalTimeUnit": "HOURS",
          "endInterval": 1,
          "endIntervalTimeUnit": "MINUTES"
        },
        "additionalInfo": {
          "description": "",
          "layoutX": 569,
          "layoutY": 506
        }
      },
      {
        "type": "org.thingsboard.rule.engine.transform.TbTransformMsgNode",
        "name": "DPM 4",
        "debugSettings": {
          "failuresEnabled": false,
          "allEnabled": false,
          "allEnabledUntil": 1769574868777
        },
        "singletonMode": false,
        "queueName": null,
        "configurationVersion": 0,
        "configuration": {
          "scriptLang": "JS",
          "jsScript": "var config = {\n  Current: { max: 500, min: 0, threshold: 100 },\n  Voltage: { max: 350, min: 200, threshold: 100 },\n  Power:   { max: 500, min: 0, threshold: 100 }\n};\nvar chiller = \"4\";\nvar signals = [\n    { phase: chiller, label: \"Current\", unit: \"(A)\" },\n    { phase: chiller, label: \"Power\", unit: \"(kW)\" },\n    { phase: chiller, label: \"Voltage\", unit: \"(V)\" }\n];\n\nfor (var i = 0; i < signals.length; i++) {\n    var s = signals[i];\n    var baseLabel = s.label + \" \" + s.phase + \" \" + s.unit;\n    var rawKey = \"Raw \" + baseLabel;\n    \n    if (rawKey in msg) {\n        var cfg = config[s.label];\n        var curr_Raw = msg[rawKey];\n        var past_Raw = safeParse(metadata[rawKey]);\n        var past_Val = safeParse(metadata[baseLabel]);\n        var filter;\n        if (past_Raw === null || past_Val === null ) {\n            filter = newValue(curr_Raw,cfg.max,cfg.min);\n        }else{\n            if(s.label === \"Voltage\"){\n                filter = validatorVoltage(curr_Raw,past_Raw,past_Val,cfg.threshold,cfg.max,cfg.min);\n            }else{\n                filter = validator(curr_Raw,past_Raw,past_Val,cfg.threshold,cfg.max,cfg.min);\n            }\n        }\n        \n        if (filter !== \"invalid\") {\n            msg[baseLabel] = filter;\n        }else{\n            delete msg[baseLabel];\n        }\n    }\n}\n\nfunction safeParse(val) {\n    try {\n        return parseFloat(JSON.parse(val));\n    } catch (e) {\n        return null;\n    }\n}\nfunction validator(value,prevOrigValue,prevValue,threshold,max,min){\n\n    var alpha  = 0.1;\n\n    var delta = Math.abs(value - prevValue);\n    if (value == 0) {\n        return prevOrigValue == 0 ? value : prevValue ;\n    }\n\n    if (value > max || value < min) {\n        return prevValue;\n    }\n    \n    if (delta > threshold * 5) {\n        return prevValue;\n    }\n     \n    \n    if (prevValue < 50 ) {\n\n        if (value <= 50) {\n            return value;\n        }\n\n        if (prevOrigValue > 50 && prevOrigValue < max) {\n            return value;\n        }\n\n        return prevValue;\n    }else {\n        if ( delta > threshold && prevValue !== 0) {\n            return alpha * value + (1 - alpha) * prevValue;\n        }else{\n            return value;\n        }\n    }\n    \n    \n}\n\nfunction validatorVoltage(value,prevOrigValue,prevValue,threshold,max,min){\n\n    var alpha  = 0.1;\n\n    var delta = Math.abs(value - prevValue);\n\n    if (value > max || value < min) {\n        return prevValue;\n    }\n    \n    if (delta > threshold * 5) {\n        return prevValue;\n    }\n     \n    if ( delta > threshold && prevValue !== 0) {\n            return alpha * value + (1 - alpha) * prevValue;\n    }\n    return value;\n    \n}\n\nfunction newValue(value,max,min){\n\n    if (value > max || value < min) {\n        return \"invalid\";\n    }else{\n        return value;\n    }\n    \n}\nreturn {msg: msg, metadata: metadata, msgType: msgType};\n",
          "tbelScript": "return {msg: msg, metadata: metadata, msgType: msgType};"
        },
        "additionalInfo": {
          "description": "",
          "layoutX": 847,
          "layoutY": 503
        }
      },
      {
        "type": "org.thingsboard.rule.engine.rest.TbRestApiCallNode",
        "name": "send to cranes",
        "debugSettings": {
          "failuresEnabled": false,
          "allEnabled": false,
          "allEnabledUntil": 0
        },
        "singletonMode": false,
        "queueName": null,
        "configurationVersion": 3,
        "configuration": {
          "restEndpointUrlPattern": "https://cranes.asia/api/v1/${deviceName}/telemetry",
          "requestMethod": "POST",
          "useSimpleClientHttpFactory": false,
          "parseToPlainText": false,
          "ignoreRequestBody": false,
          "enableProxy": false,
          "useSystemProxyProperties": false,
          "proxyScheme": null,
          "proxyHost": null,
          "proxyPort": 0,
          "proxyUser": null,
          "proxyPassword": null,
          "readTimeoutMs": 0,
          "maxParallelRequestsCount": 0,
          "headers": {
            "Content-Type": "application/json"
          },
          "credentials": {
            "type": "anonymous"
          },
          "maxInMemoryBufferSizeInKb": 256
        },
        "additionalInfo": {
          "description": "",
          "layoutX": 1121,
          "layoutY": 460
        }
      }
    ],
    "connections": [
      {
        "fromIndex": 0,
        "toIndex": 2,
        "type": "True"
      },
      {
        "fromIndex": 0,
        "toIndex": 3,
        "type": "False"
      },
      {
        "fromIndex": 1,
        "toIndex": 12,
        "type": "Failure"
      },
      {
        "fromIndex": 1,
        "toIndex": 12,
        "type": "Success"
      },
      {
        "fromIndex": 2,
        "toIndex": 1,
        "type": "Failure"
      },
      {
        "fromIndex": 2,
        "toIndex": 1,
        "type": "Success"
      },
      {
        "fromIndex": 3,
        "toIndex": 4,
        "type": "True"
      },
      {
        "fromIndex": 3,
        "toIndex": 6,
        "type": "False"
      },
      {
        "fromIndex": 4,
        "toIndex": 5,
        "type": "Failure"
      },
      {
        "fromIndex": 4,
        "toIndex": 5,
        "type": "Success"
      },
      {
        "fromIndex": 5,
        "toIndex": 12,
        "type": "Failure"
      },
      {
        "fromIndex": 5,
        "toIndex": 12,
        "type": "Success"
      },
      {
        "fromIndex": 6,
        "toIndex": 7,
        "type": "True"
      },
      {
        "fromIndex": 6,
        "toIndex": 9,
        "type": "False"
      },
      {
        "fromIndex": 7,
        "toIndex": 8,
        "type": "Failure"
      },
      {
        "fromIndex": 7,
        "toIndex": 8,
        "type": "Success"
      },
      {
        "fromIndex": 8,
        "toIndex": 12,
        "type": "Failure"
      },
      {
        "fromIndex": 8,
        "toIndex": 12,
        "type": "Success"
      },
      {
        "fromIndex": 9,
        "toIndex": 10,
        "type": "True"
      },
      {
        "fromIndex": 9,
        "toIndex": 13,
        "type": "False"
      },
      {
        "fromIndex": 10,
        "toIndex": 11,
        "type": "Failure"
      },
      {
        "fromIndex": 10,
        "toIndex": 11,
        "type": "Success"
      },
      {
        "fromIndex": 11,
        "toIndex": 12,
        "type": "Failure"
      },
      {
        "fromIndex": 11,
        "toIndex": 12,
        "type": "Success"
      },
      {
        "fromIndex": 12,
        "toIndex": 16,
        "type": "Success"
      },
      {
        "fromIndex": 13,
        "toIndex": 14,
        "type": "True"
      },
      {
        "fromIndex": 14,
        "toIndex": 15,
        "type": "Failure"
      },
      {
        "fromIndex": 14,
        "toIndex": 15,
        "type": "Success"
      },
      {
        "fromIndex": 15,
        "toIndex": 12,
        "type": "Failure"
      },
      {
        "fromIndex": 15,
        "toIndex": 12,
        "type": "Success"
      }
    ],
    "ruleChainConnections": null
  }
}