{
  "ruleChain": {
    "name": "Root Rule Chain Filter Example",
    "type": "CORE",
    "firstRuleNodeId": null,
    "root": false,
    "debugMode": false,
    "configuration": null,
    "additionalInfo": {
      "description": ""
    }
  },
  "metadata": {
    "version": 2,
    "firstNodeIndex": 5,
    "nodes": [
      {
        "type": "org.thingsboard.rule.engine.telemetry.TbMsgAttributesNode",
        "name": "Save Client Attributes",
        "debugSettings": null,
        "singletonMode": false,
        "queueName": null,
        "configurationVersion": 2,
        "configuration": {
          "scope": "CLIENT_SCOPE",
          "notifyDevice": false,
          "sendAttributesUpdatedNotification": false,
          "updateAttributesOnlyOnValueChange": true
        },
        "additionalInfo": {
          "layoutX": 825,
          "layoutY": 52
        }
      },
      {
        "type": "org.thingsboard.rule.engine.filter.TbMsgTypeSwitchNode",
        "name": "Message Type Switch",
        "debugSettings": {
          "failuresEnabled": true,
          "allEnabled": false,
          "allEnabledUntil": 1745200392091
        },
        "singletonMode": false,
        "queueName": null,
        "configurationVersion": 0,
        "configuration": {
          "version": 0
        },
        "additionalInfo": {
          "description": null,
          "layoutX": 347,
          "layoutY": 149
        }
      },
      {
        "type": "org.thingsboard.rule.engine.action.TbLogNode",
        "name": "Log RPC from Device",
        "debugSettings": null,
        "singletonMode": false,
        "queueName": null,
        "configurationVersion": 0,
        "configuration": {
          "scriptLang": "TBEL",
          "jsScript": "return '\\nIncoming message:\\n' + JSON.stringify(msg) + '\\nIncoming metadata:\\n' + JSON.stringify(metadata);",
          "tbelScript": "return '\\nIncoming message:\\n' + JSON.stringify(msg) + '\\nIncoming metadata:\\n' + JSON.stringify(metadata);"
        },
        "additionalInfo": {
          "layoutX": 825,
          "layoutY": 266
        }
      },
      {
        "type": "org.thingsboard.rule.engine.action.TbLogNode",
        "name": "Log Other",
        "debugSettings": null,
        "singletonMode": false,
        "queueName": null,
        "configurationVersion": 0,
        "configuration": {
          "scriptLang": "TBEL",
          "jsScript": "return '\\nIncoming message:\\n' + JSON.stringify(msg) + '\\nIncoming metadata:\\n' + JSON.stringify(metadata);",
          "tbelScript": "return '\\nIncoming message:\\n' + JSON.stringify(msg) + '\\nIncoming metadata:\\n' + JSON.stringify(metadata);"
        },
        "additionalInfo": {
          "layoutX": 825,
          "layoutY": 379
        }
      },
      {
        "type": "org.thingsboard.rule.engine.rpc.TbSendRPCRequestNode",
        "name": "RPC Call Request",
        "debugSettings": null,
        "singletonMode": false,
        "queueName": null,
        "configurationVersion": 0,
        "configuration": {
          "timeoutInSeconds": 60
        },
        "additionalInfo": {
          "layoutX": 825,
          "layoutY": 468
        }
      },
      {
        "type": "org.thingsboard.rule.engine.profile.TbDeviceProfileNode",
        "name": "Device Profile Node",
        "debugSettings": null,
        "singletonMode": false,
        "queueName": null,
        "configurationVersion": 1,
        "configuration": {
          "persistAlarmRulesState": false,
          "fetchAlarmRulesStateOnStart": false
        },
        "additionalInfo": {
          "description": "Process incoming messages from devices with the alarm rules defined in the device profile. Dispatch all incoming messages with \"Success\" relation type.",
          "layoutX": 204,
          "layoutY": 240
        }
      },
      {
        "type": "org.thingsboard.rule.engine.transform.TbTransformMsgNode",
        "name": "Conversion",
        "debugSettings": {
          "failuresEnabled": true,
          "allEnabled": false,
          "allEnabledUntil": 1745200392091
        },
        "singletonMode": false,
        "queueName": null,
        "configurationVersion": 0,
        "configuration": {
          "scriptLang": "JS",
          "jsScript": "if (typeof msg.energy1 !== 'undefined') {\n    msg[\"Energy 1 (kWh)\"] = parseInt(msg.energy1);\n}\nif (typeof msg.pwr1 !== 'undefined') {\n    msg[\"Total Power 1 (kW)\"] = parseInt(msg.pwr1)/1000;\n}\nif (typeof msg.pf1 !== 'undefined') {\n    msg[\"Power Factor 1\"] = parseInt(msg.pf1)/1000;\n}\nif (typeof msg.md1 !== 'undefined') {\n    msg[\"Max Total Demand Power 1 (kW)\"] = parseInt(msg.md1)/1000;\n}\n\nif (typeof msg[\"volt1-1\"] !== 'undefined') {\n    msg[\"Voltage 1-1 (V)\"] = parseInt(msg[\"volt1-1\"])/10;\n}\nif (typeof msg[\"volt1-2\"] !== 'undefined') {\n    msg[\"Voltage 1-2 (V)\"] = parseInt(msg[\"volt1-2\"])/10;\n}\nif (typeof msg[\"volt1-2\"] !== 'undefined') {\n    msg[\"Voltage 1-3 (V)\"] = parseInt(msg[\"volt1-3\"])/10;\n}\n\nif (typeof msg[\"amp1-1\"] !== 'undefined') {\n    msg[\"Current 1-1 (A)\"] = parseInt(msg[\"amp1-1\"])/1000;\n}\nif (typeof msg[\"amp1-2\"] !== 'undefined') {\n    msg[\"Current 1-2 (A)\"] = parseInt(msg[\"amp1-2\"])/1000;\n}\nif (typeof msg[\"amp1-3\"] !== 'undefined') {\n    msg[\"Current 1-3 (A)\"] = parseInt(msg[\"amp1-3\"])/1000;\n}\nif (typeof msg[\"pow1-1\"] !== 'undefined') {\n    msg[\"Power 1-1 (kW)\"] = parseInt(msg[\"pow1-1\"])/1000;\n}\nif (typeof msg[\"pow1-2\"] !== 'undefined') {\n    msg[\"Power 1-2 (kW)\"] = parseInt(msg[\"pow1-2\"])/1000;\n}\nif (typeof msg[\"pow1-3\"] !== 'undefined') {\n    msg[\"Power 1-3 (kW)\"] = parseInt(msg[\"pow1-3\"])/1000;\n}\n\nif (typeof msg.energy2 !== 'undefined') {\n    msg[\"Energy 2 (kWh)\"] = parseInt(msg.energy2);\n}\nif (typeof msg.pwr2 !== 'undefined') {\n    msg[\"Total Power 2 (kW)\"] = parseInt(msg.pwr2)/1000;\n}\nif (typeof msg.pf2 !== 'undefined') {\n    msg[\"Power Factor 2\"] = parseInt(msg.pf2)/1000;\n}\nif (typeof msg.md2 !== 'undefined') {\n    msg[\"Max Total Demand Power 2 (kW)\"] = parseInt(msg.md2)/1000;\n}\nif (typeof msg[\"volt2-1\"] !== 'undefined') {\n    msg[\"Voltage 2-1 (V)\"] = parseInt(msg[\"volt2-1\"])/10;\n}\nif (typeof msg[\"volt2-2\"] !== 'undefined') {\n    msg[\"Voltage 2-2 (V)\"] = parseInt(msg[\"volt2-2\"])/10;\n}\nif (typeof msg[\"volt2-3\"] !== 'undefined') {\n    msg[\"Voltage 2-3 (V)\"] = parseInt(msg[\"volt2-3\"])/10;\n}\nif (typeof msg[\"amp2-1\"] !== 'undefined') {\n    msg[\"Current 2-1 (A)\"] = parseInt(msg[\"amp2-1\"])/1000;\n}\nif (typeof msg[\"amp2-2\"] !== 'undefined') {\n    msg[\"Current 2-2 (A)\"] = parseInt(msg[\"amp2-2\"])/1000;\n}\nif (typeof msg[\"amp2-3\"] !== 'undefined') {\n    msg[\"Current 2-3 (A)\"] = parseInt(msg[\"amp2-3\"])/1000;\n}\nif (typeof msg[\"pow2-1\"] !== 'undefined') {\n    msg[\"Power 2-1 (kW)\"] = parseInt(msg[\"pow2-1\"])/1000;\n}\nif (typeof msg[\"pow2-2\"] !== 'undefined') {\n    msg[\"Power 2-2 (kW)\"] = parseInt(msg[\"pow2-2\"])/1000;\n}\nif (typeof msg[\"pow2-3\"] !== 'undefined') {\n    msg[\"Power 2-3 (kW)\"] = parseInt(msg[\"pow2-3\"])/1000;\n}\n\nif (typeof msg.energy3 !== 'undefined') {\n    msg[\"Energy 3 (kWh)\"] = parseInt(msg.energy3);\n}\nif (typeof msg.pwr3 !== 'undefined') {\n    msg[\"Total Power 3 (kW)\"] = parseInt(msg.pwr3)/1000;\n}\nif (typeof msg.pf3 !== 'undefined') {\n    msg[\"Power Factor 3\"] = parseInt(msg.pf3)/1000;\n}\nif (typeof msg.md3 !== 'undefined') {\n    msg[\"Max Total Demand Power 3 (kW)\"] = parseInt(msg.md3)/1000;\n}\nif (typeof msg[\"volt3-1\"] !== 'undefined') {\n    msg[\"Voltage 3-1 (V)\"] = parseInt(msg[\"volt3-1\"])/10;\n}\nif (typeof msg[\"volt3-2\"] !== 'undefined') {\n    msg[\"Voltage 3-2 (V)\"] = parseInt(msg[\"volt3-2\"])/10;\n}\nif (typeof msg[\"volt3-3\"] !== 'undefined') {\n    msg[\"Voltage 3-3 (V)\"] = parseInt(msg[\"volt3-3\"])/10;\n}\nif (typeof msg[\"amp3-1\"] !== 'undefined') {\n    msg[\"Current 3-1 (A)\"] = parseInt(msg[\"amp3-1\"])/1000;\n}\nif (typeof msg[\"amp3-2\"] !== 'undefined') {\n    msg[\"Current 3-2 (A)\"] = parseInt(msg[\"amp3-2\"])/1000;\n}\nif (typeof msg[\"amp3-3\"] !== 'undefined') {\n    msg[\"Current 3-3 (A)\"] = parseInt(msg[\"amp3-3\"])/1000;\n}\nif (typeof msg[\"pow3-1\"] !== 'undefined') {\n    msg[\"Power 3-1 (kW)\"] = parseInt(msg[\"pow3-1\"])/1000;\n}\nif (typeof msg[\"pow3-2\"] !== 'undefined') {\n    msg[\"Power 3-2 (kW)\"] = parseInt(msg[\"pow3-2\"])/1000;\n}\nif (typeof msg[\"pow3-3\"] !== 'undefined') {\n    msg[\"Power 3-3 (kW)\"] = parseInt(msg[\"pow3-3\"])/1000;\n}\n\nreturn {msg: msg, metadata: metadata, msgType: msgType};",
          "tbelScript": ""
        },
        "additionalInfo": {
          "description": "",
          "layoutX": 765,
          "layoutY": 149
        }
      },
      {
        "type": "org.thingsboard.rule.engine.rest.TbRestApiCallNode",
        "name": "Send to SCM",
        "debugSettings": {
          "failuresEnabled": true,
          "allEnabled": false,
          "allEnabledUntil": 1745200392091
        },
        "singletonMode": false,
        "queueName": null,
        "configurationVersion": 3,
        "configuration": {
          "restEndpointUrlPattern": "https://scmboard.com/api/v1/${deviceName}/telemetry",
          "requestMethod": "POST",
          "useSimpleClientHttpFactory": false,
          "parseToPlainText": false,
          "ignoreRequestBody": false,
          "enableProxy": false,
          "useSystemProxyProperties": false,
          "proxyScheme": null,
          "proxyHost": null,
          "proxyPort": 0,
          "proxyUser": null,
          "proxyPassword": null,
          "readTimeoutMs": 0,
          "maxParallelRequestsCount": 0,
          "headers": {
            "Content-Type": "application/json"
          },
          "credentials": {
            "type": "anonymous"
          },
          "maxInMemoryBufferSizeInKb": 256
        },
        "additionalInfo": {
          "description": "",
          "layoutX": 2288,
          "layoutY": 152
        }
      },
      {
        "type": "org.thingsboard.rule.engine.metadata.TbGetTelemetryNode",
        "name": "Get Previous Telemetry",
        "debugSettings": {
          "failuresEnabled": true,
          "allEnabled": false,
          "allEnabledUntil": 1745200392091
        },
        "singletonMode": false,
        "queueName": null,
        "configurationVersion": 2,
        "configuration": {
          "latestTsKeyNames": [
            "Power Factor 1",
            "Power Factor 2",
            "Power Factor 3",
            "Energy 1 (kWh)",
            "Energy 2 (kWh)",
            "Energy 3 (kWh)",
            "Total Power 1 (kW)",
            "Total Power 2 (kW)",
            "Total Power 3 (kW)",
            "Voltage 1-1 (V)",
            "Voltage 1-2 (V)",
            "Voltage 1-3 (V)",
            "Current 1-1 (A)",
            "Current 1-2 (A)",
            "Current 1-3 (A)",
            "Voltage 2-1 (V)",
            "Voltage 2-2 (V)",
            "Voltage 2-3 (V)",
            "Voltage 3-1 (V)",
            "Voltage 3-2 (V)",
            "Voltage 3-3 (V)",
            "Current 2-1 (A)",
            "Current 2-2 (A)",
            "Current 2-3 (A)",
            "Current 3-1 (A)",
            "Current 3-2 (A)",
            "Current 3-3 (A)",
            "Max Total Demand Power 1 (kW)",
            "Max Total Demand Power 2 (kW)",
            "Max Total Demand Power 3 (kW)"
          ],
          "aggregation": "NONE",
          "fetchMode": "LAST",
          "orderBy": "DESC",
          "limit": 1000,
          "useMetadataIntervalPatterns": false,
          "startIntervalPattern": "",
          "endIntervalPattern": "",
          "startInterval": 1,
          "startIntervalTimeUnit": "DAYS",
          "endInterval": 30,
          "endIntervalTimeUnit": "SECONDS"
        },
        "additionalInfo": {
          "description": "",
          "layoutX": 1346,
          "layoutY": 149
        }
      },
      {
        "type": "org.thingsboard.rule.engine.transform.TbTransformMsgNode",
        "name": "Filter Telemetry",
        "debugSettings": {
          "failuresEnabled": true,
          "allEnabled": false,
          "allEnabledUntil": 1745200392091
        },
        "singletonMode": false,
        "queueName": null,
        "configurationVersion": 0,
        "configuration": {
          "scriptLang": "JS",
          "jsScript": "if (typeof msg[\"Energy 1 (kWh)\"] !== undefined) {\r\n    if(msg[\"Energy 1 (kWh)\"] > 10000000) {\r\n        msg[\"Energy 1 (kWh)\"] = parseFloat(JSON.parse(metadata[\"Energy 1 (kWh)\"]));\r\n    }\r\n}\r\n\r\nif (typeof msg[\"Energy 2 (kWh)\"] !== undefined) {\r\n    if(msg[\"Energy 2 (kWh)\"] > 10000000) {\r\n        msg[\"Energy 2 (kWh)\"] = parseFloat(JSON.parse(metadata[\"Energy 2 (kWh)\"]));\r\n    }\r\n}\r\n\r\nif (typeof msg[\"Energy 3 (kWh)\"] !== undefined) {\r\n    if(msg[\"Energy 3 (kWh)\"] > 10000000) {\r\n        msg[\"Energy 3 (kWh)\"] = parseFloat(JSON.parse(metadata[\"Energy 3 (kWh)\"]));\r\n    }\r\n}\r\n\r\nif (typeof msg[\"Total Power 1 (kW)\"] !== undefined) {\r\n    if(msg[\"Total Power 1 (kW)\"] > 500) {\r\n        msg[\"Total Power 1 (kW)\"] = parseFloat(JSON.parse(metadata[\"Total Power 1 (kW)\"]));\r\n    }\r\n}\r\n\r\nif (typeof msg[\"Total Power 2 (kW)\"] !== undefined) {\r\n    if(msg[\"Total Power 2 (kW)\"] > 500) {\r\n        msg[\"Total Power 2 (kW)\"] = parseFloat(JSON.parse(metadata[\"Total Power 2 (kW)\"]));\r\n    }\r\n}\r\n\r\nif (typeof msg[\"Total Power 3 (kW)\"] !== undefined) {\r\n    if(msg[\"Total Power 3 (kW)\"] > 500) {\r\n        msg[\"Total Power 3 (kW)\"] = parseFloat(JSON.parse(metadata[\"Total Power 3 (kW)\"]));\r\n    }\r\n}\r\n\r\nif (typeof msg[\"Max Total Demand Power 1 (kW)\"] !== undefined) {\r\n    if(msg[\"Max Total Demand Power 1 (kW)\"] > 3000) {\r\n        msg[\"Max Total Demand Power 1 (kW)\"] = parseFloat(JSON.parse(metadata[\"Max Total Demand Power 1 (kW)\"]));\r\n    }\r\n}\r\n\r\nif (typeof msg[\"Max Total Demand Power 2 (kW)\"] !== undefined) {\r\n    if(msg[\"Max Total Demand Power 2 (kW)\"] > 3000) {\r\n        msg[\"Max Total Demand Power 2 (kW)\"] = parseFloat(JSON.parse(metadata[\"Max Total Demand Power 2 (kW)\"]));\r\n    }\r\n}\r\n\r\nif (typeof msg[\"Max Total Demand Power 3 (kW)\"] !== undefined) {\r\n    if(msg[\"Max Total Demand Power 3 (kW)\"] > 3000) {\r\n        msg[\"Max Total Demand Power 3 (kW)\"] = parseFloat(JSON.parse(metadata[\"Max Total Demand Power 3 (kW)\"]));\r\n    }\r\n}\r\n\r\nif (typeof msg[\"Voltage 1-1 (V)\"] !== undefined) {\r\n    if(msg[\"Voltage 1-1 (V)\"] < 200 || msg[\"Voltage 1-1 (V)\"] > 300) {\r\n        msg[\"Voltage 1-1 (V)\"] = parseFloat(JSON.parse(metadata[\"Voltage 1-1 (V)\"]));\r\n    }\r\n}\r\n\r\nif (typeof msg[\"Voltage 1-2 (V)\"] !== undefined) {\r\n    if(msg[\"Voltage 1-2 (V)\"] < 200 || msg[\"Voltage 1-2 (V)\"] > 300) {\r\n        msg[\"Voltage 1-2 (V)\"] = parseFloat(JSON.parse(metadata[\"Voltage 1-2 (V)\"]));\r\n    }\r\n}\r\n\r\nif (typeof msg[\"Voltage 1-3 (V)\"] !== undefined) {\r\n    if(msg[\"Voltage 1-3 (V)\"] < 200 || msg[\"Voltage 1-3 (V)\"] > 300) {\r\n        msg[\"Voltage 1-3 (V)\"] = parseFloat(JSON.parse(metadata[\"Voltage 1-3 (V)\"]));\r\n    }\r\n}\r\n\r\nif (typeof msg[\"Voltage 2-1 (V)\"] !== undefined) {\r\n    if(msg[\"Voltage 2-1 (V)\"] < 200 || msg[\"Voltage 2-1 (V)\"] > 300) {\r\n        msg[\"Voltage 2-1 (V)\"] = parseFloat(JSON.parse(metadata[\"Voltage 2-1 (V)\"]));\r\n    }\r\n}\r\n\r\nif (typeof msg[\"Voltage 2-2 (V)\"] !== undefined) {\r\n    if(msg[\"Voltage 2-2 (V)\"] < 200 || msg[\"Voltage 2-2 (V)\"] > 300) {\r\n        msg[\"Voltage 2-2 (V)\"] = parseFloat(JSON.parse(metadata[\"Voltage 2-2 (V)\"]));\r\n    }\r\n}\r\n\r\nif (typeof msg[\"Voltage 2-3 (V)\"] !== undefined) {\r\n    if(msg[\"Voltage 2-3 (V)\"] < 200 || msg[\"Voltage 2-3 (V)\"] > 300) {\r\n        msg[\"Voltage 2-3 (V)\"] = parseFloat(JSON.parse(metadata[\"Voltage 2-3 (V)\"]));\r\n    }\r\n}\r\n\r\nif (typeof msg[\"Voltage 3-1 (V)\"] !== undefined) {\r\n    if(msg[\"Voltage 3-1 (V)\"] < 200 || msg[\"Voltage 3-1 (V)\"] > 300) {\r\n        msg[\"Voltage 3-1 (V)\"] = parseFloat(JSON.parse(metadata[\"Voltage 3-1 (V)\"]));\r\n    }\r\n}\r\n\r\nif (typeof msg[\"Voltage 3-2 (V)\"] !== undefined) {\r\n    if(msg[\"Voltage 3-2 (V)\"] < 200 || msg[\"Voltage 3-2 (V)\"] > 300) {\r\n        msg[\"Voltage 3-2 (V)\"] = parseFloat(JSON.parse(metadata[\"Voltage 3-2 (V)\"]));\r\n    }\r\n}\r\n\r\nif (typeof msg[\"Voltage 3-3 (V)\"] !== undefined) {\r\n    if(msg[\"Voltage 3-3 (V)\"] < 200 || msg[\"Voltage 3-3 (V)\"] > 300) {\r\n        msg[\"Voltage 3-3 (V)\"] = parseFloat(JSON.parse(metadata[\"Voltage 3-3 (V)\"]));\r\n    }\r\n}\r\n\r\nif (typeof msg[\"Voltage 1-1 (V)\"] !== 'undefined' && typeof msg[\"Voltage 1-2 (V)\"] !== 'undefined' && typeof msg[\"Voltage 1-3 (V)\"] !== 'undefined') {\r\n    msg[\"Voltage 1 (V)\"] = (msg[\"Voltage 1-1 (V)\"] + msg[\"Voltage 1-2 (V)\"] + msg[\"Voltage 1-3 (V)\"])/3;\r\n}\r\n\r\nif (typeof msg[\"Voltage 2-1 (V)\"] !== 'undefined' && typeof msg[\"Voltage 2-2 (V)\"] !== 'undefined' && typeof msg[\"Voltage 2-3 (V)\"] !== 'undefined') {\r\n    msg[\"Voltage 2 (V)\"] = (msg[\"Voltage 2-1 (V)\"] + msg[\"Voltage 2-2 (V)\"] + msg[\"Voltage 2-3 (V)\"])/3;\r\n}\r\n\r\nif (typeof msg[\"Voltage 3-1 (V)\"] !== 'undefined' && typeof msg[\"Voltage 3-2 (V)\"] !== 'undefined' && typeof msg[\"Voltage 3-3 (V)\"] !== 'undefined') {\r\n    msg[\"Voltage 3 (V)\"] = (msg[\"Voltage 3-1 (V)\"] + msg[\"Voltage 3-2 (V)\"] + msg[\"Voltage 3-3 (V)\"])/3;\r\n}\r\n\r\nif (typeof msg[\"Current 1-1 (A)\"] !== undefined) {\r\n    if(msg[\"Current 1-1 (A)\"] > 600) {\r\n        msg[\"Current 1-1 (A)\"] = parseFloat(JSON.parse(metadata[\"Current 1-1 (A)\"]));\r\n    }\r\n}\r\n\r\nif (typeof msg[\"Current 1-2 (A)\"] !== undefined) {\r\n    if(msg[\"Current 1-2 (A)\"] > 600) {\r\n        msg[\"Current 1-2 (A)\"] = parseFloat(JSON.parse(metadata[\"Current 1-2 (A)\"]));\r\n    }\r\n}\r\n\r\nif (typeof msg[\"Current 1-3 (A)\"] !== undefined) {\r\n    if(msg[\"Current 1-3 (A)\"] > 600) {\r\n        msg[\"Current 1-3 (A)\"] = parseFloat(JSON.parse(metadata[\"Current 1-3 (A)\"]));\r\n    }\r\n}\r\n\r\nif (typeof msg[\"Current 2-1 (A)\"] !== undefined) {\r\n    if(msg[\"Current 2-1 (A)\"] > 600) {\r\n        msg[\"Current 2-1 (A)\"] = parseFloat(JSON.parse(metadata[\"Current 2-1 (A)\"]));\r\n    }\r\n}\r\n\r\nif (typeof msg[\"Current 2-2 (A)\"] !== undefined) {\r\n    if(msg[\"Current 2-2 (A)\"] > 600) {\r\n        msg[\"Current 2-2 (A)\"] = parseFloat(JSON.parse(metadata[\"Current 2-2 (A)\"]));\r\n    }\r\n}\r\n\r\nif (typeof msg[\"Current 2-3 (A)\"] !== undefined) {\r\n    if(msg[\"Current 2-3 (A)\"] > 600) {\r\n        msg[\"Current 2-3 (A)\"] = parseFloat(JSON.parse(metadata[\"Current 2-3 (A)\"]));\r\n    }\r\n}\r\n\r\nif (typeof msg[\"Current 3-1 (A)\"] !== undefined) {\r\n    if(msg[\"Current 3-1 (A)\"] > 600) {\r\n        msg[\"Current 3-1 (A)\"] = parseFloat(JSON.parse(metadata[\"Current 3-1 (A)\"]));\r\n    }\r\n}\r\n\r\nif (typeof msg[\"Current 3-2 (A)\"] !== undefined) {\r\n    if(msg[\"Current 3-2 (A)\"] > 600) {\r\n        msg[\"Current 3-2 (A)\"] = parseFloat(JSON.parse(metadata[\"Current 3-2 (A)\"]));\r\n    }\r\n}\r\n\r\nif (typeof msg[\"Current 3-3 (A)\"] !== undefined) {\r\n    if(msg[\"Current 3-3 (A)\"] > 600) {\r\n        msg[\"Current 3-3 (A)\"] = parseFloat(JSON.parse(metadata[\"Current 3-3 (A)\"]));\r\n    }\r\n}\r\n\r\nif (typeof msg[\"Current 1-1 (A)\"] !== 'undefined' && typeof msg[\"Current 1-2 (A)\"] !== 'undefined' && typeof msg[\"Current 1-3 (A)\"] !== 'undefined') {\r\n    msg[\"Current 1 (A)\"] = (msg[\"Current 1-1 (A)\"] + msg[\"Current 1-2 (A)\"] + msg[\"Current 1-3 (A)\"])/3;\r\n}\r\n\r\nif (typeof msg[\"Current 2-1 (A)\"] !== 'undefined' && typeof msg[\"Current 2-2 (A)\"] !== 'undefined' && typeof msg[\"Current 2-3 (A)\"] !== 'undefined') {\r\n    msg[\"Current 2 (A)\"] = (msg[\"Current 2-1 (A)\"] + msg[\"Current 2-2 (A)\"] + msg[\"Current 2-3 (A)\"])/3;\r\n}\r\n\r\nif (typeof msg[\"Current 3-1 (A)\"] !== 'undefined' && typeof msg[\"Current 3-2 (A)\"] !== 'undefined' && typeof msg[\"Current 3-3 (A)\"] !== 'undefined') {\r\n    msg[\"Current 3 (A)\"] = (msg[\"Current 3-1 (A)\"] + msg[\"Current 3-2 (A)\"] + msg[\"Current 3-3 (A)\"])/3;\r\n}\r\n\r\nif (typeof msg[\"Power Factor 1\"] !== undefined) {\r\n    if(msg[\"Power Factor 1\"] < 0 || msg[\"Power Factor 1\"] > 1) {\r\n        msg[\"Power Factor 1\"] = parseFloat(JSON.parse(metadata[\"Power Factor 1\"]));\r\n    }\r\n}\r\n\r\nif (typeof msg[\"Power Factor 2\"] !== undefined) {\r\n    if(msg[\"Power Factor 2\"] < 0 || msg[\"Power Factor 2\"] > 1) {\r\n        msg[\"Power Factor 2\"] = parseFloat(JSON.parse(metadata[\"Power Factor 2\"]));\r\n    }\r\n}\r\n\r\nif (typeof msg[\"Power Factor 3\"] !== undefined) {\r\n    if(msg[\"Power Factor 3\"] < 0 || msg[\"Power Factor 3\"] > 1) {\r\n        msg[\"Power Factor 3\"] = parseFloat(JSON.parse(metadata[\"Power Factor 3\"]));\r\n    }\r\n}\r\n\r\nreturn {msg: msg, metadata: metadata, msgType: msgType};",
          "tbelScript": "return {msg: msg, metadata: metadata, msgType: msgType};"
        },
        "additionalInfo": {
          "description": "",
          "layoutX": 1647,
          "layoutY": 151
        }
      },
      {
        "type": "org.thingsboard.rule.engine.telemetry.TbMsgTimeseriesNode",
        "name": "Save Filtered Telemetry",
        "debugSettings": {
          "failuresEnabled": true,
          "allEnabled": false,
          "allEnabledUntil": 1745200392091
        },
        "singletonMode": false,
        "queueName": null,
        "configurationVersion": 0,
        "configuration": {
          "defaultTTL": 0,
          "skipLatestPersistence": false,
          "useServerTs": false
        },
        "additionalInfo": {
          "description": "",
          "layoutX": 1970,
          "layoutY": 152
        }
      },
      {
        "type": "org.thingsboard.rule.engine.filter.TbJsFilterNode",
        "name": "Is Initial Attributes?",
        "debugSettings": {
          "failuresEnabled": true,
          "allEnabled": false,
          "allEnabledUntil": 1745200392091
        },
        "singletonMode": false,
        "queueName": null,
        "configurationVersion": 0,
        "configuration": {
          "scriptLang": "JS",
          "jsScript": "if(typeof msg.Init !== undefined) {\n    return msg.Init > 0;\n}\n\nreturn false;",
          "tbelScript": "return msg.temperature > 20;"
        },
        "additionalInfo": {
          "description": "",
          "layoutX": 1089,
          "layoutY": 52
        }
      },
      {
        "type": "org.thingsboard.rule.engine.transform.TbTransformMsgNode",
        "name": "Set Timestamp",
        "debugSettings": {
          "failuresEnabled": true,
          "allEnabled": false,
          "allEnabledUntil": 1745200392091
        },
        "singletonMode": false,
        "queueName": null,
        "configurationVersion": 0,
        "configuration": {
          "scriptLang": "JS",
          "jsScript": "var today = new Date();\nvar gmtTime = today.getTime();\nvar localOffset = (-1) * today.getTimezoneOffset() * 60000;\nvar localTime = Math.round(new Date(gmtTime+localOffset).getTime() / 1000);\n\nreturn {msg: {\"setTimestamp\": localTime}, metadata: metadata, msgType: msgType};",
          "tbelScript": "return {msg: msg, metadata: metadata, msgType: msgType};"
        },
        "additionalInfo": {
          "description": "",
          "layoutX": 1408,
          "layoutY": 53
        }
      },
      {
        "type": "org.thingsboard.rule.engine.telemetry.TbMsgAttributesNode",
        "name": "Save Shared Attributes",
        "debugSettings": {
          "failuresEnabled": true,
          "allEnabled": false,
          "allEnabledUntil": 1745200392091
        },
        "singletonMode": false,
        "queueName": null,
        "configurationVersion": 2,
        "configuration": {
          "scope": "SHARED_SCOPE",
          "notifyDevice": true,
          "sendAttributesUpdatedNotification": false,
          "updateAttributesOnlyOnValueChange": false
        },
        "additionalInfo": {
          "description": "",
          "layoutX": 1722,
          "layoutY": 55
        }
      },
      {
        "type": "org.thingsboard.rule.engine.telemetry.TbMsgTimeseriesNode",
        "name": "Save Telemetry",
        "debugSettings": null,
        "singletonMode": false,
        "queueName": null,
        "configurationVersion": 0,
        "configuration": {
          "defaultTTL": 0,
          "skipLatestPersistence": false,
          "useServerTs": false
        },
        "additionalInfo": {
          "description": "",
          "layoutX": 1069,
          "layoutY": 151
        }
      },
      {
        "type": "org.thingsboard.rule.engine.rest.TbRestApiCallNode",
        "name": "Send to cranes",
        "debugSettings": {
          "failuresEnabled": true,
          "allEnabled": false,
          "allEnabledUntil": 1745200392091
        },
        "singletonMode": false,
        "queueName": null,
        "configurationVersion": 3,
        "configuration": {
          "restEndpointUrlPattern": "https://cranes.asia/api/v1/${deviceName}/telemetry",
          "requestMethod": "POST",
          "useSimpleClientHttpFactory": false,
          "ignoreRequestBody": false,
          "enableProxy": false,
          "useSystemProxyProperties": false,
          "proxyScheme": null,
          "proxyHost": null,
          "proxyPort": 0,
          "proxyUser": null,
          "proxyPassword": null,
          "readTimeoutMs": 0,
          "maxParallelRequestsCount": 0,
          "headers": {
            "Content-Type": "application/json"
          },
          "credentials": {
            "type": "anonymous"
          },
          "parseToPlainText": false,
          "maxInMemoryBufferSizeInKb": 256
        },
        "additionalInfo": {
          "description": "",
          "layoutX": 2276,
          "layoutY": 237
        }
      }
    ],
    "connections": [
      {
        "fromIndex": 0,
        "toIndex": 11,
        "type": "Success"
      },
      {
        "fromIndex": 1,
        "toIndex": 0,
        "type": "Post attributes"
      },
      {
        "fromIndex": 1,
        "toIndex": 2,
        "type": "RPC Request from Device"
      },
      {
        "fromIndex": 1,
        "toIndex": 3,
        "type": "Other"
      },
      {
        "fromIndex": 1,
        "toIndex": 4,
        "type": "RPC Request to Device"
      },
      {
        "fromIndex": 1,
        "toIndex": 6,
        "type": "Post telemetry"
      },
      {
        "fromIndex": 5,
        "toIndex": 1,
        "type": "Success"
      },
      {
        "fromIndex": 6,
        "toIndex": 14,
        "type": "Success"
      },
      {
        "fromIndex": 8,
        "toIndex": 9,
        "type": "Success"
      },
      {
        "fromIndex": 9,
        "toIndex": 10,
        "type": "Success"
      },
      {
        "fromIndex": 10,
        "toIndex": 7,
        "type": "Success"
      },
      {
        "fromIndex": 10,
        "toIndex": 15,
        "type": "Success"
      },
      {
        "fromIndex": 11,
        "toIndex": 12,
        "type": "True"
      },
      {
        "fromIndex": 12,
        "toIndex": 13,
        "type": "Success"
      },
      {
        "fromIndex": 14,
        "toIndex": 8,
        "type": "Success"
      }
    ],
    "ruleChainConnections": null
  }
}